SET IGNORECASE 1;
SET REFERENTIAL_INTEGRITY FALSE;

insert into sakila.actor (actor_id, first_name, last_name, last_update) values (1, 'PENELOPE', 'GUINESS', '2006-02-15 04:34:33');
insert into sakila.actor (actor_id, first_name, last_name, last_update) values (2, 'NICK', 'WAHLBERG', '2006-02-15 04:34:33');
insert into sakila.film_actor (actor_id, film_id, last_update) values (1, 1, '2006-02-15 05:05:03');
insert into sakila.film_actor (actor_id, film_id, last_update) values (1, 23, '2006-02-15 05:05:03');
insert into sakila.film_actor (actor_id, film_id, last_update) values (1, 25, '2006-02-15 05:05:03');
insert into sakila.film_actor (actor_id, film_id, last_update) values (1, 106, '2006-02-15 05:05:03');
insert into sakila.film_actor (actor_id, film_id, last_update) values (1, 140, '2006-02-15 05:05:03');
insert into sakila.film_actor (actor_id, film_id, last_update) values (1, 166, '2006-02-15 05:05:03');
insert into sakila.film_actor (actor_id, film_id, last_update) values (1, 277, '2006-02-15 05:05:03');
insert into sakila.film_actor (actor_id, film_id, last_update) values (1, 361, '2006-02-15 05:05:03');
insert into sakila.film_actor (actor_id, film_id, last_update) values (1, 438, '2006-02-15 05:05:03');
insert into sakila.film_actor (actor_id, film_id, last_update) values (1, 499, '2006-02-15 05:05:03');
insert into sakila.film_actor (actor_id, film_id, last_update) values (1, 506, '2006-02-15 05:05:03');
insert into sakila.film_actor (actor_id, film_id, last_update) values (1, 509, '2006-02-15 05:05:03');
insert into sakila.film_actor (actor_id, film_id, last_update) values (1, 605, '2006-02-15 05:05:03');
insert into sakila.film_actor (actor_id, film_id, last_update) values (1, 635, '2006-02-15 05:05:03');
insert into sakila.film_actor (actor_id, film_id, last_update) values (1, 749, '2006-02-15 05:05:03');
insert into sakila.film_actor (actor_id, film_id, last_update) values (1, 832, '2006-02-15 05:05:03');
insert into sakila.film_actor (actor_id, film_id, last_update) values (1, 939, '2006-02-15 05:05:03');
insert into sakila.film_actor (actor_id, film_id, last_update) values (1, 970, '2006-02-15 05:05:03');
insert into sakila.film_actor (actor_id, film_id, last_update) values (1, 980, '2006-02-15 05:05:03');
insert into sakila.film_actor (actor_id, film_id, last_update) values (2, 3, '2006-02-15 05:05:03');
insert into sakila.film_actor (actor_id, film_id, last_update) values (2, 31, '2006-02-15 05:05:03');
insert into sakila.film_actor (actor_id, film_id, last_update) values (2, 47, '2006-02-15 05:05:03');
insert into sakila.film_actor (actor_id, film_id, last_update) values (2, 105, '2006-02-15 05:05:03');
insert into sakila.film_actor (actor_id, film_id, last_update) values (2, 132, '2006-02-15 05:05:03');
insert into sakila.film_actor (actor_id, film_id, last_update) values (2, 145, '2006-02-15 05:05:03');
insert into sakila.film_actor (actor_id, film_id, last_update) values (2, 226, '2006-02-15 05:05:03');
insert into sakila.film_actor (actor_id, film_id, last_update) values (2, 249, '2006-02-15 05:05:03');
insert into sakila.film_actor (actor_id, film_id, last_update) values (2, 314, '2006-02-15 05:05:03');
insert into sakila.film_actor (actor_id, film_id, last_update) values (2, 321, '2006-02-15 05:05:03');
insert into sakila.film_actor (actor_id, film_id, last_update) values (2, 357, '2006-02-15 05:05:03');
insert into sakila.film_actor (actor_id, film_id, last_update) values (2, 369, '2006-02-15 05:05:03');
insert into sakila.film_actor (actor_id, film_id, last_update) values (2, 399, '2006-02-15 05:05:03');
insert into sakila.film_actor (actor_id, film_id, last_update) values (2, 458, '2006-02-15 05:05:03');
insert into sakila.film_actor (actor_id, film_id, last_update) values (2, 481, '2006-02-15 05:05:03');
insert into sakila.film_actor (actor_id, film_id, last_update) values (2, 485, '2006-02-15 05:05:03');
insert into sakila.film_actor (actor_id, film_id, last_update) values (2, 518, '2006-02-15 05:05:03');
insert into sakila.film_actor (actor_id, film_id, last_update) values (2, 540, '2006-02-15 05:05:03');
insert into sakila.film_actor (actor_id, film_id, last_update) values (2, 550, '2006-02-15 05:05:03');
insert into sakila.film_actor (actor_id, film_id, last_update) values (2, 555, '2006-02-15 05:05:03');
insert into sakila.film_actor (actor_id, film_id, last_update) values (2, 561, '2006-02-15 05:05:03');
insert into sakila.film_actor (actor_id, film_id, last_update) values (2, 742, '2006-02-15 05:05:03');
insert into sakila.film_actor (actor_id, film_id, last_update) values (2, 754, '2006-02-15 05:05:03');
insert into sakila.film_actor (actor_id, film_id, last_update) values (2, 811, '2006-02-15 05:05:03');
insert into sakila.film_actor (actor_id, film_id, last_update) values (2, 958, '2006-02-15 05:05:03');
insert into sakila.film (film_id, title, description, release_year, language_id, original_language_id, rental_duration, rental_rate, length, replacement_cost, rating, special_features, last_update) values (1, 'ACADEMY DINOSAUR', 'A Epic Drama of a Feminist And a Mad Scientist who must Battle a Teacher in The Canadian Rockies', '2006-01-01', 1, null, 6, 0.99, 86, 20.99, 'PG', 'Deleted Scenes,Behind the Scenes', '2006-02-15 05:03:42');
insert into sakila.film (film_id, title, description, release_year, language_id, original_language_id, rental_duration, rental_rate, length, replacement_cost, rating, special_features, last_update) values (3, 'ADAPTATION HOLES', 'A Astounding Reflection of a Lumberjack And a Car who must Sink a Lumberjack in A Baloon Factory', '2006-01-01', 1, null, 7, 2.99, 50, 18.99, 'NC-17', 'Trailers,Deleted Scenes', '2006-02-15 05:03:42');
insert into sakila.film (film_id, title, description, release_year, language_id, original_language_id, rental_duration, rental_rate, length, replacement_cost, rating, special_features, last_update) values (23, 'ANACONDA CONFESSIONS', 'A Lacklusture Display of a Dentist And a Dentist who must Fight a Girl in Australia', '2006-01-01', 1, null, 3, 0.99, 92, 9.99, 'R', 'Trailers,Deleted Scenes', '2006-02-15 05:03:42');
insert into sakila.film (film_id, title, description, release_year, language_id, original_language_id, rental_duration, rental_rate, length, replacement_cost, rating, special_features, last_update) values (25, 'ANGELS LIFE', 'A Thoughtful Display of a Woman And a Astronaut who must Battle a Robot in Berlin', '2006-01-01', 1, null, 3, 2.99, 74, 15.99, 'G', 'Trailers', '2006-02-15 05:03:42');
insert into sakila.film (film_id, title, description, release_year, language_id, original_language_id, rental_duration, rental_rate, length, replacement_cost, rating, special_features, last_update) values (31, 'APACHE DIVINE', 'A Awe-Inspiring Reflection of a Pastry Chef And a Teacher who must Overcome a Sumo Wrestler in A U-Boat', '2006-01-01', 1, null, 5, 4.99, 92, 16.99, 'NC-17', 'Commentaries,Deleted Scenes,Behind the Scenes', '2006-02-15 05:03:42');
insert into sakila.film (film_id, title, description, release_year, language_id, original_language_id, rental_duration, rental_rate, length, replacement_cost, rating, special_features, last_update) values (47, 'BABY HALL', 'A Boring Character Study of a A Shark And a Girl who must Outrace a Feminist in An Abandoned Mine Shaft', '2006-01-01', 1, null, 5, 4.99, 153, 23.99, 'NC-17', 'Commentaries', '2006-02-15 05:03:42');
insert into sakila.film (film_id, title, description, release_year, language_id, original_language_id, rental_duration, rental_rate, length, replacement_cost, rating, special_features, last_update) values (105, 'BULL SHAWSHANK', 'A Fanciful Drama of a Moose And a Squirrel who must Conquer a Pioneer in The Canadian Rockies', '2006-01-01', 1, null, 6, 0.99, 125, 21.99, 'NC-17', 'Deleted Scenes', '2006-02-15 05:03:42');
insert into sakila.film (film_id, title, description, release_year, language_id, original_language_id, rental_duration, rental_rate, length, replacement_cost, rating, special_features, last_update) values (106, 'BULWORTH COMMANDMENTS', 'A Amazing Display of a Mad Cow And a Pioneer who must Redeem a Sumo Wrestler in The Outback', '2006-01-01', 1, null, 4, 2.99, 61, 14.99, 'G', 'Trailers', '2006-02-15 05:03:42');
insert into sakila.film (film_id, title, description, release_year, language_id, original_language_id, rental_duration, rental_rate, length, replacement_cost, rating, special_features, last_update) values (132, 'CHAINSAW UPTOWN', 'A Beautiful Documentary of a Boy And a Robot who must Discover a Squirrel in Australia', '2006-01-01', 1, null, 6, 0.99, 114, 25.99, 'PG', 'Deleted Scenes,Behind the Scenes', '2006-02-15 05:03:42');
insert into sakila.film (film_id, title, description, release_year, language_id, original_language_id, rental_duration, rental_rate, length, replacement_cost, rating, special_features, last_update) values (140, 'CHEAPER CLYDE', 'A Emotional Character Study of a Pioneer And a Girl who must Discover a Dog in Ancient Japan', '2006-01-01', 1, null, 6, 0.99, 87, 23.99, 'G', 'Trailers,Commentaries,Behind the Scenes', '2006-02-15 05:03:42');
insert into sakila.film (film_id, title, description, release_year, language_id, original_language_id, rental_duration, rental_rate, length, replacement_cost, rating, special_features, last_update) values (145, 'CHISUM BEHAVIOR', 'A Epic Documentary of a Sumo Wrestler And a Butler who must Kill a Car in Ancient India', '2006-01-01', 1, null, 5, 4.99, 124, 25.99, 'G', 'Trailers,Commentaries,Behind the Scenes', '2006-02-15 05:03:42');
insert into sakila.film (film_id, title, description, release_year, language_id, original_language_id, rental_duration, rental_rate, length, replacement_cost, rating, special_features, last_update) values (166, 'COLOR PHILADELPHIA', 'A Thoughtful Panorama of a Car And a Crocodile who must Sink a Monkey in The Sahara Desert', '2006-01-01', 1, null, 6, 2.99, 149, 19.99, 'G', 'Commentaries,Behind the Scenes', '2006-02-15 05:03:42');
insert into sakila.film (film_id, title, description, release_year, language_id, original_language_id, rental_duration, rental_rate, length, replacement_cost, rating, special_features, last_update) values (226, 'DESTINY SATURDAY', 'A Touching Drama of a Crocodile And a Crocodile who must Conquer a Explorer in Soviet Georgia', '2006-01-01', 1, null, 4, 4.99, 56, 20.99, 'G', 'Trailers,Commentaries,Behind the Scenes', '2006-02-15 05:03:42');
insert into sakila.film (film_id, title, description, release_year, language_id, original_language_id, rental_duration, rental_rate, length, replacement_cost, rating, special_features, last_update) values (249, 'DRACULA CRYSTAL', 'A Thrilling Reflection of a Feminist And a Cat who must Find a Frisbee in An Abandoned Fun House', '2006-01-01', 1, null, 7, 0.99, 176, 26.99, 'G', 'Commentaries', '2006-02-15 05:03:42');
insert into sakila.film (film_id, title, description, release_year, language_id, original_language_id, rental_duration, rental_rate, length, replacement_cost, rating, special_features, last_update) values (277, 'ELEPHANT TROJAN', 'A Beautiful Panorama of a Lumberjack And a Forensic Psychologist who must Overcome a Frisbee in A Baloon', '2006-01-01', 1, null, 4, 4.99, 126, 24.99, 'PG-13', 'Behind the Scenes', '2006-02-15 05:03:42');
insert into sakila.film (film_id, title, description, release_year, language_id, original_language_id, rental_duration, rental_rate, length, replacement_cost, rating, special_features, last_update) values (314, 'FIGHT JAWBREAKER', 'A Intrepid Panorama of a Womanizer And a Girl who must Escape a Girl in A Manhattan Penthouse', '2006-01-01', 1, null, 3, 0.99, 91, 13.99, 'R', 'Trailers,Commentaries,Deleted Scenes,Behind the Scenes', '2006-02-15 05:03:42');
insert into sakila.film (film_id, title, description, release_year, language_id, original_language_id, rental_duration, rental_rate, length, replacement_cost, rating, special_features, last_update) values (321, 'FLASH WARS', 'A Astounding Saga of a Moose And a Pastry Chef who must Chase a Student in The Gulf of Mexico', '2006-01-01', 1, null, 3, 4.99, 123, 21.99, 'NC-17', 'Trailers,Commentaries,Behind the Scenes', '2006-02-15 05:03:42');
insert into sakila.film (film_id, title, description, release_year, language_id, original_language_id, rental_duration, rental_rate, length, replacement_cost, rating, special_features, last_update) values (357, 'GILBERT PELICAN', 'A Fateful Tale of a Man And a Feminist who must Conquer a Crocodile in A Manhattan Penthouse', '2006-01-01', 1, null, 7, 0.99, 114, 13.99, 'G', 'Trailers,Commentaries', '2006-02-15 05:03:42');
insert into sakila.film (film_id, title, description, release_year, language_id, original_language_id, rental_duration, rental_rate, length, replacement_cost, rating, special_features, last_update) values (361, 'GLEAMING JAWBREAKER', 'A Amazing Display of a Composer And a Forensic Psychologist who must Discover a Car in The Canadian Rockies', '2006-01-01', 1, null, 5, 2.99, 89, 25.99, 'NC-17', 'Trailers,Commentaries', '2006-02-15 05:03:42');
insert into sakila.film (film_id, title, description, release_year, language_id, original_language_id, rental_duration, rental_rate, length, replacement_cost, rating, special_features, last_update) values (369, 'GOODFELLAS SALUTE', 'A Unbelieveable Tale of a Dog And a Explorer who must Sink a Mad Cow in A Baloon Factory', '2006-01-01', 1, null, 4, 4.99, 56, 22.99, 'PG', 'Deleted Scenes', '2006-02-15 05:03:42');
insert into sakila.film (film_id, title, description, release_year, language_id, original_language_id, rental_duration, rental_rate, length, replacement_cost, rating, special_features, last_update) values (399, 'HAPPINESS UNITED', 'A Action-Packed Panorama of a Husband And a Feminist who must Meet a Forensic Psychologist in Ancient Japan', '2006-01-01', 1, null, 6, 2.99, 100, 23.99, 'G', 'Deleted Scenes', '2006-02-15 05:03:42');
insert into sakila.film (film_id, title, description, release_year, language_id, original_language_id, rental_duration, rental_rate, length, replacement_cost, rating, special_features, last_update) values (438, 'HUMAN GRAFFITI', 'A Beautiful Reflection of a Womanizer And a Sumo Wrestler who must Chase a Database Administrator in The Gulf of Mexico', '2006-01-01', 1, null, 3, 2.99, 68, 22.99, 'NC-17', 'Trailers,Behind the Scenes', '2006-02-15 05:03:42');
insert into sakila.film (film_id, title, description, release_year, language_id, original_language_id, rental_duration, rental_rate, length, replacement_cost, rating, special_features, last_update) values (458, 'INDIAN LOVE', 'A Insightful Saga of a Mad Scientist And a Mad Scientist who must Kill a Astronaut in An Abandoned Fun House', '2006-01-01', 1, null, 4, 0.99, 135, 26.99, 'NC-17', 'Trailers,Commentaries,Deleted Scenes,Behind the Scenes', '2006-02-15 05:03:42');
insert into sakila.film (film_id, title, description, release_year, language_id, original_language_id, rental_duration, rental_rate, length, replacement_cost, rating, special_features, last_update) values (481, 'JEKYLL FROGMEN', 'A Fanciful Epistle of a Student And a Astronaut who must Kill a Waitress in A Shark Tank', '2006-01-01', 1, null, 4, 2.99, 58, 22.99, 'PG', 'Commentaries,Deleted Scenes,Behind the Scenes', '2006-02-15 05:03:42');
insert into sakila.film (film_id, title, description, release_year, language_id, original_language_id, rental_duration, rental_rate, length, replacement_cost, rating, special_features, last_update) values (485, 'JERSEY SASSY', 'A Lacklusture Documentary of a Madman And a Mad Cow who must Find a Feminist in Ancient Japan', '2006-01-01', 1, null, 6, 4.99, 60, 16.99, 'PG', 'Deleted Scenes,Behind the Scenes', '2006-02-15 05:03:42');
insert into sakila.film (film_id, title, description, release_year, language_id, original_language_id, rental_duration, rental_rate, length, replacement_cost, rating, special_features, last_update) values (499, 'KING EVOLUTION', 'A Action-Packed Tale of a Boy And a Lumberjack who must Chase a Madman in A Baloon', '2006-01-01', 1, null, 3, 4.99, 184, 24.99, 'NC-17', 'Trailers,Deleted Scenes,Behind the Scenes', '2006-02-15 05:03:42');
insert into sakila.film (film_id, title, description, release_year, language_id, original_language_id, rental_duration, rental_rate, length, replacement_cost, rating, special_features, last_update) values (506, 'LADY STAGE', 'A Beautiful Character Study of a Woman And a Man who must Pursue a Explorer in A U-Boat', '2006-01-01', 1, null, 4, 4.99, 67, 14.99, 'PG', 'Trailers,Deleted Scenes,Behind the Scenes', '2006-02-15 05:03:42');
insert into sakila.film (film_id, title, description, release_year, language_id, original_language_id, rental_duration, rental_rate, length, replacement_cost, rating, special_features, last_update) values (509, 'LANGUAGE COWBOY', 'A Epic Yarn of a Cat And a Madman who must Vanquish a Dentist in An Abandoned Amusement Park', '2006-01-01', 1, null, 5, 0.99, 78, 26.99, 'NC-17', 'Trailers,Deleted Scenes', '2006-02-15 05:03:42');
insert into sakila.film (film_id, title, description, release_year, language_id, original_language_id, rental_duration, rental_rate, length, replacement_cost, rating, special_features, last_update) values (518, 'LIAISONS SWEET', 'A Boring Drama of a A Shark And a Explorer who must Redeem a Waitress in The Canadian Rockies', '2006-01-01', 1, null, 5, 4.99, 140, 15.99, 'PG', 'Commentaries,Behind the Scenes', '2006-02-15 05:03:42');
insert into sakila.film (film_id, title, description, release_year, language_id, original_language_id, rental_duration, rental_rate, length, replacement_cost, rating, special_features, last_update) values (540, 'LUCKY FLYING', 'A Lacklusture Character Study of a A Shark And a Man who must Find a Forensic Psychologist in A U-Boat', '2006-01-01', 1, null, 7, 2.99, 97, 10.99, 'PG-13', 'Trailers,Commentaries,Behind the Scenes', '2006-02-15 05:03:42');
insert into sakila.film (film_id, title, description, release_year, language_id, original_language_id, rental_duration, rental_rate, length, replacement_cost, rating, special_features, last_update) values (550, 'MAGUIRE APACHE', 'A Fast-Paced Reflection of a Waitress And a Hunter who must Defeat a Forensic Psychologist in A Baloon', '2006-01-01', 1, null, 6, 2.99, 74, 22.99, 'NC-17', 'Trailers,Commentaries', '2006-02-15 05:03:42');
insert into sakila.film (film_id, title, description, release_year, language_id, original_language_id, rental_duration, rental_rate, length, replacement_cost, rating, special_features, last_update) values (555, 'MALLRATS UNITED', 'A Thrilling Yarn of a Waitress And a Dentist who must Find a Hunter in A Monastery', '2006-01-01', 1, null, 4, 0.99, 133, 25.99, 'PG', 'Trailers,Commentaries,Deleted Scenes', '2006-02-15 05:03:42');
insert into sakila.film (film_id, title, description, release_year, language_id, original_language_id, rental_duration, rental_rate, length, replacement_cost, rating, special_features, last_update) values (561, 'MASK PEACH', 'A Boring Character Study of a Student And a Robot who must Meet a Woman in California', '2006-01-01', 1, null, 6, 2.99, 123, 26.99, 'NC-17', 'Commentaries,Deleted Scenes', '2006-02-15 05:03:42');
insert into sakila.film (film_id, title, description, release_year, language_id, original_language_id, rental_duration, rental_rate, length, replacement_cost, rating, special_features, last_update) values (605, 'MULHOLLAND BEAST', 'A Awe-Inspiring Display of a Husband And a Squirrel who must Battle a Sumo Wrestler in A Jet Boat', '2006-01-01', 1, null, 7, 2.99, 157, 13.99, 'PG', 'Trailers,Deleted Scenes,Behind the Scenes', '2006-02-15 05:03:42');
insert into sakila.film (film_id, title, description, release_year, language_id, original_language_id, rental_duration, rental_rate, length, replacement_cost, rating, special_features, last_update) values (635, 'OKLAHOMA JUMANJI', 'A Thoughtful Drama of a Dentist And a Womanizer who must Meet a Husband in The Sahara Desert', '2006-01-01', 1, null, 7, 0.99, 58, 15.99, 'PG', 'Behind the Scenes', '2006-02-15 05:03:42');
insert into sakila.film (film_id, title, description, release_year, language_id, original_language_id, rental_duration, rental_rate, length, replacement_cost, rating, special_features, last_update) values (742, 'ROOF CHAMPION', 'A Lacklusture Reflection of a Car And a Explorer who must Find a Monkey in A Baloon', '2006-01-01', 1, null, 7, 0.99, 101, 25.99, 'R', 'Deleted Scenes,Behind the Scenes', '2006-02-15 05:03:42');
insert into sakila.film (film_id, title, description, release_year, language_id, original_language_id, rental_duration, rental_rate, length, replacement_cost, rating, special_features, last_update) values (749, 'RULES HUMAN', 'A Beautiful Epistle of a Astronaut And a Student who must Confront a Monkey in An Abandoned Fun House', '2006-01-01', 1, null, 6, 4.99, 153, 19.99, 'R', 'Deleted Scenes,Behind the Scenes', '2006-02-15 05:03:42');
insert into sakila.film (film_id, title, description, release_year, language_id, original_language_id, rental_duration, rental_rate, length, replacement_cost, rating, special_features, last_update) values (754, 'RUSHMORE MERMAID', 'A Boring Story of a Woman And a Moose who must Reach a Husband in A Shark Tank', '2006-01-01', 1, null, 6, 2.99, 150, 17.99, 'PG-13', 'Trailers,Commentaries,Deleted Scenes', '2006-02-15 05:03:42');
insert into sakila.film (film_id, title, description, release_year, language_id, original_language_id, rental_duration, rental_rate, length, replacement_cost, rating, special_features, last_update) values (811, 'SMILE EARRING', 'A Intrepid Drama of a Teacher And a Butler who must Build a Pastry Chef in Berlin', '2006-01-01', 1, null, 4, 2.99, 60, 29.99, 'G', 'Commentaries,Behind the Scenes', '2006-02-15 05:03:42');
insert into sakila.film (film_id, title, description, release_year, language_id, original_language_id, rental_duration, rental_rate, length, replacement_cost, rating, special_features, last_update) values (832, 'SPLASH GUMP', 'A Taut Saga of a Crocodile And a Boat who must Conquer a Hunter in A Shark Tank', '2006-01-01', 1, null, 5, 0.99, 175, 16.99, 'PG', 'Trailers,Commentaries,Deleted Scenes,Behind the Scenes', '2006-02-15 05:03:42');
insert into sakila.film (film_id, title, description, release_year, language_id, original_language_id, rental_duration, rental_rate, length, replacement_cost, rating, special_features, last_update) values (939, 'VERTIGO NORTHWEST', 'A Unbelieveable Display of a Mad Scientist And a Mad Scientist who must Outgun a Mad Cow in Ancient Japan', '2006-01-01', 1, null, 4, 2.99, 90, 17.99, 'R', 'Commentaries,Behind the Scenes', '2006-02-15 05:03:42');
insert into sakila.film (film_id, title, description, release_year, language_id, original_language_id, rental_duration, rental_rate, length, replacement_cost, rating, special_features, last_update) values (958, 'WARDROBE PHANTOM', 'A Action-Packed Display of a Mad Cow And a Astronaut who must Kill a Car in Ancient India', '2006-01-01', 1, null, 6, 2.99, 178, 19.99, 'G', 'Trailers,Commentaries', '2006-02-15 05:03:42');
insert into sakila.film (film_id, title, description, release_year, language_id, original_language_id, rental_duration, rental_rate, length, replacement_cost, rating, special_features, last_update) values (970, 'WESTWARD SEABISCUIT', 'A Lacklusture Tale of a Butler And a Husband who must Face a Boy in Ancient China', '2006-01-01', 1, null, 7, 0.99, 52, 11.99, 'NC-17', 'Commentaries,Deleted Scenes', '2006-02-15 05:03:42');
insert into sakila.film (film_id, title, description, release_year, language_id, original_language_id, rental_duration, rental_rate, length, replacement_cost, rating, special_features, last_update) values (980, 'WIZARD COLDBLOODED', 'A Lacklusture Display of a Robot And a Girl who must Defeat a Sumo Wrestler in A MySQL Convention', '2006-01-01', 1, null, 4, 4.99, 75, 12.99, 'PG', 'Commentaries,Deleted Scenes,Behind the Scenes', '2006-02-15 05:03:42');
insert into sakila.language (language_id, name, last_update) values (1, 'English', '2006-02-15 05:02:19');
insert into sakila.inventory (inventory_id, film_id, store_id, last_update) values (1, 1, 1, '2006-02-15 05:09:17');
insert into sakila.inventory (inventory_id, film_id, store_id, last_update) values (2, 1, 1, '2006-02-15 05:09:17');
insert into sakila.inventory (inventory_id, film_id, store_id, last_update) values (3, 1, 1, '2006-02-15 05:09:17');
insert into sakila.inventory (inventory_id, film_id, store_id, last_update) values (4, 1, 1, '2006-02-15 05:09:17');
insert into sakila.inventory (inventory_id, film_id, store_id, last_update) values (5, 1, 2, '2006-02-15 05:09:17');
insert into sakila.inventory (inventory_id, film_id, store_id, last_update) values (6, 1, 2, '2006-02-15 05:09:17');
insert into sakila.inventory (inventory_id, film_id, store_id, last_update) values (7, 1, 2, '2006-02-15 05:09:17');
insert into sakila.inventory (inventory_id, film_id, store_id, last_update) values (8, 1, 2, '2006-02-15 05:09:17');
insert into sakila.inventory (inventory_id, film_id, store_id, last_update) values (12, 3, 2, '2006-02-15 05:09:17');
insert into sakila.inventory (inventory_id, film_id, store_id, last_update) values (13, 3, 2, '2006-02-15 05:09:17');
insert into sakila.inventory (inventory_id, film_id, store_id, last_update) values (14, 3, 2, '2006-02-15 05:09:17');
insert into sakila.inventory (inventory_id, film_id, store_id, last_update) values (15, 3, 2, '2006-02-15 05:09:17');
insert into sakila.inventory (inventory_id, film_id, store_id, last_update) values (115, 23, 1, '2006-02-15 05:09:17');
insert into sakila.inventory (inventory_id, film_id, store_id, last_update) values (116, 23, 1, '2006-02-15 05:09:17');
insert into sakila.inventory (inventory_id, film_id, store_id, last_update) values (117, 23, 1, '2006-02-15 05:09:17');
insert into sakila.inventory (inventory_id, film_id, store_id, last_update) values (118, 23, 2, '2006-02-15 05:09:17');
insert into sakila.inventory (inventory_id, film_id, store_id, last_update) values (119, 23, 2, '2006-02-15 05:09:17');
insert into sakila.inventory (inventory_id, film_id, store_id, last_update) values (124, 25, 1, '2006-02-15 05:09:17');
insert into sakila.inventory (inventory_id, film_id, store_id, last_update) values (125, 25, 1, '2006-02-15 05:09:17');
insert into sakila.inventory (inventory_id, film_id, store_id, last_update) values (126, 25, 1, '2006-02-15 05:09:17');
insert into sakila.inventory (inventory_id, film_id, store_id, last_update) values (127, 25, 1, '2006-02-15 05:09:17');
insert into sakila.inventory (inventory_id, film_id, store_id, last_update) values (128, 25, 2, '2006-02-15 05:09:17');
insert into sakila.inventory (inventory_id, film_id, store_id, last_update) values (129, 25, 2, '2006-02-15 05:09:17');
insert into sakila.inventory (inventory_id, film_id, store_id, last_update) values (146, 31, 1, '2006-02-15 05:09:17');
insert into sakila.inventory (inventory_id, film_id, store_id, last_update) values (147, 31, 1, '2006-02-15 05:09:17');
insert into sakila.inventory (inventory_id, film_id, store_id, last_update) values (148, 31, 1, '2006-02-15 05:09:17');
insert into sakila.inventory (inventory_id, film_id, store_id, last_update) values (149, 31, 1, '2006-02-15 05:09:17');
insert into sakila.inventory (inventory_id, film_id, store_id, last_update) values (150, 31, 2, '2006-02-15 05:09:17');
insert into sakila.inventory (inventory_id, film_id, store_id, last_update) values (151, 31, 2, '2006-02-15 05:09:17');
insert into sakila.inventory (inventory_id, film_id, store_id, last_update) values (152, 31, 2, '2006-02-15 05:09:17');
insert into sakila.inventory (inventory_id, film_id, store_id, last_update) values (153, 31, 2, '2006-02-15 05:09:17');
insert into sakila.inventory (inventory_id, film_id, store_id, last_update) values (210, 47, 2, '2006-02-15 05:09:17');
insert into sakila.inventory (inventory_id, film_id, store_id, last_update) values (211, 47, 2, '2006-02-15 05:09:17');
insert into sakila.inventory (inventory_id, film_id, store_id, last_update) values (476, 105, 1, '2006-02-15 05:09:17');
insert into sakila.inventory (inventory_id, film_id, store_id, last_update) values (477, 105, 1, '2006-02-15 05:09:17');
insert into sakila.inventory (inventory_id, film_id, store_id, last_update) values (478, 105, 2, '2006-02-15 05:09:17');
insert into sakila.inventory (inventory_id, film_id, store_id, last_update) values (479, 105, 2, '2006-02-15 05:09:17');
insert into sakila.inventory (inventory_id, film_id, store_id, last_update) values (480, 105, 2, '2006-02-15 05:09:17');
insert into sakila.inventory (inventory_id, film_id, store_id, last_update) values (481, 106, 1, '2006-02-15 05:09:17');
insert into sakila.inventory (inventory_id, film_id, store_id, last_update) values (482, 106, 1, '2006-02-15 05:09:17');
insert into sakila.inventory (inventory_id, film_id, store_id, last_update) values (606, 132, 1, '2006-02-15 05:09:17');
insert into sakila.inventory (inventory_id, film_id, store_id, last_update) values (607, 132, 1, '2006-02-15 05:09:17');
insert into sakila.inventory (inventory_id, film_id, store_id, last_update) values (608, 132, 1, '2006-02-15 05:09:17');
insert into sakila.inventory (inventory_id, film_id, store_id, last_update) values (609, 132, 1, '2006-02-15 05:09:17');
insert into sakila.inventory (inventory_id, film_id, store_id, last_update) values (610, 132, 2, '2006-02-15 05:09:17');
insert into sakila.inventory (inventory_id, film_id, store_id, last_update) values (611, 132, 2, '2006-02-15 05:09:17');
insert into sakila.inventory (inventory_id, film_id, store_id, last_update) values (644, 140, 1, '2006-02-15 05:09:17');
insert into sakila.inventory (inventory_id, film_id, store_id, last_update) values (645, 140, 1, '2006-02-15 05:09:17');
insert into sakila.inventory (inventory_id, film_id, store_id, last_update) values (646, 140, 2, '2006-02-15 05:09:17');
insert into sakila.inventory (inventory_id, film_id, store_id, last_update) values (647, 140, 2, '2006-02-15 05:09:17');
insert into sakila.inventory (inventory_id, film_id, store_id, last_update) values (648, 140, 2, '2006-02-15 05:09:17');
insert into sakila.inventory (inventory_id, film_id, store_id, last_update) values (666, 145, 2, '2006-02-15 05:09:17');
insert into sakila.inventory (inventory_id, film_id, store_id, last_update) values (667, 145, 2, '2006-02-15 05:09:17');
insert into sakila.inventory (inventory_id, film_id, store_id, last_update) values (668, 145, 2, '2006-02-15 05:09:17');
insert into sakila.inventory (inventory_id, film_id, store_id, last_update) values (758, 166, 1, '2006-02-15 05:09:17');
insert into sakila.inventory (inventory_id, film_id, store_id, last_update) values (759, 166, 1, '2006-02-15 05:09:17');
insert into sakila.inventory (inventory_id, film_id, store_id, last_update) values (760, 166, 1, '2006-02-15 05:09:17');
insert into sakila.inventory (inventory_id, film_id, store_id, last_update) values (761, 166, 1, '2006-02-15 05:09:17');
insert into sakila.inventory (inventory_id, film_id, store_id, last_update) values (762, 166, 2, '2006-02-15 05:09:17');
insert into sakila.inventory (inventory_id, film_id, store_id, last_update) values (763, 166, 2, '2006-02-15 05:09:17');
insert into sakila.inventory (inventory_id, film_id, store_id, last_update) values (1006, 226, 1, '2006-02-15 05:09:17');
insert into sakila.inventory (inventory_id, film_id, store_id, last_update) values (1007, 226, 1, '2006-02-15 05:09:17');
insert into sakila.inventory (inventory_id, film_id, store_id, last_update) values (1008, 226, 2, '2006-02-15 05:09:17');
insert into sakila.inventory (inventory_id, film_id, store_id, last_update) values (1009, 226, 2, '2006-02-15 05:09:17');
insert into sakila.inventory (inventory_id, film_id, store_id, last_update) values (1010, 226, 2, '2006-02-15 05:09:17');
insert into sakila.inventory (inventory_id, film_id, store_id, last_update) values (1121, 249, 1, '2006-02-15 05:09:17');
insert into sakila.inventory (inventory_id, film_id, store_id, last_update) values (1122, 249, 1, '2006-02-15 05:09:17');
insert into sakila.inventory (inventory_id, film_id, store_id, last_update) values (1123, 249, 2, '2006-02-15 05:09:17');
insert into sakila.inventory (inventory_id, film_id, store_id, last_update) values (1124, 249, 2, '2006-02-15 05:09:17');
insert into sakila.inventory (inventory_id, film_id, store_id, last_update) values (1125, 249, 2, '2006-02-15 05:09:17');
insert into sakila.inventory (inventory_id, film_id, store_id, last_update) values (1126, 249, 2, '2006-02-15 05:09:17');
insert into sakila.inventory (inventory_id, film_id, store_id, last_update) values (1253, 277, 1, '2006-02-15 05:09:17');
insert into sakila.inventory (inventory_id, film_id, store_id, last_update) values (1254, 277, 1, '2006-02-15 05:09:17');
insert into sakila.inventory (inventory_id, film_id, store_id, last_update) values (1255, 277, 1, '2006-02-15 05:09:17');
insert into sakila.inventory (inventory_id, film_id, store_id, last_update) values (1434, 314, 1, '2006-02-15 05:09:17');
insert into sakila.inventory (inventory_id, film_id, store_id, last_update) values (1435, 314, 1, '2006-02-15 05:09:17');
insert into sakila.inventory (inventory_id, film_id, store_id, last_update) values (1436, 314, 2, '2006-02-15 05:09:17');
insert into sakila.inventory (inventory_id, film_id, store_id, last_update) values (1437, 314, 2, '2006-02-15 05:09:17');
insert into sakila.inventory (inventory_id, film_id, store_id, last_update) values (1438, 314, 2, '2006-02-15 05:09:17');
insert into sakila.inventory (inventory_id, film_id, store_id, last_update) values (1439, 314, 2, '2006-02-15 05:09:17');
insert into sakila.inventory (inventory_id, film_id, store_id, last_update) values (1466, 321, 1, '2006-02-15 05:09:17');
insert into sakila.inventory (inventory_id, film_id, store_id, last_update) values (1467, 321, 1, '2006-02-15 05:09:17');
insert into sakila.inventory (inventory_id, film_id, store_id, last_update) values (1468, 321, 1, '2006-02-15 05:09:17');
insert into sakila.inventory (inventory_id, film_id, store_id, last_update) values (1469, 321, 1, '2006-02-15 05:09:17');
insert into sakila.inventory (inventory_id, film_id, store_id, last_update) values (1635, 357, 2, '2006-02-15 05:09:17');
insert into sakila.inventory (inventory_id, film_id, store_id, last_update) values (1636, 357, 2, '2006-02-15 05:09:17');
insert into sakila.inventory (inventory_id, film_id, store_id, last_update) values (1637, 357, 2, '2006-02-15 05:09:17');
insert into sakila.inventory (inventory_id, film_id, store_id, last_update) values (1638, 357, 2, '2006-02-15 05:09:17');
insert into sakila.inventory (inventory_id, film_id, store_id, last_update) values (1651, 361, 1, '2006-02-15 05:09:17');
insert into sakila.inventory (inventory_id, film_id, store_id, last_update) values (1652, 361, 1, '2006-02-15 05:09:17');
insert into sakila.inventory (inventory_id, film_id, store_id, last_update) values (1653, 361, 1, '2006-02-15 05:09:17');
insert into sakila.inventory (inventory_id, film_id, store_id, last_update) values (1654, 361, 1, '2006-02-15 05:09:17');
insert into sakila.inventory (inventory_id, film_id, store_id, last_update) values (1655, 361, 2, '2006-02-15 05:09:17');
insert into sakila.inventory (inventory_id, film_id, store_id, last_update) values (1656, 361, 2, '2006-02-15 05:09:17');
insert into sakila.inventory (inventory_id, film_id, store_id, last_update) values (1657, 361, 2, '2006-02-15 05:09:17');
insert into sakila.inventory (inventory_id, film_id, store_id, last_update) values (1658, 361, 2, '2006-02-15 05:09:17');
insert into sakila.inventory (inventory_id, film_id, store_id, last_update) values (1690, 369, 1, '2006-02-15 05:09:17');
insert into sakila.inventory (inventory_id, film_id, store_id, last_update) values (1691, 369, 1, '2006-02-15 05:09:17');
insert into sakila.inventory (inventory_id, film_id, store_id, last_update) values (1692, 369, 1, '2006-02-15 05:09:17');
insert into sakila.inventory (inventory_id, film_id, store_id, last_update) values (1693, 369, 1, '2006-02-15 05:09:17');
insert into sakila.inventory (inventory_id, film_id, store_id, last_update) values (1694, 369, 2, '2006-02-15 05:09:17');
insert into sakila.inventory (inventory_id, film_id, store_id, last_update) values (1695, 369, 2, '2006-02-15 05:09:17');
insert into sakila.inventory (inventory_id, film_id, store_id, last_update) values (1696, 369, 2, '2006-02-15 05:09:17');
insert into sakila.inventory (inventory_id, film_id, store_id, last_update) values (1697, 369, 2, '2006-02-15 05:09:17');
insert into sakila.inventory (inventory_id, film_id, store_id, last_update) values (1837, 399, 2, '2006-02-15 05:09:17');
insert into sakila.inventory (inventory_id, film_id, store_id, last_update) values (1838, 399, 2, '2006-02-15 05:09:17');
insert into sakila.inventory (inventory_id, film_id, store_id, last_update) values (2012, 438, 1, '2006-02-15 05:09:17');
insert into sakila.inventory (inventory_id, film_id, store_id, last_update) values (2013, 438, 1, '2006-02-15 05:09:17');
insert into sakila.inventory (inventory_id, film_id, store_id, last_update) values (2014, 438, 2, '2006-02-15 05:09:17');
insert into sakila.inventory (inventory_id, film_id, store_id, last_update) values (2015, 438, 2, '2006-02-15 05:09:17');
insert into sakila.inventory (inventory_id, film_id, store_id, last_update) values (2016, 438, 2, '2006-02-15 05:09:17');
insert into sakila.inventory (inventory_id, film_id, store_id, last_update) values (2112, 458, 1, '2006-02-15 05:09:17');
insert into sakila.inventory (inventory_id, film_id, store_id, last_update) values (2113, 458, 1, '2006-02-15 05:09:17');
insert into sakila.inventory (inventory_id, film_id, store_id, last_update) values (2114, 458, 2, '2006-02-15 05:09:17');
insert into sakila.inventory (inventory_id, film_id, store_id, last_update) values (2115, 458, 2, '2006-02-15 05:09:17');
insert into sakila.inventory (inventory_id, film_id, store_id, last_update) values (2116, 458, 2, '2006-02-15 05:09:17');
insert into sakila.inventory (inventory_id, film_id, store_id, last_update) values (2117, 458, 2, '2006-02-15 05:09:17');
insert into sakila.inventory (inventory_id, film_id, store_id, last_update) values (2222, 481, 1, '2006-02-15 05:09:17');
insert into sakila.inventory (inventory_id, film_id, store_id, last_update) values (2223, 481, 1, '2006-02-15 05:09:17');
insert into sakila.inventory (inventory_id, film_id, store_id, last_update) values (2224, 481, 1, '2006-02-15 05:09:17');
insert into sakila.inventory (inventory_id, film_id, store_id, last_update) values (2225, 481, 2, '2006-02-15 05:09:17');
insert into sakila.inventory (inventory_id, film_id, store_id, last_update) values (2226, 481, 2, '2006-02-15 05:09:17');
insert into sakila.inventory (inventory_id, film_id, store_id, last_update) values (2227, 481, 2, '2006-02-15 05:09:17');
insert into sakila.inventory (inventory_id, film_id, store_id, last_update) values (2243, 485, 2, '2006-02-15 05:09:17');
insert into sakila.inventory (inventory_id, film_id, store_id, last_update) values (2244, 485, 2, '2006-02-15 05:09:17');
insert into sakila.inventory (inventory_id, film_id, store_id, last_update) values (2245, 485, 2, '2006-02-15 05:09:17');
insert into sakila.inventory (inventory_id, film_id, store_id, last_update) values (2294, 499, 1, '2006-02-15 05:09:17');
insert into sakila.inventory (inventory_id, film_id, store_id, last_update) values (2295, 499, 1, '2006-02-15 05:09:17');
insert into sakila.inventory (inventory_id, film_id, store_id, last_update) values (2329, 506, 1, '2006-02-15 05:09:17');
insert into sakila.inventory (inventory_id, film_id, store_id, last_update) values (2330, 506, 1, '2006-02-15 05:09:17');
insert into sakila.inventory (inventory_id, film_id, store_id, last_update) values (2331, 506, 1, '2006-02-15 05:09:17');
insert into sakila.inventory (inventory_id, film_id, store_id, last_update) values (2332, 506, 1, '2006-02-15 05:09:17');
insert into sakila.inventory (inventory_id, film_id, store_id, last_update) values (2333, 506, 2, '2006-02-15 05:09:17');
insert into sakila.inventory (inventory_id, film_id, store_id, last_update) values (2334, 506, 2, '2006-02-15 05:09:17');
insert into sakila.inventory (inventory_id, film_id, store_id, last_update) values (2340, 509, 2, '2006-02-15 05:09:17');
insert into sakila.inventory (inventory_id, film_id, store_id, last_update) values (2341, 509, 2, '2006-02-15 05:09:17');
insert into sakila.inventory (inventory_id, film_id, store_id, last_update) values (2342, 509, 2, '2006-02-15 05:09:17');
insert into sakila.inventory (inventory_id, film_id, store_id, last_update) values (2373, 518, 1, '2006-02-15 05:09:17');
insert into sakila.inventory (inventory_id, film_id, store_id, last_update) values (2374, 518, 1, '2006-02-15 05:09:17');
insert into sakila.inventory (inventory_id, film_id, store_id, last_update) values (2375, 518, 2, '2006-02-15 05:09:17');
insert into sakila.inventory (inventory_id, film_id, store_id, last_update) values (2376, 518, 2, '2006-02-15 05:09:17');
insert into sakila.inventory (inventory_id, film_id, store_id, last_update) values (2377, 518, 2, '2006-02-15 05:09:17');
insert into sakila.inventory (inventory_id, film_id, store_id, last_update) values (2378, 518, 2, '2006-02-15 05:09:17');
insert into sakila.inventory (inventory_id, film_id, store_id, last_update) values (2467, 540, 1, '2006-02-15 05:09:17');
insert into sakila.inventory (inventory_id, film_id, store_id, last_update) values (2468, 540, 1, '2006-02-15 05:09:17');
insert into sakila.inventory (inventory_id, film_id, store_id, last_update) values (2469, 540, 1, '2006-02-15 05:09:17');
insert into sakila.inventory (inventory_id, film_id, store_id, last_update) values (2502, 550, 1, '2006-02-15 05:09:17');
insert into sakila.inventory (inventory_id, film_id, store_id, last_update) values (2503, 550, 1, '2006-02-15 05:09:17');
insert into sakila.inventory (inventory_id, film_id, store_id, last_update) values (2504, 550, 1, '2006-02-15 05:09:17');
insert into sakila.inventory (inventory_id, film_id, store_id, last_update) values (2525, 555, 1, '2006-02-15 05:09:17');
insert into sakila.inventory (inventory_id, film_id, store_id, last_update) values (2526, 555, 1, '2006-02-15 05:09:17');
insert into sakila.inventory (inventory_id, film_id, store_id, last_update) values (2527, 555, 1, '2006-02-15 05:09:17');
insert into sakila.inventory (inventory_id, film_id, store_id, last_update) values (2528, 555, 2, '2006-02-15 05:09:17');
insert into sakila.inventory (inventory_id, film_id, store_id, last_update) values (2529, 555, 2, '2006-02-15 05:09:17');
insert into sakila.inventory (inventory_id, film_id, store_id, last_update) values (2530, 555, 2, '2006-02-15 05:09:17');
insert into sakila.inventory (inventory_id, film_id, store_id, last_update) values (2531, 555, 2, '2006-02-15 05:09:17');
insert into sakila.inventory (inventory_id, film_id, store_id, last_update) values (2559, 561, 1, '2006-02-15 05:09:17');
insert into sakila.inventory (inventory_id, film_id, store_id, last_update) values (2560, 561, 1, '2006-02-15 05:09:17');
insert into sakila.inventory (inventory_id, film_id, store_id, last_update) values (2561, 561, 1, '2006-02-15 05:09:17');
insert into sakila.inventory (inventory_id, film_id, store_id, last_update) values (2562, 561, 1, '2006-02-15 05:09:17');
insert into sakila.inventory (inventory_id, film_id, store_id, last_update) values (2757, 605, 2, '2006-02-15 05:09:17');
insert into sakila.inventory (inventory_id, film_id, store_id, last_update) values (2758, 605, 2, '2006-02-15 05:09:17');
insert into sakila.inventory (inventory_id, film_id, store_id, last_update) values (2891, 635, 2, '2006-02-15 05:09:17');
insert into sakila.inventory (inventory_id, film_id, store_id, last_update) values (2892, 635, 2, '2006-02-15 05:09:17');
insert into sakila.inventory (inventory_id, film_id, store_id, last_update) values (3419, 749, 1, '2006-02-15 05:09:17');
insert into sakila.inventory (inventory_id, film_id, store_id, last_update) values (3420, 749, 1, '2006-02-15 05:09:17');
insert into sakila.inventory (inventory_id, film_id, store_id, last_update) values (3421, 749, 2, '2006-02-15 05:09:17');
insert into sakila.inventory (inventory_id, film_id, store_id, last_update) values (3422, 749, 2, '2006-02-15 05:09:17');
insert into sakila.inventory (inventory_id, film_id, store_id, last_update) values (3439, 754, 2, '2006-02-15 05:09:17');
insert into sakila.inventory (inventory_id, film_id, store_id, last_update) values (3440, 754, 2, '2006-02-15 05:09:17');
insert into sakila.inventory (inventory_id, film_id, store_id, last_update) values (3707, 811, 1, '2006-02-15 05:09:17');
insert into sakila.inventory (inventory_id, film_id, store_id, last_update) values (3708, 811, 1, '2006-02-15 05:09:17');
insert into sakila.inventory (inventory_id, film_id, store_id, last_update) values (3709, 811, 1, '2006-02-15 05:09:17');
insert into sakila.inventory (inventory_id, film_id, store_id, last_update) values (3797, 832, 1, '2006-02-15 05:09:17');
insert into sakila.inventory (inventory_id, film_id, store_id, last_update) values (3798, 832, 1, '2006-02-15 05:09:17');
insert into sakila.inventory (inventory_id, film_id, store_id, last_update) values (3799, 832, 1, '2006-02-15 05:09:17');
insert into sakila.inventory (inventory_id, film_id, store_id, last_update) values (3800, 832, 1, '2006-02-15 05:09:17');
insert into sakila.inventory (inventory_id, film_id, store_id, last_update) values (4310, 939, 2, '2006-02-15 05:09:17');
insert into sakila.inventory (inventory_id, film_id, store_id, last_update) values (4311, 939, 2, '2006-02-15 05:09:17');
insert into sakila.inventory (inventory_id, film_id, store_id, last_update) values (4312, 939, 2, '2006-02-15 05:09:17');
insert into sakila.inventory (inventory_id, film_id, store_id, last_update) values (4313, 939, 2, '2006-02-15 05:09:17');
insert into sakila.inventory (inventory_id, film_id, store_id, last_update) values (4384, 958, 1, '2006-02-15 05:09:17');
insert into sakila.inventory (inventory_id, film_id, store_id, last_update) values (4385, 958, 1, '2006-02-15 05:09:17');
insert into sakila.inventory (inventory_id, film_id, store_id, last_update) values (4386, 958, 1, '2006-02-15 05:09:17');
insert into sakila.inventory (inventory_id, film_id, store_id, last_update) values (4387, 958, 2, '2006-02-15 05:09:17');
insert into sakila.inventory (inventory_id, film_id, store_id, last_update) values (4388, 958, 2, '2006-02-15 05:09:17');
insert into sakila.inventory (inventory_id, film_id, store_id, last_update) values (4389, 958, 2, '2006-02-15 05:09:17');
insert into sakila.inventory (inventory_id, film_id, store_id, last_update) values (4434, 970, 1, '2006-02-15 05:09:17');
insert into sakila.inventory (inventory_id, film_id, store_id, last_update) values (4435, 970, 1, '2006-02-15 05:09:17');
insert into sakila.inventory (inventory_id, film_id, store_id, last_update) values (4436, 970, 1, '2006-02-15 05:09:17');
insert into sakila.inventory (inventory_id, film_id, store_id, last_update) values (4437, 970, 2, '2006-02-15 05:09:17');
insert into sakila.inventory (inventory_id, film_id, store_id, last_update) values (4438, 970, 2, '2006-02-15 05:09:17');
insert into sakila.inventory (inventory_id, film_id, store_id, last_update) values (4439, 970, 2, '2006-02-15 05:09:17');
insert into sakila.inventory (inventory_id, film_id, store_id, last_update) values (4440, 970, 2, '2006-02-15 05:09:17');
insert into sakila.inventory (inventory_id, film_id, store_id, last_update) values (4485, 980, 1, '2006-02-15 05:09:17');
insert into sakila.inventory (inventory_id, film_id, store_id, last_update) values (4486, 980, 1, '2006-02-15 05:09:17');
insert into sakila.inventory (inventory_id, film_id, store_id, last_update) values (4487, 980, 1, '2006-02-15 05:09:17');
insert into sakila.inventory (inventory_id, film_id, store_id, last_update) values (4488, 980, 2, '2006-02-15 05:09:17');
insert into sakila.inventory (inventory_id, film_id, store_id, last_update) values (4489, 980, 2, '2006-02-15 05:09:17');
insert into sakila.store (store_id, manager_staff_id, address_id, last_update) values (1, 1, 1, '2006-02-15 04:57:12');
insert into sakila.store (store_id, manager_staff_id, address_id, last_update) values (2, 2, 2, '2006-02-15 04:57:12');
insert into sakila.staff (staff_id, first_name, last_name, address_id, picture, email, store_id, active, username, password, last_update) values (1, 'Mike', 'Hillyer', 3, HEXTORAW('EE8A80EB8190E4B987E0B48AE1A88A000DE4A588E4919200790075E0A08200C383EA959AEC8E99E6948000E0A5B0E4A199E78C800EEC8E8300E0BB83E88C81EC8E87E6BF82EAA1A400E28080E4A584E48594E7A385E98D8CEC8ABBE79FA2E8829DE291A7E7A783EBBF82EBAF83EB9F82E8BDBBE7BB82EBB986E685B7E69DB7E78B83E8B8BDEC8A9DE699BAEC8AA6E7AF82EA98A7E79B83E8B8B9E59195E59F83E8B8B9E79383EABB85EBBB82EB8189EC8AABEE8A80EA8996E3A4A2E18181E48998E0A0B0EC8E91C883D89BEC8AB0E4A486E4B382EB80B1EC8E99E19B83E885A0E18082EE8A80E9B990E5AB83EAB783EAB98CEC8E9DE3BC96EC8AB8EC8AB7EC8E8EE78F83E9B993EC8EB5EC8E96E1BDB5EC8E8EEC8EA7EC8ABCEC8EB5E3B383E8BF83EB9F83EBAD96E1B782EBADBCEC8EA9EC8AADEE8A80E990AFEC8ABDEC8EB5EC8AAEEC8E8BE6BF82EBB5B4EC8EA7EC8AA3EC8AB7E5BDBEEC8EB4EC8E8EE7AF83E9B9B2EC8EA9EC8AAEE39D9FEC8ABAEC8EBFEC8E8DE69DAEEC8ABFEC8EB7EC8EA2EC8A9DE0BF85EBA0BDE7AF83E9A4B0E3ABA2E88299EC8AACEC9A92E68382EA9592E2B9A1E0A385EA8080E38086E28898EE8A82EAB191E28181C8B8E59984EC8E88E1898EEE8A80EA8889E188A0E4A3A2E88AACEC8E80EC8EB2E1A193EC8AA6EC8AA9E28889E69DA0E18B83E881A9EC8A90EC8AA0EC8E8BE3A199EC8E86E2A088EC8E83EC8E8BE38083EC8AA1E69099E28783E8AC98E0B5A2E39080E38CA5EC8A90E2B7A2E882A2EC8E89E4B3A2E882A0EC8E89E69B82EAA1ACEC96A1EC8E8EEC8AA5EC8E8AEC8A81EC8E8DEC8AB2E7BC9DEC8A8DEC8EB9EC8EB1E49382E98383E8B783E89783E9A59CE5B383E8B8A7EC8AB4E78992E2BB83E8938BE9B184EC8AB0E5B8A9E1A180E59B83E8A585EC8E95E58982E2B4A5EC8E98E4B382E98383E8B484EC8EB9E5B38BE9B189EE8A80EA9B83EBA1B4EC9692E4BD84EC8E94E6B192E2BDA4EC8E98E69184E2BB82EA9B82EA95B2E498ACE297A2E892A2E6B3A2E8829EE2A4A4EC8A90ECAE9CEC8ABFE18B83E9A783E88783EA8881E28382EBA383E8A496E58DA4E3B991E4A484EE8A80EB8182EC96A0E2B9A6ECAE9CE78989EC8AACEC8AA0CBA2E8829EEE8A80E9A185ECAE9CE2BB82EA8CA2EC8E81E189A5EC9692EE8A80EA8188E18B83E88383EAA48AEC8E8EEC8E80D08DE188BAEC8AADEC96A0E2A18FEE8A80EA8889D8A0E5A090E69CABE1908DEC8A90C8A6EC8AB2E1A383E89C93CB82E8BC8AE5B3A2E882A6EC8EA3E2A88CCD92E2B184EC8EA3E49484EE8A80EA8590E0A382EAA383E8A3A2E88299E7BB83EABB83EBB382EA9782EBAF83EAB9BDEC8EA8EC8AAEEE8A80EA849EEC8ABDEC8EB0EC8E80CF83EB9CBCEC8EBAEC8E88EC8AB1EC8ABBE2BB82EBBF83EAB783EB8B82E9B782E8BD9FEC8AB8EC8EB8EC8EB0EC8AA5EC8ABBE1BB82EBB5BCEC8EAFE5AF83E8BB83E9B5B1EC8EBFEE8A80EA9B83E8AC8FEC96BEEC8ABDE7A383EA9F83E9BBA2E892A2EC8E9BE79382EAB585EC8EA1C990E4918BD490C5A0E193A2E88AACE0A080EC8E81E4ACA8E0A783EA81B8E0A783E8958BE1A191EC8E86EE8A80EB80B2EC96BDE19D90E188A0EC8E90E38986C884E5B980EC8E89E1898ECB83E89382E8B782EBAC94EE8A82EAB383E98DA5EE8A80E9B4ACEC8E82E6B085E68C91EE8A80E9B587E18492E2A093EC8E85E28B85EBBB83E8AF83EA8BA2E892A2E0B3A2E88298E4BBA2E88293CF83E9AFA2E88AACE7BC93E0A1ACEC8E90EC8EB1EC8A90ECAE9CEC8A8DEC8E89EC8EB9E49095EC8E8CEC8AB5E78382EA83A2E882A6E48CB5EC8AB8E29097E38982E2A58DE69FA2E8829AE488BEE29383EA9183E488BEEE8A80E9A8A5E39B83EA8782EBA3A2E88294E4A1ADEC8E93EC8AA9E1B4BAEC8AB5EC8E83E69B83EBB1B4EC8E82EC8E87EC8AA5EC9A92E6B0BCEC8E80EC8E86CD9CE2B180EC8E85EC8EBCE790B2EC8E88E690A3E6A383E88987EC8AA4EC9A92E590B6EC8E8CE691A3E4B0A2EC8E88EC8AA7E28DB2E39B83E89B82EA9783E889BCE3AB83E889A5E68982E2A782E8B5A5E28F83E89783EB80A6EE8A80E9A3A2E882B0EC8E82EC8AB1E183A2E892A2EC8E8FE58383E89482E58CAEEC8AB3E38383E88996E3808AEC8E82D385E98DA1E18785E98F82E884B1C980E2A080E69D80EC96A0D988EC8AB6E48B82EB8495EE8A80E9ABA2E882A0E4A08AE291A9ECAE86E28881EE8A80E9A882E4A782EA9982EC8AB3E18383E8B7A2E88AACE19083E589BCEE8A80EA9B83EA84A0EC96A1EE8A80EA99A9E199A3EC8AA1E28B85E98994EC8EB0E5AB82EB9783E99783E9AB83E9B782EBAF83EA9F83E98587EC8EAEE7AB83EBA382EA85A3EC8EA7E2BCBEE7AB83EBAF82E9B782E8BF82E9B782EBBF83EBB782E8858BE79CBDE7B1B0EC8EB1EC8AAEE38F82EB9F83E9B783E98783EAA09EE0A382EA898AEE8A80E9B19CE2AB85E98CAEEC8AA6E4A988E0A783E89480E0B0AFEC8AA1E69099EC8AA3C385E98CAAE18D84E1A782EBBF83EB84A4EC8AB4EE8A82EAB1A0E497A2E8829DD1B0E18B83E880B127EC8E8AE3A08DEC8A90E79099E69CA0E1B0AFEE8A80E9A9B4E1A5A5E4A888E59FA2E882A0ECAE9CE68989EE8A80E9A981EC8AB2ECAE9CEC8E86EC8EB3E784A4E18F83E8BB83EBAB83E99F83E88383E8A0B6E1A88FE18383E8A7A2E88AACE5898AEC8EA9E58382EBA983C49DEC8AA2EC8AA8E48DA9E19783E8AB83EB8B83E89494EE8A80E9A488E599A2E7B8A0EC8EA4EC8AA3EC8AB2E6A4A6EE8A80E9B094E78889E29895E68892E484B4EC8AB8E4B783E89B83EBB5B4E38988E69783E88D88E7B087E0A1B8E48783E9BC9AEC8AB0EC8AB3E0AB83EBAF83E99D8BE1AC9EE7A1BBE1B783E9B383EB9BA2E88293EC8EBDEC8EABEC8EA5EC8E80D898EC8E99E2A7A2E882A1E399B3C5AFE29499EE8A82EAB383E88B83E9ADA8EC8E8CE4BF83E89B86E989ACE3A9BCE28F8BE9B1ACEE8A80E9BB83E8B3A2E8829EEC8AA8E5B3A2E8829EDF83EA899AE294A3EE8A80E98F83EA88A2EC8A90E6888AE0A782EBAB8BE9B382EA898AE1A782EB8B85E98F83E89C8AE3A782EA9882E38895EC8A90EE8A80EA8180E18880E6A490EC8EA1E683A2E88299D8B1DB83E88989E180A5E487A2E8829DEC8AA9E5818CEE8A80EA9B82EA8881EE8A80E9A482E0A496EC8AA6E5A78BE9B0A6EC8E8AE1A083EE8A80E9A08CE4A382EB84A0EC8E85EC8E83E2B08BE38D94EE8A80EA9895E78782EA8592EC8AA8EE8A80E9B7A2E882B9E29585EE8A80E9B09BEC8A9DEC8EAEEC8AB1E4AF83EB9F82EBBF83EA9783E98B82EBB782E8BF85EBBB82EBB5B4EC8A8FE5A9ABEC8E89EC96A0E48593E7B0A6EC96BEEE8A80EA9B83E8ACA8EC8A90D4A9EC8A90E49383EB88B0E59984E78490E29C81E1B0AFE288B7E181A3C385EBB7A2E88293E384A8E5BCA1EC8E8AE3A083E58894EE8A80E9B991E0A181C8B8E58582EC8E99E388AAEE8A80E98CABE7B382EB8783E8B3A2E882A2EC8E8BE5B382EBB988EC8E84EE8A80E9B1A8E2A3A2E88AACD382EB9B82EAA184EE8A82EAB383E8AD87EE8A80E9B58AEC8ABAEC8E8DE489ADEC8ABAE58B86E9888BE6A8B1EC8AA5E193A2E88299E5B0A6E28B83EA9B83EA8DA4EC8E8AE4BCA7EC9A92E5A0A2E1919FE79F83E98F82EA95BCE58C92EE8A82EAB198EC8AACEC8E85EC8EB1E19C9BEC8EADEC8ABEE18CA7EC8EBAE7A98FE0B385EBB783EB918EE4BB82E8B783EB9B85E98CB8E3A4BFE3A8BBEC8E93E3BF83EA87A2E892A2EC8AB5E6B383E9AB83EAB1ABEC8AB3EC8AB3EE8A80EBAB83EB8C96EC8EAFEC8E8CEC8EACEC8E9AEC8EB4EC9692EC8E8FE69B83E9BF82EB9B83E9A782EB989DEC96BDE797A2E882BAE6B783E9B5A6E5AF82EB9598EC8E96E6B4B6EC8AAFEC8E95EC8ABAE388BBEC8ABBE3B0B5EC8EA5E1A09EEC8EB4EC8E9BE6B782EA84A5EC8ABBEC8E8FE3A89BE5B5B1E69382EB98BCEC8AA9EC8A8DEE8A80EA8B83E99383E8998AE3A782EB8181E299B6EC8E98EC9692EC96B8E4A383EBAB82EB8382EA9385EBA383E8AB83E8978BE9B1BCECAE9CEC8E8EE49783E9A1A2EE8A80E9A483E38D8CE3A585E19092E490BEEC8E83EE8A80E9B58BE3B194EC8EA6E483A2E88AACEC8AABE591A8E181A1E48785E98CAEEC8EA3E1B184E58C80E4B983E29382E8B7A2E88299E19182EC8A90E3818EC8B8E0B591E2B184EC8AB3E1818DEC8A81E3908DE0ADACE49782EA80A1EC96A0EE8A80E9A8A9E19383E898AAE29783EBA383E9A383EBA4BBE1BD90EC8A8DEC8AB6EC8E88EC8AA9E1A3A2E8829EE68C80E5998AEE8A80E993A2E88AACE2888CE19CB0EC8AB4EC9692E68480EC96BDEE8A80E9B490EC8AA4EE8A80E9BB82EA8085E1A0AFEC8AA1E1B18CE18CA5EE8A80E9B482E7809AEC8AA2EC8E90E38BA2E882A0E19890E39087E38C80EC8E81E594B0EC8AAAE5B383EA84AAE0A197EC8AA9E68383E9A48CEE8A80E98FA2E882B0EE8A80E99083EE8A80EBA9A8E39190EC8EB6EC8AAFE587A2E882B0EE8A82EAB081E6919BE78382EB8485EC8EA7EC8E8FEC8EB2E6A095EC8E8AE0A383EBA78BE89B8BE9B382E8B782EB8783E8A78BE89BA2E88293EC8E8FE78382EB8484E1BBA2E882B0EE8A80E9B5BCE3ACA1EC8E8FEC8EB2EC8AA6EC8E83EC8EA1E5AD99EC9A92EC8AA2EC8E99EC8E87E2BB83E9B383E9B782EA8383E897A2E882B0EE8A80E9A383E8849DEC8EBFEC8AA6EC8E9DE6BB82E8BDADE49F83E9B9BAEC8EBBEC9A92D59FEE8A80EA8383E8BB83EA8783EA95B0EC8EA1EC8AAEEC8E8EEC8A9DE58CA7EC8AA7EC8E87E4BB82E8BF83E8BC8EE4B085EE8A80E98F82EBB0ABE18DB3E3AF82EB9B83E89782EB81ABE29783EABB83EB9984E5B383E8ACA1EC8AB7E2AF83EA919AE0B382EBA59CEC8A81EC8E85EC8E85E6B782EAAF83E9B4B3E3AF83EA9FA2E892A2EC8A9DEC8EB3E3AC96EC9A92EC8E8EEC8AA5E1B7A2E882B9E6B5BBEC8E9EEC8ABAEC8ABDE68383E9B782EB899AE5B783EA8F83EA8DBEEC8ABBEC8E83E3ACB7EC8AB3E6B59BEC8EB0E3A496E289AEE49DBAEC8E93E5B783EB81BBEE8A80EBA782E884B5E39383EA8783E88F83EA8B83E9AD94E3AB83E88383EA9382EA8D94E29B83E8A896EE8A80E9B1B4E2A589E19493E690B6E29BA2E8829DEC8EB3E1B190EC8EA4E2878BE898ADE48D94E0A5A1C385E98885E4A486E289B9EE8A80E9BB82EA8480EC9693EC8AA9E5818CEE8A80EA9B82EA9980EC96A1EE8A80EA9998E0A8A4E7A594EC8AA0E48385EA8782EAA782EB80B4E49382EB84B0E48F82E884A4E595A1EC8A8FEC8EB1EC9693DBA2E88294E584B0DF83E9B4A8E695A8EC8ABEEE8A80E9AB86E98884E59382EAB382EA80A0E799A3D1B3E28085EE8A80E9A594EE8A84EA8B83E88383EB8C88E59984EC8EA1E5B085E2BF82EA858CEE8A80EA9B83E88BA2E882B9E1948EEC8E80EC8E98E6898541E38B85EBA383E88782EB8C89EC8AA6EE8A80E9B783E8BB83EBAF83E99B8BE899B4EC8A90EC8E89E49B82EA91B2E68BA2E88294EC8A81E2B9AAE7908BE2AC9AEC8AA5EC8AA4EE8A80E9A7A2E882B9EC8EB2EC8E8919EC8E9BEC8E96EC8EB3E4A4A2EC8EA8EC8E8BE6B782EAB1AFEC8E8CEC8E9BEC8EA6EC8EBBEC8E86EC8EA6EC8EBBEC8AA7EE8A80E98CA7E5B4BEEE8A80E991BFE78783E8AB83E9B783EB8F83E99D83EC96BDE5A4B7CCB2E3BB83E8BF83EB9B83E9AB85EA8383E9AF82EBBF82EB8783EA8782EB98B9EE8A80E9B382EA8783E99382EAA9B3E7B5A2EC8E8AEC8AB9EC8AB9E198A9EE8A80E9BB82E88782EB9F83E9B783EBA5B6E38189E4B18DE2BB83EB9B82E9B498EE8A80EBAB83EAAB85EBA1B5E4B8B9EC8E9DEC8EB3EC8E8EE788A4EC8E8EE193A2E882B9E18998EE8A80EA8382EA8DBEE3A09CE48183C4B8E1B382EA8382EB8F83E8A5A2EC8E88E5BF85EA8084EC8E8BEC8E81E28094E0A095EC8ABCEE8A80EBAB83EAA7A2E882A2EC8AB5EC8AACE79CB3EC8EA1E5A48BEC8E9AEC8A9DEE8A80E9A185E59F83E8A382EB8783EAA19BEC8AB0E6B59AEC8AACEC8E9BE59B83EBAF83E99BA2E8829AE6B783E9ADAAEC8E9FEC8AB6EC8E99E488AEE49F83E88B83EAAF83E8A9ACEC8AB9E78D9BEC8AABE481B0E0AF82E8B487EC8EB1E49382E9818AEE8A80EA8782EBA18CEE8A80E9BB83E8AF83E89383EB8184EC8A90E2BDA6EC8E99E48B85EBB4AEE191B9EC8AA0E28980E1A19FE284B9ECAE86E680A0E188AFEC8AA1E1B383E88992E2818DC4ACE0ACB3E4B3A2E882A6EC8AA6E483A2E88299D088E1BB83EA95A8ECAE86E691A1EC96A1C782EAA5A3EC8AA5E79099E2B4A0E593A2E892A2EC8E80E788B0E58580EC8AA9E1898EC984EC8AA5D197E4A8B0EC8A90DCABE29782EBA192EC8AA8EC8EA0E29785E988ACEC8EA1E6A382EB9BA2E8829AE19491EC8ABAEE8A80E9A8B3E180AAE68484EC96BEEC8E89EC96A0C383E88097EC8EB2E4A383E99197EC8EB2EC8AAFEC8AA3E0A49FEE8A80E98F83E9B382EA8782EB8B83EBB8A6E5B783EAAB82EB8895E1B58AEE8A80EBA782EA94B8EE8A84EA888AEC8EB2EC8E99EC8AA8E59188E4A782EBA4A4E19B83EB8B83E8949CE79B83EB9F83E99383E89383E9AB83EBB383EBB383EBA382EAB782EA9F83EA9DBBE299AFEC8E97E2BB85E98F83EA9783E8BD86E5B383E8A782EAA593EC8E96EC8EBBEC8EB6E1B9A4E0AF83EB9382EA9F83E9BB83EBB7A2E88298EC8AAFE7BB83EA9383E98F83E89783EAB5A8E6A383E88DA7EC96B8EC8AB7EC8AB9EC8A9DE4AF82E88782EAB783EA8383EB8383EB8383EB93A2E882BAE4B88EE5A8ACEC8E8BEC8ABDEC8ABDEC8AA3E593A2E882A6E7BF83EB9383EB89A3EC8AB3EC8E93E4AF83E8AD8BEC8E9BE7B782EA9CA7E2B5B3EC8AAEEC96BEEE8A80E9B1BDCF82EA9D8FEC8AADE2B783E9A9BDEC8EAEEC8AA5EE8A80E9B5BFE0AD8EE49B83EAA1ACEE8A80E9A783E8AF82EA9782EBA582E0A989EE8A80EA9B83EA85B4E1A385EA8087EC8EA0E6A090EC8A8FEC8E87EC8AA0E48088EC8EB4EE8A80EA8783EA8188E19089E49F83EA8580C383E9B383EB9897EC8E97EC8AB7EC8AB3EC8EABE3AF83EAA782EB9782EAB783EA8383EA8B83E8AB83EAAB83EB9382EBB1A7E6AB83E8B8B5E399A1E1BC9AE7898FE4B5ADE5AB82EAB0BEEC8ABBE38F83EAB99EE2B783EAB9ACEC9A92EC8A81E2B4ACEC8EACEC8AA7E18C91E3A899E29BA2E8829CE184AAEE8A80E9B382EA80B3E6A4BAEE8A80E991A3EC8EB3E49782EAB88CEC8E90E497A2E88AACEE8A80EA9990EC8AB6E48990E28181E48C94E0ADB3CB83E89B82EB8CB0E78F82EA8DB2EC8EB2E0A383E88F83E884B4EC8A8FE581A4E1A4BBEE8A80EA8095E58782EBB3A2E8829EEC8AB1E18382E8B5A6E180A2EC8A8FEE8A80E9B085EE8A80E9A8A8EC8EA3E4A089EE8A80EA9BA2E882B9E0A19CEE8A80E9B8B143EC8E8BE2A3A2E88299EC8AAFE58080E4B894E5809EEC8AA1EC8EB0CB83E88183E1819DE2A383EA8382EAA498EE8A84EA8B85EBB7A2E88293CC9BE590A2E29095E18B82EB9F83EAA783E8B382E887A2E8829EE39383E8A3A2E8829AE5A385EBB58AEC8E85E1A3A2E882BAE0BBA2E8829CEC8EA9E0A098EC8E9AEC96A0E7AC96E7B783E999B9EC8EB7EC8EB8ECAE9CE7ADACEC8E82E39F82EB9F82EB80B6E39B82EB8CB8E390BDEC8E9FE3AF82EBA782EA9F85EBBB83EBA783E8B8BFE7BF82EBBF83EAB3A2E882A1EC8AB3EC8E9EEC9693DB82EAAB82EBBF83EBAB83EB98AFE7BB83EBA3A2E882A2EC8EAFE7B383EA8B82EBB49FE4B1ACD383EBA9AFEC8EA9EC8EABE3BCBDEC8E9AE78DA2E7A1BAEC8E82EC8EB6E59CB7EC8A9DE798AFEC8EADE680A9EC8EA2EC8EA1E38C8FEC8E86EC8EA3EC8E85EE8A80EB8099E49F82EAADBEEC8E86E6899DEC8A8DDF83EB8F82EB8DBDE0AF83EBA782E9B783EB8B82EA9B83E98DB7EC8EBAEC8EA4EC8E80EC8E80EC8EA0E78383E9BDB0EC8ABFEC8E8DE6AB83EB84BAEC8EADE680ACEC8E8CE19F82EB8DBCE38783E8B583EC8E99E4A8AAECAE86EC8EA6E489B0E2A988E69FA2E8829CE590BAEE8A80EA98A7EE8A80E9A5A4E2A98DEC8AA5E58DB8E3B383E898A6E38D94E38B82E8B585E18DB8E28995E0A587EE8A80E9A1B0E0B3A2E882B9E29B82EB89ABEC8E9BEC8EA9EC8AB5EC8AADEC8EA0EC8AA2EC8E87E3AF83EABF83E9A382EB90AEE3AD86E69B82EBB382EB8C8BE5AD96E6ADA8E784A9EC8EADE5B783E8ADAFEC8AAFE48F83EA849DE3B099E49B83EA8DA1E2B09EEC8AA3EC8AB3EC8E89E1AF83E98383EAA592EE8A80EB8382EAADA0E39D9AE1909AEC8AA2EC8AB0E2898EC894E0B4B1E2B184EC8AB3E1958AE49198EC8ABEE48B85EA8084E7AF85E988A8EE8A80E9B3A2E882A2E2B385E98896E38382EAB38BE899A3E49783EB9186E198A6EC8E8AE1A19EEC8E82EC8EB0E18BA2E882A0E19890EC8ABCEE8A80E9B892E29782EBA383E8AB85EA8194EC8AA1EC9692E69783EB89A0E393A2E882A0E69D93EC8EA5EC8EA0E0B894EC8EB5EC8EA1EC8E89E583A2E882A1E4848FE49382EAAB85EA8096EC8AA5E78B85EA818ADF83E8A3A2E8829DEC96B8E4ABA2E882A1E2AB83E98782EAB783EA9383E9ABA2E88299E69DA6E791B5E69B83E888B3E3A782EB84B9E3BF83EA9C99EC96B8EC8E9CEC9693EC8AB2EE8A80E9BB82EAB785EBBB82EBA1B3EC8AB3EC8EA8EC8A8DEC9693EE8A80E99383E9AF83EABDB9EC8EA4EC8E89DDAEE7AF83EA9382EAB48FEC8ABCEC8EABEC8E95EC8E9FE5B383EBA783EBAB83EA9F82EBBB83EAA9B7EC8ABBEC8EBDE5BB83E8BF83E8B383E98080E0AF83E88782EB8783EAB783EAA0ADEC8AA7EC8E87EC8EBAEE8A80EA8383EA9B85EBB785EBA09AE5BDB4E6B383E8B0AEE2B383EB9F83EB9D8FE6BB82EABFA2E882A6E2BB83EAB383E9B8A1EC8E93EC8E9AE7B497EC8EAFEE8A80EA98B2E1949EEC8EA2EC8E86D8A7EC8E92EC8E81EC9692E795BEE7A5A6EC8E8AEC8E91EC8E9FE39CB6E380BCEC8E91E78F82EAAB83E9BCB2E69FA2E882BAE1B09DEE8A80EBAB82E9B498E4A587E399A5E18B82E983A2E88298EE8A80E9A785E98BA2E882A2E7A0A8E2AD96E0A9B4E2BB83E89496E789ACEC8AA1EC8E80E197A2E882B9E590B6E2AD963CEE8A80EBAB82EA8B83E98999E39BA2E8829CEC8EA7EC8AB2D4A6EE8A80EBAB82EA9CB3E5A782EB8590E69B82EB8B83EBA58AE293A2E88293EC8EB7DCA2EC8AABEC8EABEC8E81E69783E8BF83E9AB82EBB1B5E785A4E6A9B9E69B83E898B9E39B82EBA5A9EC8AB3EC8EBBEE8A80E9919DEC8E91E394B7E1888FEC8E83E6849FEE8A80E98C88EC8AA1EC8EB1E28385EA848CE687A2E892A2E2A385EBBB83E8AFA2E88299E297A2E88AACEC9A92E78782EB9982EC8E90E69785E98C86E0A782EA8B85E98991E38185EC8EBFEC8AB9E3A4A1EE8A80EBA783EB8382EB849BEE8A80E9B783E98482EC8EB6E29F83E981A5E0B083E38382EBA088E68CA0E48880E0A19ED199E0A383EA9980EC8AA0EE8A80E9A78BE898A2EC8AA9E7A1A6E69F82EBB492E0A782EA8383E987A2E88AACE59188E79782EAA783E8A885EE8A84EA8BA2E88293EC8E80E393A2E88293E0A8A0E0A49FEE8A80E9A488E191BDEC8E9EEC8EB4EC8EBAEC8E8AEC8EBAEC8E9CEC8E84EC96BDE6B783E998B5E3BB82EBB0BAE39782EBA4BAE39499E798AEEC8EA5EC8E96EC8E96E4AB83EAAC9BE490A8E4B987E0A9AAE1A8BBE48D95EC8E9FE7BB83EBAF82EA8DB4EE8A80EB8182E4AB83EAA383EBA782EB8C97E2A08CEC8EBDEC8E80E38F83EABF83EBAB83E9BB82EBBF83EBBB83EAAD85EC8ABDE385B2EC8AB2EC96B8E2A382EA8198E18B82EA85B2EC8EB4E3B783E9A8A5E2A08AE19D92EC8EB0EC8AA9EE8A80E9B0A3EC8EA5E6B383EA94ADEC8EB7EC8ABDEC8AB9EC8E86EC8AABE3A8A7E5BDA8EC96B8E7B783E9BFA2E8829CE4BF83EAAC98E59CA3EC8E85E0BCBDEC8EBCE591AAE3ACBDE395A2EC8EADE1AF85EA84BDE3A4B4EC8E9DE39CB4E79DA2E78382EAA9BFE6B383EA99A4EC8E9FEC8EA0EC8E80E58382EBBF83E98CB6E18F83E9A5B1E0AD98EC8E89EC8AA0E6849AEC8E8CEC8E83EC8EB9E19191E2A988E3A383E8A983EC8AA0E0A181E0B084EC8EB0E180A8E48895EC8AB6E591A6EC96A0E29782EB9994E6898BE294B2EC96B8E28783EB8C99E29B85EBA0A5E38C99E28B82E9B783E89993E2A4A0E18885E28B83E98782EBA1B7E38F82EBA383EAB383E9A78BE9B382EB9CADE4B98CEC8AAFE5A5ACEC8EABE0AF83E999ADEE8A80EBA8ADEC8ABFEC8EADEC8E8BEC8EAFEC8EACEE8A80E9B786E988BBEE8A80EA89A4C385E98B83EBACAAEC8AA9E0A199EC8E88E58B83E894A2E58C82D488E684AAE38081E59383EAA08AE4BBA2E88293E3849EE684B8ECAE86E3A3A2E882A0EC8EA5E38782EBB3A2E88AACE68DB9EE8A80E9B8A8E689B8E18783E8858AE19484EE8A82EAB3A2E88298E78BA2E892A2D180E2B385EBA382EA9D8BE494B2EC96B8C8A3E3AD90EC8E94EE8A80E99383E9A598EC8AA1EC8E92EE8A80E9A19DE0B8BFE28FA2E88298EC8AB7EC8AA9EE8A80E9B598EC96A0EC8E9FEC8A90E0B382EBA783EA81BAE68B83E8AF82EBB782EB8DA8EC8EB5EC8E8EEC8E8DEC8AACE4B98DE7A8A6EC8AA7EC8E9CE18FA2E8829CE48783EA9DA2E79B83E9B7A2E882B9D383E88992E39B82EA9F83EA9B82EB899CE3B383E89B82EA9F82EB898CEC8ABCEC8EB0EC8E8CEC8EBDE6BF82EA9CB3EE8A80EA8B83E9AFA2E882BAEC8EA7E2B9B6EC8E8FE7BF83EABDABEC8E9FE3919FE7AF83EAB58BEC96B8EC8EBEEC8E94CFA2E88294E6B88FEC8EB9EC8EBCEC8EA3CF83EA8CABE4BB82E8BF85EA80ABEC8EB1EC8A8DE5A383EABF83EAA581EC8AB7EC8E83EC8EADE5BF83EB9CBFE7B383E9ADBDE3BB83E8BF85EBB586E0A8BAE4BB82EBB783EBA783EABB83E8AC8FEC8E9FE7B7A2E892A2C8A1EC8A9DE69783EAA192E2A782EB8382EBA7A2E882B0EC8EA5EC8E80EE8A80E9A382EBBBA2E882B0EC8E81E58F83EA8F82EAACABE3ACB3E78F83E8AF82EBB783E88F83EB8F83E89C87E29B83E9BDB4E6AB83EA9383EA9383E88194E4BF83EBBDA8EC8EAFEC8EA0EC8E80EC8EA0EC8E90EC8EA9E6B783EABCB2EE8A80E9B58FEC96A0E3A385EA8782E8BFA2E882A0EC8E89E58989E29589E19BA2E8829AE7A098EE8A80E98D89E4A8A6E2A489EC8E86D088E584B0E4B383E89090EC8AB6C9B2E38383E891800DE198A9EC8AA0EE8A82EAB383EA9F83E989A4E2858BE19782EB89B8E29B86E98B82EA94B3E4B382EABBA2E88AACE49993EC8AB9EC8AADEC8EA0EE8A80E98F83E8B783EA97A2E892A2EC8AB5EC8E98E49F83E89B83E99CADEC8E8EE4B783EAAF83E98BA2E88293E68CA9EC8AB6EC8EAEE2B587EE8A80E9AB83EA9783E8A08EE1B08FE283A2E882B0E283A2E8829CE4AF83E98782EBA494E0AC94E29482EC8AA3E2ACB0CF82EA84BCEC8E82EC8AA0EC8EB9EC8E8AE384AAEC8A8FE78890EC8A8DE69180EC8AB2E0A0B3E283A2E8829AEE8A80E99383E8A8A4E58383E89BA2E882B9E5A782EBAB8BE9B181EC8EA2EC8EA1E789A0EC8AB3EC8EACEC8E9BE183A2E882B9EE8A84EA88BAE0BB85EBB993E5A095EC8E89E48F82EB8782E8B783EB93A2E88293CD8BD48AEC8E81EC8E8DEC8EB8EC8ABAE7ADA7EC8E91EC8EAAE1B09BE78F85EBB782E8B782EBAF83E898A6C88EE69DAAE6B782EB9783EA9383E9ACA1EE8A80E9A4A9E2B385EBBB83E89383EA8889E3ABA2E8829CE694B2E6A4B6EE8A80EBA989E7AF83E99F83EB85A4E7999FEC8AADE3B5BEEC8E97E28C9FE7BF83EBBD87E3BB83EBA782EB85A7E3BF83EBA383E9BB82EBBCB1E3A383E89B83EA9DB2EC8E8DEC8A8FEC96BDE2B599EC8A9DE19F83E89783EBB4BBEC8EB4EC8AB3E6B091EE8A80EBA89CEC96B8EC96A1E1AF82E9B782EAA383EB8F83EB8B83E98C8FEC8ABDEE8A80EA9886E68382EAADADEC8E8EE68B82EB8783E8B18CE4BF83EAA882D782EA9983E3ABA2E882A6EE8A80E9B8BCEC8EAEEE8A84EA8BA2E892A2EC8AA9EC8EA9EC8E99EE8A84EA8B83E88783E88783EA8783EB8782EA87A2E882B0EC8EA1EC8E93E28FA2E8829CE68F83EB8F82EA8F82EA8F83EB8DB6EC8EBBE6A8BEE0BB85E9888DE4BF83E89782EA8B83E9A783EB8591E6AF83E8BFA2E882B0EC8AB1E5AF85EBB48FEC8E9FEC8E9AE3ADBCEC8E93EE8A80EBAB85EBB4BBE2B383EB9984E2A186E59F83E98382EA9383E9BF82EA9CB1E59382E9B783EA9C8DEE8A80EA8093E78182E68C85EC8A9DEE8A80E9B1A5EC96A0E59D88E59B82EA85A8EE8A80EA98A2E697A2E88299E189B0EE8A80E9AB83E895B1E0AB82EAAB83E8A0B8E4BBA2E88294EC96A0E2B190EC8EA4E18782E98086E28382EB8990E281B3E7A4AEE59F82EA9992E7A4AAE58783E880A2EE8A84EA8B83E8B1BAE38383EA8B83E9BB82EB8B85EBB783E8BB83E9A4A6E19FA2E88293E699ADEC8EBEEC8EA5EC8EA5EC8EA8EC96A1E3AF82EBBF82EBB48ED5BDE481B0EC8AABE1B383E9A782E88782EB88B1E293A2E88294EC8AA1E0A9A5EC8AB9E48B83EB8495EC8EB2E1A196EC8E84E4A7A2E88AACE28383E8AC98E59880EC8AA8E78BA2E892A2EE8A80EA8580EC8AAAEC8A90E49492EC8E81EC8EACEC8AA6EE8A80EBA988EE8A80EA80B4E281B7E69D95EC8ABEE593A2E8829CE5ACACEC96A1EC8E98E5B0AEEE8A80EA80B7E2AD89E5BDBCE68DB1E6B5A1E689A9E789A4E6A5B2EC8E8CE394B9EC8EA9EC8A9DEE8A80EBA88BEC8ABBE59B82EB889BEE8A80EBA9A0E38180E69492E490AAEE8A80E9A8A6E28994E3998DE69782EB8DACEC8AA1EC8E80E1958AE7A0B2E2B783E88F83E9A0BBEC8EAEE7AF83EB8383EA8DBFEC8EBBEC8A81E0BCBFEC8EB3EC8EB4E69CBEEC8EB1EC8EACE59F83EBBB83EA949FEC8E9FE7B383EBBC9DEC8AB9E6A383E88382EB9F82EB8B82EB8B83EAB59EE1BCB8E39782EB9382EBB782EBB19AEC96BDEC8AA4E697A2E88AACEC8EBAEC8E80EC8E9BEC96B8E7A783EA8383EAB383EA95ADEE8A80E991A7EC8E85EC8AB6EC8AB0EC8AB2EC8EACE0A383EABF83EBA185EC9692EE8A84EA889DE1A785EBA382E9B49CEC8EB3E7A09CEC8AB3E58F82EA8F82EBBB82E8B4B5EC8E9BEC9693EC8AB5EC8EA7E491AFE7BF83E9BD88E4BF83E8BF83E983A2E882B0E18D83CC83E58F86E989A3E38F82EA9C86EC8E86EC8AA6EC8AA7E1B7A2E8829CE18F82EB8DABEC96BEEC8A8DEC8A9DE39785EBA1BDEC8E86E79783EBAB83E89198EC8E8FEE8A80EB8383E98783E98F83EBB5A3E29D8FE0BF85EBB782E8B58EEC8E8158E4B8A7EE8A80EB81B2EC8AB1EC8E86EC8AB3E69F83EAADB5EC8A9DEC8EA3E497A2E8829AEE8A80E98D89E58497E793A2E882A6E19994EE8A80EA8383E99CB9E5B9A5E7A3A2E88298E699B9EE8A80E9A783EA9989E5A8A4E4A08EEC8A81E49492EC8EA3E383A2E8829EE48D90EC8AA6C993E69782E98087E2A8BC32EC8E85E18BA2E8829CE2AC90EE8A84EA8892EE8A80E9A4A8E48383E985BCEC8E9CE1AD9CEE8A80EBA9B7EC8E99E49DA7E1B1A3EE8A80E9B385EBBB83E9A782EBA782EA8383E98D91EC8EB0E6B497E48CBBEE8A80EA9B82EAA382EBBC94E0BF86E98B83EB8498E5B4A8E589A5EC8EB0E1A192E48B82EA81ACE0A783E8A497E49382EBA182EC8EA6E58DB0E3B080D8B7EC8AA9E79382EAA3A2E882A0EE8A80EA889EEC8E9AEC8AAFE5B990E4A382EBB890EC8AAFEC8E84E7B382EBA783EA8186E6AB83E89C9BE5BDB5EC8EAFE2B19AEE8A80E990A6EE8A80EA8785E98FA2E8829CEC8E83EC8E8BEC8E93E18F83EABBA2E892A2EE8A84EA8B82E98383E8AD95E0A7A2E882A1EC8A90E6A084EE8A80EB8186EC8E88E79385E98F83E8B8A7EC8EB0E6B08CEC8E8FE29F83E9858CEE8A80E9A4AAE198B8E180A4EC8EB3E294BCE5AF83EBAB83E9A1BBEC8E9FEC8EBFEC8E99EC8A8FE7BF82EAB382EA948AE4BCBCE79B83E8BC87EC96B8E7BB83EBB08BEC8EBFEC8EB0EE8A80E9A1A7E1B9BFEC8EB0E1AF85EBA383EBB783EA90A7EC96BEE7A783EA9992E78DAFE6B783E9B995E0AB82EA98ABEE8A80EB8383EBB383E9A5A6EC8EABEC8EB2EC8E99EC9A92EC8EA9EC8AB1E28783EAAF83E8B383E8B383E88B83EB9383EAB383EA9383EB8383EBA383E99383E890B4EC96A1EC8AAFEC8AACEC8E99EC8E9DEC8E93E68D93E58D93E58D93E18FA2E8829CEC8EB3EE8A80E9B383E98F82EB8F83E88F83E98CA3E7B493EC8AA7E4BF85EBB783EB909CE1BF83EAA8BBE384B2EC8E96E39CBDE3BDAEEC8A9DEE8A80EBAB82EB9385E98C9EE1B09DE1A09CEC8A9DE1A785EBA383EB9B83E9A19DE5AFA2E882B9EC8E9EEC8AA9EC8A81EC8EA9EC8E81EE8A80E9B093E38CA3EC8AB6EC8AB9E0A783EA9DA0EC8E9FEC8EB8EC96A1EC8E87E1AC8DDB82EB8BA2E882B0E4A0A5EC96B8EC8EA9EC8EAAE5A99BEC8E93E5AF82EAAB82EA87A2E882B0EC8ABAEC8E8CEC8AA9E288A3E4A782EAB382EAB089EC96A0EC8E82E4A4B2E2AC8AE390AFE58385E98D8CEC8AB1E3B189E0AC8CE2AF82EB8B85E98B83E88889CB83E895B0E2A181C782EB838BE89B83EA88B4C382EB8090E493A2E8829324E59782EA91B2E38382E9B587EC8E8AEC8E81E6B383E9889BE0BB82EBA0B6E59F83EA9F82E9B5ABEC8EB3E59B82EABF83E89782EB99A5E79F82EA9382EB9B82EB9F83E98B82E88783EAB58CE78087ECAE86EE8A80EA9B83EA8594EC8EB2E1A195E2A193EC8E85E28B85EBB98DEE8A82EAB3A2E88298EC8EADEC8E94EC8EBAE688A5EC8ABCE5B983E789B7EC8E95EC8EA5EC8EB3E2A985EC8AA4EC8EBDEC8AB9EE8A82EAB382EBAC90EC8EB2E19BA2E8829AEE8A80EBA991EC8EB7EC8E92EC8AB6EC8E95EC8ABEE6A782EB85BBEC8AA6EC8AA7E6B4A3EC9A92E6AFA2E88293EC8EA9EC8EA8EC96A1E1AC88D782EA8190EC8A90E4B383E89FA2E882B0E693A2E8829AE4A0A6EC8E90E49084EC8E8BEC8E84EE8A80EB8192D8AFEC8EA7E6A088EC8AA4E4ACA5E1A880EC8EB0E48B83EA8782EABB82EB8C87E5BF83EBBB83E99383E9BC9FE1A383E98B83E89782EB9B83EBBB82EABF85EBA1B9EC8EB6EC8A81E4AF83EBADA7E5A8B2E0A5A7EC96A0EC8AA905EC8EA5EC8AADCC83E69DB8EC8EB5EC8EAFEC8E9EEC8EB2EC8AAEEE8A82EAB383E8AF83EAB783EB9F82EAB9A2EE8A80EA9B85E98F83E9B4B2E3BCBBE3BB82EBB4B0E68FA2E882BAE1AF85EA87A2E892A2EC96B8EC96A1EE8A80EBAB85EBA38BE9B385EBA09AECAE9CE5A385E98DB5E4B88DE4BF82E8BC8DEC96BDEC8A8FE0BB82E8BF82E8B48EEC9692E0B783EB9F82E8B48EEC96BEE1AB83EAB4BFE3A4BCE781A2E7A382EBB1B7E6B382EAB1BFE6B1A6E7B382EBAB83EA9F83E89382EAA593E3B483EC9A92E7B782EA8F82EB98B9EC8AABE695AAE6B9BCE681BCEC8EB0EC8EB4EC8EB0EC8E98EC8E80EC8E9CEC8EB4EC8AB8E68DA2E6B1A1E6BB83E9BB82EB9B82EB9383EAB383E9A998EC8EB7EE8A80E9B9BDE5ACBCEE8A80EA80B7E69782EAA4AAEC8E88EC96A0EC8AA4EC8E8BEE8A80E9A4A1EE8A80EB8382EBA8ACE6AB82EAAB82EA8382EAA7A2E8829AE29BA2E882B9EC96A0EC8E8CE4A4B2E2AF83E8A894EC8AAFE38B82EA8980EC8EB3E0B383E8958AEC8AACE2A383E98B82EBB184E4AD95E4BB82EA8C80EE8A80E9B587E0A09AE49383E8A1B2EE8A80EA9882E68382EAB080E68485E1A18ECFA2E882A2E7A091EC8E8FE48383E9A783EAB78BE9B1BFE695A3EC8E93EC8EA9E5A7A2E892A2EC8AB1E3A4A6E69F82EB9D9DEC8AAEEC8EB8EC8E8EE598BAEC8AB4EE8A80E9B089EC8EAEE1B383E88CB2E4A4A0EC8AB8EC9A92E49383EBB383EA9783EAB4B5EC8AA5EC8A90EC8ABCE6B38BE8998DE18B83EA9383E88194E78B83E8AC85EC8E86E7B485EC8ABFE39F82EBBB82EB9B82EB9382EBA4B0EC8ABFE3B8BFEC8ABFE3B0BEEC8AB9E390BAEC8EA9EC8AB5E5A8A3EE8A80EBAB83EAAFA2E892A2EC8EA0E0B894E0A782EA8383EB84B0EE8A84EA8B85E989A1EE8A84EA88B8EC96BEE4B591EE8A80EA98ACE5A783E8A383EA8F83E894BCD7A2E88293E1A782EBA18CE48C80E0B580E3B192E6A5B0EC8EB4E2BF82EBBB83EBBF83EABDB7E7999BEE8A80EB8382EB97A2E882A2EC8EB3EC96A1EC8E90E59783EAA1A5EC8E9BEC8EA4EC8E8CEC8EA4EC8E80EE8A80E9A9BDE7A9BAE69B83EAB383EB9383EB87A2E882BAE69498EC8EBEEC8E81EC8EA7E3BC8BEC8EBBE48CBAD383E99DA9DB83E8B896EC8EADEC8AB3E0BB83E9AF82EB9383E98CB6E6A782EB9D8FEC8E98EC8AA7D8A6EE8A80E98F83EA9B85E98C8BE68DB3EC8EB3EC8AA3EC8AB3EC8AAEEC8EB9EC8E85EC8EB9EE8A80EB8383EBA7A2E882B0EC8EA1EC8EB1EC8E91EC8ABEEC8E91EC8E81EC96BEEC8E81EC8EBEE18F83EBB4A3E3B782EA8D83EC8E87E49D8FEC8E9DE391B0EC8EB2EC8E96EC8E9EE5ADAFEC8EA9E3A5B9EC8EBCEC8EB4EC8EB1E5AF83EBADAEEC8AB9EC8AA5EC8AB7EC8EA7E69383EBBF83EA8383E881A8EC8E9FEC8EA9EC8EBEEC8ABEEC8E93EC9A92E29D8EEC8A8DEC8EB4E0B18EEC8EB7EC96BDEC8E8CEC8E9CE7B1AAE781A0E791B2E789B6EC8E8EEC8EA6EC8AB0D883EC8ABEE7B0B2E4B4A1ECAE9CE2A9ABEC96A0EC8AA2EC8E89EC96A0EC8AA1EC8E88EE8A80EA80AAE6A092EC8AAFEE8A80EB8385E98CAAEE8A80EBA785EA84A4EC8AA8E28B82EABD88EC8AACEC8AACEC8AB0EC8AAAE49383E8AC8AEC8AAFE78B82EA9383E88193E2898FE0A082EC8E86EC8EB3E2A0ABE6889CDF83EA8C8CE4B383EB8098EC8A8DE195A0EC8AA2EE8A82EAB383E98085EE8A80E9B783E8B183EE8A80EA8984E1BB82E8B783EA948BEC8EBEE7A383E98382EB9782EBB8BCE6ADB7E2BCB8E5B096EC8E9BEC96BDE69CB5EC8AB1EC8AB1E7B48CEC9692EE8A80EA9BA2E882B0E5908CE0AF83EBAC8FE1A383EB918EEC9A92E6AFA2E88299EC8EA5EC8AA8EC8E97EE8A80E98F83E9AD99EC8E8DE6B382EABB83E89597EC8E9DEC8E8BE18C93EC8E8BEC8AA3E58F82EABB82EB84A9EC8EA7EC8EB0EC8AA8E79DB6E3BB82EBBF83EAB783E8AC87EC9A92EC8EB9E5A382EB8094E0BF83E88B83EAA4A8EC96A1EC96BDEC8EA1EC8AA9D3A2E882A2E4B593EC8EB9E3B19BE2ABA2E882B0E380ACE28088E58F82E885B8E193A2E88293E78783E9B0A0EE8A84EA88AAE4B4BFEC8EB3EC8E98E68F82E8BD9CEC8AB8EC8AB0EC8ABDE683A2E882A2EC96A0EC8EA5EC8ABBE6AB83E89BA2E882BAE79F82EBAC97E79782E8B4AEC89BEE8A80EBA49EE4AF83E9BFA2E8829DE6BDB6E4A78BE89B83EA9F83EA848DE5BDAEE78DABE785A2E3AB83EA9383E9B599ECAE9CEC8AB2E2B999E59896E49897E3B383E98F82EABB8BE899ABE7ADBDE68783E894B9E6A59DE1A382EB9CACEC9692E5AF82EA9987E69B82EA9887EC8AA7EC8E86E7AF83E89CA6E7A987DDBBD9BBE4BB83EB9385EBBB82EBB382EB9782EBBF83EA9F83EBA383E98383EB87A2E882BAD9AFE7A593EC8EAFE4B5AFEC8EAAEC8AB9EC8EA9E4B4BDEC8AB7EC8E9CE391B0EC8EABEC8E8DEC9A92E29D8FE0B385E98CBEE3A783E981B3EC8ABCEC8AAFEC8EAFEC8EA4E48383EABF83EB8783E98782EA8782EBBBA2E892A2EC8EBEEC8EBEEC8EA9EC8EA1EC8AB1EC8EB9EC8ABEEC8EA1EC8E89EC8E9EEC8AA1EC8AB1EC8E9EEC8E81E18782EAAF83E8B7A2E88298E4B783EA91B8EE8A80E9AB83E99F83E99785EA8782EAB098EC8AA2EC8AA4E2A5B2E59496E79199EC8AA8E0AB82EAB382EA8B8BE89BA2E882A0EC8E88EC8AA9E18B82EAACA8EC8AACEC8AAAE38782EAAB83E89B82EAA0B2EC8AA7E4A382EAB383E8B193EE8A80E9A980EC96A0E388A9EE8A80EB80B8E2BC93EE8A80E9A980E7849CEC8E81E180B0E4B994E3808AE48383E885A4E198AFEE8A80EA8B82EB85BCE1A58EE19B83E981B4EC8AA9E1B383E8BB82EA99BDEC8EB1EC8AADEC8E85EC8EB5EC8EA5EC8AB9E29783EBAFA2E8829EEC8E95E38DA7E3AFA2E88293EC8EB3E6BF83E99F83E8A383E8AB83E9B782E9B783EAA899EE8A80EB8383E89193EC8ABEEC8AB8EC8E97EE8A80E98C8AEC8AACE29783E998BCEC8AA1E49783E99F83EBAB83E8B3A2E8829AE7AF83E9B383EA8BA2E892A2E5A383EB818EE5AF83E88CAEE0BC98E0B8A3EC8E89E590B9E1AB82EAA5A4E189B0E3B885EC8EA7E58D98E28583EC8EA6E7898CEC8AAEEC8E80EE8A80EA8881EC8AB6E0B383EB84B0EC8E8AEC8E82E0A382E8BDA2E2AB83E8B498E0B383E98F83EA9383E89083EC8E95E48383EA8F83E8A4A6E4A5B7E0A782EAB999EC8E81EC8E9FE7AF83EB9F82EBB4ABE18CA3EC8AB3EC8E83EC9A92E48F82EBB786E989BFEC8EB5E7BF83EBB4BFE6A382EAB383EBA383EAB382EA8D8FE7B383EBB383E8B5AFEC8ABBE58D93E28F82EABBA2E882A2E39783E8AF83EA8B85EA85ADE2B782EB9782E9B4AED48AECAE86E2BF83EBAF85EBBB82EBAF83E9BB83E9ABA2E882A0EC8AA5E6B782EBAF83E9ACB6E398BFE3BCBAE3ACB3E3A8BBEC8E9CE39CBAE7B1AAE6B382EAA1A7E79383EAA383E891B0E7BF83E8BDA0E7BF83E9BF83EB8383EB8783EA8F83EBB783E89F82E8BC8FEC8EB6EC9693E1A0BDE7BB83E98F83EA80ADE7BF83E9B5BFEC8EBCEE8A80E98F82EA859BEC8EBEE7AB82EAA383EA9F83E99B83E98783E98CA7EC8E86E7AB82E8BC8FEC96B8EC8ABEE79782EAA383EA9F83EA9B82EA8493E39F82E8BC9EEC8ABFE6A782EA9383EA9F83E89383EAA383EAA785EBBB83E98782EA8783E88783E8A783EA8782EA8782EAA782EAA5B1EC8E8BEC8E9CEE8A80E9B8BDE1998CEC8E94EC8EA4EC8ABAE29B83EAABA2E882A0E59997E69183EE8A80E9B1ABEE8A80EA819CEC8E93EC8E94EC8ABAEC8AA6EC8E96D591EC8EA3D7A2E882A2EC8EA7E19382E88595E49186EC8E92E4919DE191A5E48782E981B8E5B894E7A7A2E882A6EC8AA7D382E88496D592E18089E59B82EA80B8DB82EA8F8BE8988AE299A2E1908BEC8E81E39080E580A0E493A2E882A2E2AD98EC8ABEEC9692E693A2E882B9E39F8BE89B82EA9CB6EC8AA3E2AF83E98F83E8BB83EA9783E8A7A2E882A6E68F82EB9F83E99F82EB9086EC8A8DC382EB8782E9B5ACE780B5EC8AB6EC8ABDEE8A80E9A783EB85AFE6B383E9A9ACE2AF83E98DB3EC8E8EEC8EA1E4A783E89F83E98383E89383E8AB83E9A1B4E69383E8A593EC8EB2D782EA8190D382E8B4A5EE8A82EAB188E1918FEC8AA5EC8EB0E4B086E2ADA4EC8E90E5889EE2B783EA93A2E882B0E5B191E2A081E38B85E98B8BE898A8EC8AAEEC8E90EC9693E4B382EB849AEC8E8BEC8AA9E0B19BEC8EA3EC8EA5DB82EABF82EB95B8EC8AA5E1B385EBB782E9B7A2E882A2EC8AAAEC8EAFEC8AB9EC8EB7EC8EA1EC8E8FEC8ABCEC8EABE3B5B7EC8AA9E7A9AAE6B5B5E6AF83E885A1EC8EADEE8A80EBA98CEC8AACEC8EB8EC8ABEEC8EB8EC8A81EC8ABFEC8EBBEC8EA3EC8EB7EC8ABEEC8EBBEC8E86E7BF83EBBF82EB819AEC8E8AEC8E87E59CB6EC8E96E6999DE28B83E880BFEC8EBBEC8EB6E0BCBCE79783E9AD83E7AF82EB8080EC8AACE49B82EBB782EA8F83E8BB83EAA7A2E882BAEC8E87E5B183EC8E8EEC8AB9EE8A80E9B0B3EC8EB3EC8AA7EC8EA7E69D8FEC8E8FE4BF83EB9B83E8B385EBB783EB9F83E8B08CEC96B8EC96A1E3A9BDE78B83EA9194EC8E8FE481BFEC8E9FE4A383E8BF83EB8782E88783E9BB83EA8F83E88CA7E6BC9AE3B1B9EC8E8BE78383EABF83EB8783E98783E88493EE8A80E9B383E88CBDEC8E93E48CBDEE8A80E9B383EBB783E89F83E89D8EEC8E9FE389BAEC8EAAEC8EA6EC8AB1EC8E9EEE8A80EBAB82EA99BBE6BF85EBB8BCE79783EB8F83E8A3A2E882B0E5AC86E7A98FEC8A8FE0B383EB9382E8BF83EB9F82E9B49AEE8A80EBAB85EBA199EC8AB4EC8E8EEC8E9AE3A785E98FA2E8829CE2A596E18F82EA9382EAAB82EAB09BEC9693E599A5EC8EB5EE8A80EA8196E6AC99E0B583EC8E96E79589EC8E93E49195EE8A80E993A2E882A2E69B82EB9782EA9B83EB8B82EBB382EA8783E8A385EA8383E8818BE1B382EABF83EB8B82EB8B83E884ABE3959EE6B4ABEC8AB5E7B782EBB595E19F82EB9385EBB59AE6BF83EB8383E9AB85EBB992E6BF82EB85B2EE8A80EA89A4EC8ABAEE8A80E9A782EABB82EA808CE59782EAA382EA8383EAA7A2E8829AEC96BDE784A2E4A189E28386E98B82EA9DA0E2A192E3A896EC8E99E5B383E8BBA2E8829EE399B2EE8A80E9A382EAB783EBA383EB9B83EBAB85EA8783E8B782EB98B8E3B783EAAF8BE9B385E98F82EB988CEC96BDE6B783E9A3A2E88293EC96A0EC8E81E0A094EC96BDE28B83EB84B8EE8A84EA8989E59782EA89A1E38BA2E8829CEC8E82E58CA9E28BA2E882A2EC8E81EC8E92E3A49EEE8A80E9B885D091E2AB82E98181EE8A80E9A0A2E5B3A2E88298E78382EB9383E899B1E79591E580A8E5AB82EA8783EAA0AAE2BDB4E39382EBB4A9EC8AAAE4B596EC8EB8EC8E88E3AF85EBBB82EBA1AFE79F83EABF83E9B783EB9F83E9B783EBAF83E8A5B7EC8ABEEC8EA3E2B985E48B86E98B83E98782EBB1A7EC8EABE6B5A7E6B9BBEC8EAFCC8FECAE9CE6BF82EBB383EB9385EBB782EBAF83E8BD8EEC8E9EEC8EB2E7BF85E98CA3E48FA2E892A2E59782EBBDBBEC8E90E78999E3A783EB9FA2E882A2EC8EB7EC8EBCEC8E93E29782EA8BA2E882B9EC8AB9E38B83E8B192E4A59FE29F83E995B5E5899CEC8E87E2A4B7E58382EB88A7E28B83E98CBBEE8A80EBAB82EA8DABEC8AABE28DABEE8A80E98DBEEC8EABE59383EABF83EBB383E89383E88383EBB198EC8E9FEC8EB4E59383EBBF83EAB1B4EC8EBFEC8EACEC8E9CEC8AB0EC8E8DE3AB83EAA99CE1A9B5E6B59BE39B82EB9F83EA98B7EC8ABCEC8AB3E5BB83E99FA2E8829DEC8E87E39B83EA8783EAA8BBE3B8B9E78383EB8D94EC8E9FE2B493E29F82E8BF82E8BF83EBB383EB959FEC96B8EC8EACE3A4B9E7A383EBAB83EA9383E8A383E88383EAA782EAA7A2E882B0E18782EAADBDE684A9EC8AB0E1878BE899ADEC8EB9EC8EB3EE8A80E9A194EC8E92E19F83E8AC85E58CB9E7BCACEC8AB5E19785EA81AFD9A3E5AF83EBBB83EBA1B6E28382EB8B83EA9783E9AF83EB85BAE58FA2E88298E4A1B8EC8E87EC8EAFE5B599E78F83E9A49CE6BBA2E882BAEC8E93EC8AB7EC8ABAEC8ABEE6B19FE5A99DE789BBEC8A9DEC8AABEC8AABEC96BDEC8EA5EC8EB9EC8AB1E6A783E89F82EBB1ADEC8E83EC8EADEC8AB5E4BB83E8BB82EBA783EA9B83EAB382EAB899EC8E9BEC8AA6E7B4A5EC8AB4EC8ABCEC8EA1E5BF83E9A9B0EC8E8FE3A0B7EC8A9DEC8E9EE0B782EAADA7EC8E9BEC8EA1EC8EB5E5A996E39896E59B85EBB495E68F82EA85ACE6A383E9AF83EA9D9AEC8E9AEC8AB4E2BCBAEC8E86E69BA2E88294E29B82EAB09BE599B7E7A1A5E18F85EA8382EA9B83E8AF82E88588E3A498EC8AACE49383E88D80E39190EC96BDD783E88198ECAE9CE4A1A5EC8AB8E38984E69B83E8AD94EC8ABEEC8E84EE8A80EA8881E187A2E8829AE3908CE39CA8EC8AAAEC8E8EEC8EB0E18B85E989B1E19782EA9383E89889E2A986EC8E8AE0A18EEC8EA6E4AC9AEC8E85E1B782EAA383E89893EC8EB7EC8E9EE7AD97EC8ABBEC8EBEEC8E98EE8A80EA9B86E989BFE7AB83EA999DEC8EA7E7A0AAEC8EA1E5A382EBA193E18B85EBB9BDEC8EACEE8A80E9A0BBEC8AABEC8EB2CDADE68F83EA858DE7BF83EB95A8EC8AB5EC8E89D3A2E88299E78B82EAA383EB8984EC8EBBEC8E81EC8AA7EC8EB7EC8E9FEC8EBEE59383EB9DADE5BDBCEC8EBBE3BFA2E892A2E3BDB8EC8E83EC8EBCEC8E9EE19783EB8F83EAACAFE1B9BEEC8EB9EE8A80E991BFEC8EBCEC8EB4EC8EB7E7BF83EBA383E991A7E3BDB9EC8E9BE18C8FE18887EC8EADE1A383E89DB8EC96A0EC8E80E4AB83E998BBEC8AB6EC8AB6E3AB82EB8782EB98BCEC8EA9E7998DE7A59CE58F85EBB995EC8E8BEC8ABAEC8E97EC8ABAEE8A84EA89B4E29CB2EC8EAEE491A9E28D97EC8EB1C782E9808FE0A0B8EC8E83E1AC96EC8ABFE68F83E888BDE781BCEC8AA2EC8EA7EC8E96EE8A80E9A385EBBB85EBBB82EB87A2E882BAE6BF83EABB83EAAF83EAA499EC8EA9EC8EADE1B4BFEC8E9DE39CB5E388B2EC8EA3EC8AB2EC8AAFE6B0ACE7A597EC8AADE6BB82EB9F83E99783EA8F8BE9B19AEC8AB2EC96BDE3AF82EBB1B6EC8EAFEC8E8AEC8EBCEC8E8AEC8ABAE68DADE7B5B1EC8E8DE3A5A3E79F83E9A496EE8A80E99383EAB58BEE8A80EBA782EB8F85EBB783E89783EAA783E89595EE8A80EBA783E89CB5E6A59FEE8A84EA899BE5B385EBB99BEC8EB2E2B382EAB1ACE3A4B7EC8E97EC8A9DE5ACBEE79DB0E68DB9EC8E9BEC8EA3EC8EB0EC8ABAE19B83E9B383E8AFA2E88293EE8A80EA8B83E8B783E8958DEC8E87EC8AA4EC8E83E3BB82EB8DA8EC96B8E5A783EB90B8EC8ABCE4AF82EB8CABE2AF83EB8F85EBBB83E89783E8A4A5EC8EB7EC9693EC8E87EC8AB7EC8AB8E79783E8B383EA9DB2EE8A80EA9997E3B785EBB783E98489EC8E97EC8EA8EC9693E69F83E98B83EABBA2E892A2E791B8EC8EA7E5B782EA8783EA9782EAB783EB8383E8A9A6E681A9E39782EBAB82EBA89EE5A999EC8A8DE7AB82EBB591EC8AAFE39F82EB8B82EBB89EE5AB83EB9DAEE2B782EABFA2E8829EEC8ABCE5ACBEEC8AB7E39F82EBAB82EB8782EB9783EAB5B2EC8EB9EC8E9DEC8AABE1BB83EBAF82EA89B3EC8E96EC8ABAEC8ABDEC8AB2EC8AB9EC8AB1EC8EA4E5B5B3EC8AAEEC8AACE3AF83E9B5AEEE8A80EBA5BDEC8E9DEC8ABAE5A383E9B3A2E882B0E3B5B5EC8E8FEC8EBDE4BF83E9BDBBEC8EB9EC96BEEC8AA6EC8EBAEC8EADE4BDBFEC8EA8E78F83EABDBFEC8E87E7B4ADEC8EA9EC8ABEEC8AAAEC8EB8EE8A80EB8383E89C9FE6A783E881A5CCA9EC8E8CEC8E9DEC8EB2E7BC9EEC8E92EC8E95EC8A8FE5BB82EBA8BFE39B83EA99BCE4BF83EA9F83E9858FEC8E9CEC8EB7EC8A81E59F82EBBF83EBBFA2E88299EC8EB9EC8AAAE6A59EE38F83E8B583EC8E93EC8ABCE69B85EA8782EABC9FEC96A1E3BF83EBAF82EA9783EBA785EBA0BFEC8EBEEC8EA3EC8EA7EC8ABFEC8EBEEC8EABE4BF83EBB383E8AF83E8BCBFEC8EB2EC8EB9EC96B8E7B783EAA08BEC8E9FE7AB83EBB1A3E1BF83E9A1BDE0B19BE2A782EA909CEC8AB1ECAE86E28C96EC8AB0EE8A80EA8083EC8E8EE78383E9A095E4A782EAB0A6EC8EB2E1ACB9EC8E88DCA0C488EC8E98E2ABA2E88293EC8AB7EC8E8AEC8EB9EC8EB5E589A2E3A782EBACBCEC8AB1E3A8BFE6909FE3A4B5E79F83EAAB83EBA383E89383EB859BEE8A80EA818FEC96BEE1A383EAACB9E3B5B1E6AF83E8BF83EAA383E8A383EB8383E88B83E89382E980A5EC8AB0EC8EA4E0BCAEDB83EA8DABEC8E89EC8AA4E39C9BE5BD8DE49CBDEC8EB1EC8E9CE4B8A1EC8ABFEC8A9DEC8E8FE6B9A6E4AF83EBB992E6B8A7EC96B8EC8E9CEC8E8AE691BCEC8EB9E68B82EA808CEE8A80EA8180E3819CE2B985EC8EB3EC8E85E6A091E4B995EC8E8AE58480E0A386E98990E19084EC8EA3E580A9E588A4EC96A0D385EBBB83E88F83E9808CEE8A80E9AB82EA9CB1E39386E989A0E5A494EC8E8DE283A2E882A2E3A382E98383E9AD8EE684B1EC8A90E4B8A2E4A5AFEC8EB4ECAE9CE7B5B4E68B82EABB82EABDBFE795BAEC8E9EE38F82EB8783EA809EEC8AB3E7AB83E89B83EAB783E9B899EC8E87EC8EB2EE8A80E9B783E9B5ABE5A599EC8A9DE5B783E9B382EB9B82EABDAEEC8E99E3B383EAB899EC8EA7EE8A80E98DBDE795A5E6BB83E8A5ADE5B5B6E5AFA2E88293E6B783EA8CB6EC8E97EC8EB4EC8E92EC8ABAE7B783E994BDEC8ABFEC8AB4E391ADE5BF85E98D9DE5AB82EB8B82EAB0ACEC9692E5AFA2E88294E2B4ABE6BB83E8AF82EB89B3EC8E92EC8AB6E38B82EB9F83EAA382E9B5B7E69783E99C82EC8EAFEC8ABDEC8EB7EC8AA1EC8AA7E2BB83E9B5B6EE8A80EA8582E7BB83EAB782EA8D8FEC8E95EE8A80E9A383EBA383EAB49AEC8EB2EC8EA6E5B782EBB783EA91B5C4BBEC8E9EE79783E8AD98EC8E98E38783EBAFA2E882BAEC8AAFE7B3A2E882B0EC8EB2EC8EACE18385EBBB83E8A0BFEC8ABFEC8EB3EE8A80E9B383EA9BA2E882B9EC8AA6EC8EB9EC8AAAE7A783EAB783E9AB83EA85B5EC8EB3EC8EB0EC8EA8EC8EA8EC8ABAE7A783EAB783E8A383EBB383E9B783E8AF83E99F82EBBF83EBAF82EBB497E3BF83EB9F82EBA59FE7B783EB91A3EC8EBFEC8EB1EC8E84EC8ABBEC96BEEC8EBBEC8E90E49DBFEC8EBCEC8ABEE0BF83EBB783EA9FA2E8829CEC8EAFEC8EBFEC8E92CF83EABF82EBB785E989B4EC8EA1EC8AB5E28B82EBA08EE19382EBB180E6A493C382EB9B82E88785EA809FEC8AACEC8EB83CE580A1EE8A80E9A8B0E1A783E88890E3BC8AE6B981EC8E85E794B0EC8EA4E0A382EAB98CE7A5A6DC97E49D8EE5A5BAE4BF83E8B383EB9383EB998CEC8ABFEC8EA9EC8EA6EC8A81E5ADBBE49DBBEC8EBAE298A7EC8E87E198B4E4B1AEE18B83E994B6EC8E93EC8AAEEC8EA1EC8EB5E3B783EAA782EA8383E89782EB9895E5A096C783E9BBA2E88AACEE8A80EA88AAEC8AA2EC8AAAE19782EB9586EC8E96E29588EE8A80E9A180EC8A8DE2BFA2E882B9E78985EC8EA2E687A2E88293D088C491E1918CE6B5B3E2B782EA8783E88993E69482E2BCA2E193A2E88AACEE8A80E9B1A5EC9692E2B383EA85A4E0A783E89D8BE2A191EC8E86EC8A90E7B185E480B8EC9A92E59B82E981A4E3A783EAB383E9BB83E9A5B4E7AB82E8BCADEC8A8FE4BF82EABD8EE5A8BCE18C8BE2AF82EA8C8BEC8E8BE28C96EC8E8FEC8AA4E7B5B9EC8E92EC8EA6EC96A1EC8AB0EC8AAEEC8E8DEC8ABBEC8AB6EC8A9DEC96BEEE8A82EAB1BBE38F83EA8383E9BB85E989B8CFA2E882BAEC8AB6EC8E95EC8E90EC8E8AE4BB83E8909BEC9692E6B7A2E8829EEC8EB3EC8EBEE59383E8BBA2E88294D182EC8AB9EC8EBCE4BB82EB889CEC8E8CE28899E0A18EEC9A92E49081D493E294ACE0B783EA89A9EC8A90EC8E89E289BCEE8A80E98CA2E18C80EE8A80EBAB83E8B383EABFA2E88298E4908BEC8E8EE3BF83E9A094EC8A8DE68B83EBA383E88782EB9884EC8EBAE3B4A1EC8E97E7B1A6EC8E83EC8ABDE78383EBAB83EA9087E2BB83E9BF83EBAF85EBB8B3E79DACE1B785EBA1B9EC8EB6EC96BDEC8AA7EC8E8CE3BF85EA8783EA99B5EC8EB3E2BF83E89F83EA8783EA8782EA85B9E69385EA8597EC8AAEEC8ABCEC8EBCEC8EB5EC8AAFEC8ABFEC8EB8E0BF83EBBF83EB8383E98F83EB9DBCEC8EA0E4AC8FE3B9B6EC8EB4E6BF83E9BF83EBA383EAB993E7BF83EB8F83EA97A2E882A1EC8E9EEC8EB2EC8EA1EC8EBDEC8ABBEC8ABBE1A596EE8A80EB8382EB8DBCEC9693E48F83EBB0A8E1A783E88B8BE9B0B0E48485E384B6E4898AE7858AEC9692EC8E92E48BA2E8829EEC8EA1E288BCEC8EAEE29F83EA81ADE38383EA8D89EC8EB9EC8A9DEC8EA1EC8E99EC8EA1EE8A80EA8B82EB8783E88783E89783EA85BEE4ADBFEC8EAFEC8EB4EC8AA9EE8A80E9B383EA8F82EA9DBAE69DAEEC8EADEE8A80EBAB85E98F85E98DB159EC8AB0EC8E8AEC8EAAC8A6EC8E8AEC8AB8EC8AACE18385EA8180EC96A0E1B383E8B98BEE8A80E9B8A0E18482EC8A8FE38082EC8E82EC8AB1E180ABE68785EA83A2E8829EECAE86E188A6E4A38BE9B383E88382EB8C82E4ADB3E0B18EE78C84E28FA2E8829CEC8AA2EE8A82EAB1B1E2B182E788A8E49480E0A083E18C8CEC9692EE8A80E9A0A5ECAE86E2A4A1E79099EE8A80EA8990EC8AA6E1818DDF83E99DBCEC8AABE79B82E8BDABE7BB83E8A4BAE684B9E199B2E7A99CE28F82EB8CABEC8AA3E0AF82EAB9A1EC8E8BEC8E8AEC8AB8E6B5B9EC8E82EC8ABEE6BB83EB9FA2E88AACEC8AB1E790A5EE8A80E9A0ADEE8A80EA99A3E5A59FE1818EE69B82EA81B8DB83E8AFA2E8829DEC8EA1E69382E88783E8A8A3E7B3A2E892A2EC8A90E28385EA84A9EC8AA0E7909EE687A2E882B9ECAE9CE0A192E7A081E68181EC9693EC9A92E0A096EC8E84E2978BE9B190E18782EA9B85EA808AE4B59CEC8AB9EC8AA7E79783E9AF83E9B782E8B5BDE39BA2E88298EC8E94EC8EB2E1A782EBB78BE9B383E98B83E8A989E2A382EB8385EA859BEC8EB3EC8E84E59B83E9B3A2E882B9EC8E83EC8AA3E2AF86E98993E0BF82EB8783E9B783E88B83EA9383EBA9AEE5AB83EBB383EBA783EA9DBFE7B1B4EC8E9DE3B0B2E4B783E98CBCE39382E8BF83E8B09BE69F83EA9B83E98782EA8783EBA783EAAB82EAACAFE7BF83EAB59FE7BF83EBB783EAB187E7BF83EBA383E99383E98D9FE7A783EA90ADEC8EA6EC8A8FE7BB83EBA382EBA487E1BB83EBA383EA83A2E892A2EE8A80EBA48FEC8AB0E7AB82EA9F83E88383EB89B1EE8A80E9A98DE589A8EC8AB0EC8E82E298A9E28888E78DB1E5A98AEC8EB3E4ABA2E8829AE58F83EA8D82E28D97EC8AADEC8AA6E394B1EC8E8AEC8E93E28492EC8E9CE2A587EC8E9DE4A783EAAF8BE9B1BBEC8AACEC8E8FE39B83E99B82EBBF83E981BFE6AB82EAAB83EB9F83E991A4EC8E8FEC8E89EC8E89E58F83E88FA2E88293EC8E93CF83E98CB8E4A9B1E3A382EA9F82EB8F82EAAB83E888AAE188ADE2A7A2E8829DEC8AA4E583A2E88299EC8E86E4A892EC8E8EEC8E8AD1B7EC8EA3E58B83E881B8EC8A81E190A5E48BA2E8829DE0A382E88782EA9CB8EC96BDE690B9EE8A80E9A991E6A181E69985EE8A80EB8383EA85B8EE8A80E9A5A6E683A2E8829EE48CB1E184A7EC8AB8E0AB82EA99A2E793A2E882A1E59F82EAA49CEC8A90EC8EB5E49783E99F83EAB383EAB88DEC8AA7EC8E97E39782EBBF83EA938BE9B1B4EC8EACE2B1AFE1B48BE2BF82EABB82EBAB83E89CADEC8E8BE28F82E8BFA2E882B0EC8EBB00E28080E4A584E48594EC8AA3E78F83E9AC8BEC8EAEEC8EADD783EB9F83EB8B82EA9383E8B4B5EC8ABBEC8AB0EC8EA9EC8EB4D197E39F83EB8B82E884B0DD94E5A080EC8AA0E4ACA5E3899FE28B83EB8CA5EC8AB2D091EC8E85E3899EE2A3A2E88298E297A2E88AACD8A0E19986ECAE9CE0AB83E89382EA8783E9A08DEC8EB9EC8E84E68F82EB93A2E8829EEC8E93C982EC8AA8E291BBEC8AAEEC8E9AE7A783E9AD9DE0BDBCEC8EACEC8E89EC8AA7EC8EB0E7808CE0B783EBA383EBA5B4E5B383E8A0A6E18F82EAAD8BE5ADB6EC8E87EC8EBCEC8EA9C5A0E28F83EA9383EABBA2E892A2EC8AAEEC8E98E28C9FEC8AB8EC8EB4EE8A80E9BB83EBA782EAA9A9EC8ABEE6B89EEE8A84EA8B83EA99B5EC8EB3EC8E90E3908FEC8E8DEC8E83EC8AA3E3BF82EAB783EAAF83E99D9FE3ADBAEC8EBEEC8E97E2BDBDEC8EA9E5BF83EBBB83EB9CA3E1BF83EBB383EABBA2E8829CE4BDBEEC8EB8EC8EA0EC8E9CEC8E91EC8ABFE7B783EAAD9DEC8EB5EC8E96EC8EA3E7AB82EB9FA2E882A2E49782EAAD99E58B83E8A783E981ADEC8AB8E4A987E580A5EC8E8BE4A5A9E59B83E8B88BE58996EC8E94EC8AB2EC96A0EE8A80E9A783EA809AE7A782EBA59EEC8A90EC8AB5EC8AACEC8E84EC8E87E3A4A4E5A189EC8AAFEC8EA7E598ADEC8ABEEC8EA9EC8AA1EC8E85EE8A80E9A383E9BB83E9A783EBB993EE8A80E9B382EBB782EBB7A2E8829CE29D8FE4B783EB908DE5A98EEC8EB7E4B5A1E0A382EAA782EB8F82EAA986E4A995E4B8B3E2918DEC8EA3E39786E98B83E98D94E5A8B6E3A19DE298A5EC9A92EC8E93E69586EC8E91D583E199B4EE8A84EA8993E3959EE59CA4EC8A9DEC8AA1E7A382E88496E5958EE19499E48783EA85A5EE8A84EA8B83EA9495EC96A1E585A9EC8E86E28382EBA4B6EC8AA7EC8EB0E69782EAB098E4A1ACEC8E98EE8A80E98C97EC8AA7E6B383EB8F82EA8DB3EC96BDE4A7A2E882BAEC8E9FEC8ABDCF82EA9D81E18782EA8782E8BFA2E882A6EE8A80E98F83E9B18BEC8AA3EC8E93EC8E8EEC8E81EC8AA9EC8E94EC8AAAEC8AAFEC8AB8E18D8BE7A1B7E399ACEC8E8EE197A2E882B9EC8E93E3A8BEEC8ABFE3A0BDE1BDB2EC8AAFE19783E88DA1E1B882E3A498EC8AA2EC8E8AE69496E489A9C383EA98AAECAE9CE488B0CBA2E8829AEC8EB1E2A383E898A1EC8AA8EE8A82EAB3A2E88299E0A8A9EC96A0E1A0A7E18FA2E8829AE4B0B0E0A981EC8E95E6A1AEE5BF83E9849FEC8ABFE79383EBAF83EBAC9FE7A988E4A0A6E3ABA2E882A2E0AB82EBB382EBBB82EA8783EA95B3EC8EA0EC8E96E79B83E8B382EBA783E9B085EC8E89EC8E8FE3BF83EBA382EAB8AFE3B783EBAB83EBB99FE7B383EAAB83E9BF83E8B783E99D8DEC8EB3EC8E90EC8ABCE6899EE39F82E8BF83E8B382EA8F82EA8CA3EC8E93E39383E8B4A3EC8EB3EC8EA8DB83EAB497E7BDAFEC8EBEEC8E8FEC8E8FE5BB83EBA383EAB382EA9F83EBBB83EBADBDEC8EAFEC8EBEEC8EAAE28F82E8BF82EBB382EABF83E9A783EBB782E8BCA7EC96B8EC8ABEDDA5EE8A80EBA989EC8AA4EC8A9DEC8AA7EC8AB5D199EC8E8BEE8A80EBA5AAEE8A80EA8097EE8A80E9B3A2E8829DEC9693E69B83EA908CEC8AA7EC8EA6D0BEEC8E83E2A999EC8AB1EC96A1E18DABE7A782EBB996E18B83EB9782EB88ACEC8EA6E490B2E48890E385BAEC8E93E19B82EB8785E988ACEC8A8FE0BD98DB83EBA8A6E4BF83EB9F82E8BF83EB9785EBB783E8B08CE0B19BEE8A80EA8782EA9F83EAB383E9ACBBEC8E81E4BB82EBB59BEC8EA5E0B782E8B783E99CB4EC8AA5EC8AAAE4AD95EE8A80EA8B82EABF83EAA9BCE4B5A5E0B782E8B782EAAC9AE48B83E9B490EC8EAAE59782EB8782EA858AE797A2E882A2EC8AAFE1A9B2E4B7A2E88298E7918DEC8AADE2A782EA88A1E0AF82EBAB83E8A0ABE3B0ABEC8EA8EC8AB2E28B82EB8F83EAB181EC8AB5EC96BDEC8AA5E0A8A5E5BF83E9B0BBEC8AB3EC8AB8E38B82EB9DA8E1AF82EB8CACEC8E8DE3A093EC8ABEEC8AB8ECAE86EC8EB2E4B782EA84AAEC8E83E2B385EA84AFE1BF83EB8CB9E59DADE48D93EC96BDEC8E81EC8AA9EC8E82E59888E0A985E6BB8BE89983E2B3A2E88298EC8E89EC8EBBE68B82EBBB83E89783EB97A2E882A2E7A783E99F83EA8B82EB9383E88CB5EC8ABBEC8AB8EC8AB5EC8AB8E5A88AEC8AA7E0B3A2E8829AE6BBA2E882B9EC8AA2E4ABA2E88299DB83E89CAAE0B0A5EE8A80E9A3A2E8829DE489B3E2A8ADE6AF82EB91ACEC8AB0EC8AAAE48989E3AB82EAAF83EAA785E98B83E98BA2E882A2EC8AAAE19DA5EC8EBDE2B983EC8AA7E18C89E39BA2E882BAE0A4AFE3AB83EBB782EB98B9E29383EA8B83E9BD99ECAE9CEC8AB9E48383E98783EBBF83EBA5B7E1BDBAEC8EAEEC96B8E3BB83EB8782EAADAFE7B783E88F82EBB1B6EC8E8DE3908FE0BF83EBBF83EBBDB9EC8EBAEC8EA8EC8E8FEC8EA3EE8A80EA8B83E99F83E8B0BFEC8EBCEC8E9EEC8EBCEC96B8EC96B8EC8EBCEC8EB2E68F83E8BDBEEC8EBDEC8E81E49CBFEC8E92E3B9B8EC8A90EC8EA0EC8E9EEC8AAEE79783EB99B2EC8EB8E6BBA2E882B0E6AC94E1A0A5EC8A81E1A499E4998BEC8AB3E5AB85EA8783E98CB3EC8ABCEC96A1EC8EA5EC8E94E2B382EA9F82EA9F83E895A6E585ACE19382EBA1A6EE8A80E9A382EABFA2E88294EE8A80EA99A6E494B5C382EA9786E988B7EC8AA9E3A093E5B98EE3AF82EA9F82EBB383E98CA3EC8EB6EC8AA1EC8A81EC8EA9EC8ABEEC8E81EE8A80EB8383EBBB83EA87A2E892A2EC8E81E68783E8AF83EB9383EB9383EA8B83E99B82EBAB85EBA0A3D595EC8E90E6ADBAEC8AABEC8AAAE3948DEC8AB9E59995EC8EAAEC96A1EC8E9CEC8E90EE8A80EA8B82EA98A6E39D94EC8AA9EC8AAEE2AD8DE5B782EAA5ABE7898DEE8A80E99382EAA995EC8AA9E59995E6ABA2E882A0E59B82EABC99E79583EC8AABEC8E96E595BDEC8AAFEC8E96E6B38BE898AAECAE9CEC8E8CE6B8B8E59B83E99C97EC8E9CE4AC93E0BB83E9AF82E980B5EC8AB8E1A3A2E8829DE68782EA84A3EC8E94E693A2E8829AEC8E93E3A7A2E892A2EE8A80E9A890E19981E1A498E3A783EA999FEC8E99EC8AB0EC8A8DE4B0AFE4BCAEE191B6EE8A80E9A8B7E0B1BEE39385EBBB82EA98B3E3A4BAE5B5A0E0A9B0E28782E98385EBB782EAB185E1B7A2E8829CEE8A80EBA783E8B8A9EC8AA7E6AF83E89891E5B999DCA2E78782E8B4A0EC96A1EE8A80E9A783E983A2E8829DE297A2E882A2E68595EE8A80EA8383E99C98E495A7E397A2E882A2E599A4E5ABA2E8829CE2A382EB94AEEC8E96E79B83E89783EAAB83EA95BAEC8EB3EC8EBEE79B83EB8F83E9B9A6EC8EBDEC8EADE79D9CE0A8ACE2B8AEE4B58CEC8AB8E29F83E89B82E9B782EA9D8FEC8E9DEE8A80EA8382E88783E9BF83EBBF83EBAF83EB9F83EBBF83EAAB83E9BCBEE78F83EAB7A2E882A6EC8EA7EC8E8CEC8E83E39D8CEC8EB3EC8E9AEE8A80E9A1B9EC8EB8E19F83E8A1BFE685BDEC8EADEC8AA5E3BF85EA85BFE7B383EBA783E9A9BFEC8EBFEC8EB8EE8A80E9909FEC8EBBEC8E84EC8E97E1BDBEEC8EBCEC9A92EC8E8DE38F82E8BF83EB8783EB9783EB8C80EC8E9BEC8E8AE58782E8B492E6BF83EA9383EAA1AAEC96BEE58593EE8A80E9B7A2E88293E69B83EB948CEC8AA7EC8AA5E5A4A5E4A5AAE6A596E4A4B2E49BA2E882A0EC8AA9EC8EA5ECAE9CE59989E6A3A2E88293EE8A80EA99BAE5A782EAA081EE8A80E9A7A2E8829DEC8EA3E6A9A0EC8AB5EC8ABCE0B5ADEC8E98EC8EBCE38CA3EC8AB6EC8AA9E78783EAAF82EAA593EC8AA3EC8EBDEC9A92EC8AB3EC8EA3E68F83EB9B82EBA499E59DB0E2AF82EAAB83EB8995E48DADEC8E94EC8AAAEC8EADE5AB82EB959BE39F83E9A88DEC8ABDEC8E95EC8AA8EC8EAEEC8EAAE5AB83E8AF83E98382EBAB82EBAB83E998B2EC8EB4EC8AB6EC8AAEEC8AB5EC8AAAE5AB82EBAF82EABB82EB989BE6AB83E98F82E980B4E4B590E6AB82EA8B82EB89A7E391AAEC9693E59385EBB782EA9382EBB4B6EC8EB7EC8EB2EC8EACEC8EA2EC8E92EC8EB8EC8EA2EC8AA6E797A2E882B9EC8E88EC8A90E188A0EC8A9DEC8E93EC8E8FE59899E4B4A6E3A09EE28DB9EC9692EE8A80E9B4A9EC96A1EC8E83E1809AE49782E8BD85E59B82EB9F83EA9F83EBAF83E89BA2E88293E49B82EA9F82EA85A0E0B382E8B783E89783E98598EC9693E4A383EA9782EAA1B4EE8A80E98D8CEC8EA6ECAE9CE1B180E69080E3899BEC8E81E38FA2E882A2EC8E8CE79B83E988B5EC8EA9E79383E8B4AEE2BB83E8B4BAEC8E96EC8A9DEC8E8BE580A6EC8A8DE1948BE19DB7EC8ABBE5959EEC8E90E5A189E69D95EE8A80EA8B83E98DA4E59997EC8AB8EC96A1E2B898E69F83EB9086E1B08EE6A5B0EC8EA9EE8A84EA8BA2E882A1EC8EAEE7B783EA8B83EABB82EBADA2E6AD9EEC8E9FEC8E92EC8E8AEC8EAAEC8E94EC9692EC8AA7E7BF83EB8382EAA5AEEC8EBDE7AC9FEC8EBDEE8A80EBA8ABE3BF83EBBB82EAAB83EBA7A2E882A1EC96B8EE8A80EBA997E5B8B6EC8A8FEC8AAEEE8A84EA8B83EA9B83EA859FEC8E8AEC8AA1E6A49EEC96A1EC8EA6EC8EA1EC8E91EC8E95E6AF83EA9B83EAAD97EC96BDE7BB83EB8FA2E8829AEC8EB9E3BCBFEC8EBBEC8EADE69CBEEC8EBBE1BDAFE7BF83EAA89FE2B8BDE790BFE6B785E98FA2E882A1EC8AA5E4BBA2E892A2E59F83EB8F82EAB3A2E88293E68FA2E882A2E29382EAA4A4E4A4B9E4B7A2E882B0E4A582E4AB83E98582EE8A80E9A492EE8A80E9A494EC96B8E28383E99494E29783E89783EB859AEC96BEEC8E97EC8EB3EC9693E5B890E6AF82E98383E99985E1ACB5EC8AB0EC8E8AE293A2E892A2EC8E90E58B83E9A0B9EC8EA1EC96A1E1A38BE9B09DE1BB8BE9B09EE1BF82EB9783E8BB83E8B4ACE2BF83E8B382EABB82E98090E59D97EC8ABBE59782EAB5ADEC8EA8EC8EADE6AB82EB959BEC8AAFEC8AB5EC8EABEC8E95E59B83E9B5A8E6AD8AEC8E9BEC8E90EC8EB6E6BBA2E8829EEC8AAEEC8EAEE59B83E99782EBB782EBAB83E9B1A9EC8E8AEC8A8DE3AF83EB98AFEC8E9CEC8AB1E79D96E29D98E3A385EBB99DEC9693EC8AB1E5AB83E89F83EA9FA2E88294EC8AA6E19BA2E88294E49BA2E88294E0A8BBEC8E85E7B5B1EC8ABFE2ADB4EC8AAAEC8AB4EC8AB1EC8AABE794A4E48B82E98098EC96BDE28D99EE8A80E9A383EA99B9EC9692EE8A80E98C89EE8A80EA80A3ECAE86E68FA2E892A2EC8A9DEC8E88EC8E82EC8E80EC8E84EC8EAAEC8EB4E489A1EC8E87EC8A8FEC8E85E18DB8E28BA2E882B0E29F82EB8DA4E2AB83E88F83EA918AE6B089EC8EA4E487A2E8829DD8A0EC8AAEEE8A80E9AB83EAA484EC8A8FE290A1EC8E9FE4AB83E880B5EC8EABE5A898EC8AB7E5A1A7E2B3A2E882B9E399BBE781BDEC9A92EE8A80EA8591EC9A92EC8EA1E39385EA8783E99C84E497A2E8829CE6AFA2E88299EC8AA8E6AF82EA89BEE68382EB918BE3AF82EA858AE2A383EBA383EA9382E9B497E3BF83EB9B85EBB783E89CB4E1A088EC8ABBEC8E97EC8EBCE0BB83E99F83EBAB83E8A383E9A386E988A2EC8EB9E5BDBFEC8EBFEC8E8CEE8A80EBA783EBBF83EBA7A2E882A6EC8EABEC8ABFE7A783E8B9BCEC8EA3E19783E98F82EBB1BAE79383EBA3A2E882A0E7A5B8E791A4EC8EBEE3A59FEE8A80EBAB83EA9B83E98783E994B7EC8E8CE2AF82EABFA2E882BAEC8ABFEC8EBDEC8A9DEC8EB9E3BF82EBBF83EBB383EBB497EC8ABFEC8EB4EE8A80E9B08FE3BF83EBAF83E89487E1B9BFE58B83E9B4BFEC8E88EC8AB3EC8A9DEE8A80E9A782EAA383EA9C85E28785EA80AAE4A785EA858FE581BCEE8A80E9A892E18CB4E1AF83E88783EBA4B8EC8E81EC8E86E780B6E4A782EB8991E4918BEC8E93E49BA2E88293EC8E95EC8EB3EE8A80E9ABA2E88293E19F83EB97A2E88299EC8E96E48B85EA85A7EC8AA8E2B89BE28F82EB8B83E9BB85E989ABEC8E9AE3B783E9A8BFE7AF82EBA9A7E791B2EC8E9CE3B8BBEC8AB9E3B0B0E39383E9BF83E980BAEC8ABBE7AF83EA9C94EC8ABDE594B3EC8EB6EC8E9AEC8A8DEC8AB3EC8EB5E5AB82EA9D9EEC8EABE39383EAA9BBE59782EAB59DE58CBAE395A5EC8E97E581B6E795B5EC8AAFE6989CEC8EACEC8E97E0BB83EB9BA2E882A2EE8A80E98D82E58382EB8580EC8E88E3A9A1E5A785EBB99BEC96BEEC8EABEC8A9DE5B785EA859AEE8A80EB8382EABCA5E29580EC8ABEEC8AA0E5BF83EAA188E5B782E9B783E995B4E48782EABF83EB8BA2E882A0EC8E8CEC8E88E388A3EC8EB3E29383E8AC91EE8A80E9B783E8B383EB88ACE4B9B2E0B1BFE2B383EA8783E9B782EB8783EB9382E8BCAEEC96BDEC8E8DE590A2E384A2EC8A9DE49192E78782EBA994EC8E82E38C99E19880E6A080EC8AA2E4838BE89B82E88491E184A7E3A098E69D81E588A5E69496E6818AEC8AA1EC8EBCEC8AAAEC8E85EC8EA3ECAE9CEC8AB4EC8E99E298ACEC8AAEE3A4BBEE8A80E9B783E8AB82EB91A5E79597EC8AABEC8EADEC8EAAEC8E8DEE8A80EA8194E6AF83E8A383E89B82EBA783EA999EE28498EC8AB1E0B383EB98A5E59BA2E88294E2AB83EA8783EAB5B7EC8E9DE78F83EBA783E8B986EC8E8BE69DB1EE8A80EA8383EA98ACEC8A9DE6B383EB91ABEC8EAFE7A782EB8F83EBA7A2E882B9EC8EAFECAE9CE2BCBFEC8EBFEC8EBFEC8AB1E3BB83EBA993EC8E8AE3B8BAE3A8BAE3A8BAE38B82E8BC8EEC8E8DEC8E97E5B8B5EC8EBFEC8EB0DF83EB8F83E99F83E8BF83EBBF83EB9193EC96B8EC8EBAEC8EB5E29CBFEC8EB3EC8ABDEC8AA7EC8E9EEC8EBFEC8E89EE8A80EBA48FE5BB83E8A0B1DC85EC8EBEE5B185EC8E9FE2ACA9E1B580E584B2E2B09BE28F83E9A098EC8E81EC8E85E4A4BAE4B9A0EC8AA1E4AB83E89487E0A189E4AB83E8A782EB8186E48782EAB3A2E88293E19382EBB782EA9195EC8AA1E6AB82EA8D92E6BFA2E88AACEC8E95E29994EC8E8BE6BF83EA90BCEE8A80E98F82E8B7A2E892A2E68783EBAD90EC8E9FEC9692EC8E9DEC8ABAE398BDEC8EADEC8EA8E1B785E98CA2E6818AEC8E93E1ADBAEC8AADEC8E9BEC8AA8E1B4B4EC8AABE69DABEC8E9AE7BB82EA8DB6EC8AB6E5AB83E9B782EAAF83E99F83EB9F83EAA986EC8AB7E69783EAB383E99B82EA91A6E59F83E9BCBDE59CBFEC8EA8E0A1B5E2A385EA8783EB94BAE59B83EA98A6EC8EA7E19F82EA9B82EAB383E999B1E49DAEE3AF83E98F82EA9385EA8783EA9DAAEC8AB7E39783EBA18EEC8A8DE6BF83E8AB85E989B2E68F82EB9D81EC8EA3E797A2E88298EE8A80E9A4A4E5ABA2E88299E1A181EC8AA0E3A081E69DA4EC96A0E69CB0EC8EAAE5A1B2EC8E93E6BC9DE1B19FE1A098EC8E83EC8E92E1A4A4EC8A9DE2888BE5A4A8EE8A80E9B383E89B85EA81B9E0A884E5A084EC8AA5E587A2E8829DE28C88E19B83E89DB9EC9692E190B0E4B980EC8EA9E2AB82EAA783EAB08AEC8AADE2AB82EABB82EA8D89E6B1A5EC8E96EC8EADEC96A1E5B99AEC96BEE79F82EBA0ADEC8EB6EC8EB4E69B82EA8186EC8EB2E7AD8AEC8EB5EC96BDEC8ABDEC8AB3EC8ABBE5AB82EAB49CEE8A80EB8382EABF83E9AF82EAB3A2E88298E19783E99F83EBAB83E9B3A2E8829EE5A383E8B19DEC8A90E29382EB9590E3B983EC8E92EC8AA2E7BF83EBB5A7EC96B8EC8EB9EC8AB0EC8EB9EE8A80EBA89FEC8ABFEC8EBEEC8EBCE78F83EA9B83EB94B7EC8E8CEC8AA3E39F85EBB48EEC8AAFECAE9CE49D97EC8A8FEC96BDEC96BDE4B383EB8F83EB8383EB8383EBA995EC8EB3EC8EA8EC8ABAE7A783EBB48DEC8EB3EC8E8AE6AF83EA998BE2BFA2E892A2E2BF83EBB383EAB88FE5BF83EBB783E9A89FEC8EBEEC8EA5EE8A80EBA783E8BDBFEC8EBCEC8E93E5BF82EBBB83EBBF83EB84B3E38783EAA093EE8A80E99383E9BB83EBA984EC8EADEC8E92EC8E83EC8EA2E484B5E4AD8BE2A592E4B383E98594E0B382EA9DA2E3A3A2E882BAEC8AA4ECAE9CD3A2E882B0DC90E38783E89782EAA0B9E5BB83E8A5B2DB82EA8383E998AAEC8AB5E3A99CE6BF82EA8783EB949AE5A0BDEC8E8FEC96B8CD83EC8EB0EC8EB2EC8EACEC8EBAEC8E9CEC8AA8E78DA4E681BEEC8E89EC8AB9E3A4BAE69783EAA49BEE8A80EBA8ACEC8AA4E4AF83E995AAEC8E97E381B6E6AF82EB94B3E59783EBB782EA81A1EC9693EC8AAFE1A5A7EC8AAAEC8A8DEC9A92E5AB82EB9783E9B782EAAB82EB9B83EB9DABEC8ABBEC8AB7E79783E8BB82E9B782EAB783EAB5A5CF83E8A58DEC8EA7EC96A1E6AF83E89B83EA8785E98DB2EC8E9AE29F85E98F82EBA580EC8AB1EC8E89EC8AB4E2BB82EB99AEE6ACABEC8ABBEC8ABAEC8E98E59382EA9782EBAB83E891A8E1AB82EABF82EAAF82EB919CE18F82EAAB85EA8590EE8A80E9B198E495A4EC8EA4EC8AAAE59382EA9491E5A8A6E4949EE694B9EE8A80E9B8BDE19B83EB8F83EBAB83EA9887EC8E86E2B786E98893E780B2EC8E87EE8A80E9B783E8ADB4EC8AA9ECAE86E19C8AE19088EC8E90E1978BE9B182E3809AE29DB8EC96A1E188A8EC96A0E28CA8E18783EA9C95E4BBA2E88299E2A59EEC8AA5EC8AA4E3A9A7E5B1A8E5B783E98189CF85EBB4A3EC8AABE59B83EABF83EA8B82EB91A3E7A783E99B82EBA5A1E5AF83E8BB83EAB3A2E8829EECAE86E5B383EBA580EC8AA9E79588E3A782EB8F82EBA993EC8E9CE0BBA2E8829AEC8E81E581B6EC8E9DE1ADB3EC8E98EC96B8EC8ABCE78383EA85B3EC8EAFE7AB83EA89B6EC8AA4EC8EBCEC8E93E7BF83EBB383EAA383E99783EBBF83EBA782EABB83EBA783E8998BEC8EA6EC8E91EC8AB5EC8EABEE8A80EA8597EC8E8CEC8AA3E39F83E8B382EA8F82EAAD87E49F83E99DAFEC8AB0E3B8BAE7B383EA8D8FEC8AACE5BDBDEC8E99EC8EBCEC8EA3EC8E8BEC8EA6E4BF85EBBB82EBAF83EBAB83E8B5AFEC8EBCEC8EA6E58F85EBA383EBA783E9A487EC96B8E7B783EB9B83EAB383E9B59FE7AF83E9AF83EBAC9EE6989AE0BC8BEC8E9DE7AB85EBB592E58B82EBA382E980A2EC8E94E1B382E8BF83EAB080E7B3A2E8829AEC8AA2EC8E82E2A093E29BA2E8829DE2B382EABF83EA9485CD90EC8EAAE19782EBB782E8B4B5E1A988EC8AA3EC96BDE1A09DEC8AA2E7959EE3B08FE49783E981ADE59DA4EC8AACE7BF83E9B8B2EC8AB3E3B0B2E68B83EAA49DEE8A80EBAB83EBB782EBBF82E8BF83EB9FA2E88293EC8AB3E5A382EBB5BEEC8E96EC8E90E0BC8CEC8EBDEC8AACEC8AA1EC96BEE38F83EB9083E4B783EAADA8E7AB82EA8F82EA8783E99F83E8BCB6E79BA2E882BAEC9693E5ABA2E882B0E19D97EC8EA7E5B385EBB589EE8A80EA85B5EC8E8CE6A89FE78CA0E0A783EAB385E989B1EC8EBEE68B83EB9F85EBB786E98B83EA9BA2E882A6EC96A1E5B383E99D84E48FA2E882A2EC8AAAEC96A0E5A0B3EC8AA4EE8A80EA80A1EC8E94E79782EBBB82EA9B83EB8B83E9949BEE8A80EBA8BBCB82EAAF83EAA3A2E88299E28783E98492E4BC88E188A1E0AB8BE9B1B8E2B382EBB499EE8A84EA8B83EABFA2E882BAE78385E98B83E8B9A7E7B591E28997E29B83EB8CA5EC8ABAE591A2E2AC98EE8A80EBA782E980ACE489B2E3A383E89C93EC8ABCE4A3A2E882B0E2B18EE58C88E28593EC8ABCE4888BE2A8A3E6AB82EBB0AEEC8E93EC96A1EC8E8AEC8E96EC8E9AEC8EBAE6BBA2E8829CE6BD81E18783E88383EABF83EB8383E9AF83E89C9CEC8EB6E2A7A2E882A1E7B783E8AB83EAA9B7EC8AADEC8AB6E38785EA818AE69B82EBA194E2B9A4E79783E8AB83EBA492EC8EACEC8EB3E4AF83E8A783EBA383E89C9FE7AB83EA8191E18783EBAF82EABD8FE7B783EB8383E8A8AFE7B9ACE5B9BDEC8E85E3B382EBA9AAE1B99DEC8ABFE5848FEC8AAFE1BC9DE1B89EE5B8B3EC8E8DEC8E83EC8AABE6BF82EBB383EBAB83E89BA2E882A2E59F83E8B382EA8DABEC8EA6EC8EABEC8AAFEC96A1EC8AAFEC8ABEE78B83EA95BBEC8EBFEC8EB9EC8E82EC8EA7EC8EBEEC8EB1EE8A80EA998FE7BF83EA8B83E9AF83EABDBCEC8E87EC8AB3E19CAEEC8ABDE48F83E9BF82EBBC93EC8E95E3A8B9E4998BE58582EE8A80E9A894E58F82EB93A2E88299E68782E8B4ACEC8E9FE2B0A8E6ABA2E8829AEC8EA3E68F82EA9385EA8783EA9785E98BA2E8829AE6A094EC8AA5E1AB82EA9383E995A0EC8E9D35E197A2E88293E59590E3B8A7EC9693EC8E81E189A4E78B82EBAF82EB80B0EC8EA1EC8AB2EC8E8EE2B08FE0BF83E8BB83E9B5BCE7AB82EBB382EBBDB7E5A9A4E5AF82E8B783EBAB83EAB785EA85BAE58383E99783E8BB83E99B82EAAB83EA9DABEC8AB5E38F82EB95AAE7AF82EB9F82EB8F82EA9F82E981ACEC8E9AE19DB5E4B783E9A897EC8E87EC9693EE8A80EBA5A3EC8AAEEC8E8DE7A5BFEC8E98E19593E48783EBA5A2EC8EABEC96BDE38F83EB9783E9ADAAE4A987EC8E93E5AB85EA85A8EC8E94EE8A80EA8BA2E882A0E28596E6BF83EB9383EA8382EBA998E59D84E48C92E79591EC8E90E7A18EEE8A80E9A383E89382EAAB83E881AAC8ADE0A782EA9383E8A093EE8A80E9A984EC8E88EC8E87E5899BE28783E8AF83EA8383E89383EB8B82EB9382EB9490E4A4A0EC8E99E28B85EA84ABE68383EBA4BCE59782EABB82EB80A0EC8E8EE28FA2E8829DE49088E39F83E89382EAAF83E8A088E288A3ECAE86EE8A80E9B4A8EC8AB3EC8AA2EC8E82E2A8B2EC8AA7E0ABA2E8829DEC8E82E1848AE4BF82EAA88AEC8AA3EC8AB7EC8EA4EC8EAEEC96BEEC8ABAE4BFA2E88294EC8AB8EC8A90E39F82EBA8B2EC8EAFE5ABA2E892A2E78F83EA90B7EC9A92E4B0BAE79DAFEC8AADEC8A9DE5BF83E9BB83E98382EB8F83EA94B6D382EBBDBDEC8AB7EC8EBBEC8EA1EC8E8BEE8A80E99383E9B9B7EC8AA6EC8EB9EC8E9BEC8AAFEC8EBDEC8AB3EC8EB9EC8EBBE5BFA2E882BAE49D97E6BD90E39B82E8BF82EABB85EA8783EA9B82EB94BFEC8E87EC8A8DEE8A84EA89ABEC8EA6EC8EB5E39F83E8B197E5B8B2EC8EBFEC8EB8EE8A80E9AB83EBA7A2E8829CE1BCBCEC8EBFEC8E99E4BDBDEC8EBFEC8AA9EC8AA7EC8E9EE59DABE7BB83EABB83E9B987EC8E8EE19F82EB8382EBB4BCEC8E95EC8E8EE38D86EE8A80EA8091E18B82EA9385E98DA2EE8A80EA888CEC8AABE291A9E2B783E8B58AE7858AE4B783E98192EC9693E39382EB8B82EAB3A2E88299EC8AA1EC8A8DEC8AA2E59382EABF83EAA195E583A2E882A2E4A98CE1B783E98F83E8BD8BE69DB4EC8E84E2A186EC8AA0EC8EA9E287A2E882BAE6B5B6E695BCEC8E94E7AB83E98F83E8A783EB858DE6BDA2E6BF83EB9CAEEC8AA3E79B82EBB991E3AD97E58DB6EC8EB7EC8EAAEC8EA7EC8E8EE39B83E8BDB4EC8AB5E19996EE8A82EAB383E99B82EAB382EABB83EA9783E9A585EC8EA7EC8AA8EC8E83E38F82EB8C96E5BD8DEC8AB7EC8E99EC8ABDEC8AB3EC8E9AEC8EB9EE8A80EBA782EAB4BBE6A9BCEC8ABBEC8AA9E1BF83EAA1B2E59D97EC8E9AE79782EAB782EAA783EB8F82EB9785EA8783E99383E99383E89782EBA8A6EC8E94E39382EA8782EA98ABE79585EC8AACEC8AA9E58993EE8A80EA8B85EA849CEC8AADE0A782EBB383E8B8B3E2A987E4ACBCE29785EA8382EB91BAE2B382EBB49DE79B85EBB783E8BD99EC8E87EC8AA6E38B82E88488D783E88198C4A0E4A8B0E0AFA2E88299CB83E8B383EB8088E28DA0EC8ABCE49383E8ACAAEC8AA7EE8A80EB8385E98B83E8B193CB83E89F83E8A8A2EC8AAFEC8AA8EE8A80E9AB82EA9B82EB8382EAA98CE6ACA2EC8AA9EC8AA8EC8AACEC8AA1E2ADB5EE8A80EB80B7EC8AAAE5A9B7EC8ABFE79782EB8782EA949DEC8EACEC8EAADDB5EC8AB6EE8A80E98D9CE0BDA5E59CB6E18B83EB8F85EBBB82EBAFA2E882B0E3AB82EBB49CE59782EB9FA2E8829CEC96B8EC8ABCEC8EBBEC8ABEE1BCBDEC8EBBEC8AB7E5BDBCEC8E97EC8AA3E59DBFEC8EB2CF83EB8F83EAAB83EAAF82EA99B9E7A383EBA382EA9F82EBBB83EA8C86EC8EA5EC8AABEC8EA6EC8E91E1AF83EA9B83E98495EC8EB3EC8EB0E19783EB8F83EB80A5EC8EB3EC8EB5EC8EA7EC8E8DEC8E97E7B9B5EC8EB4EC8AB3E6BF82EBB783EB9B82E8B783E8BDBCEC8EABEC8A9DE0BF82EBBF82E8B4A1EC96B8E18383E99383E89D85EC8EBDE28984E79783EB89A8E3AF82E8B783EAA4B1E4B3A2E882B0EC8EA1E5AB85EA8383E98BA2E8829CEE8A80E9BB85EA8580EC8AA4E3A0A4E294AAE7889CEE8A80E98FA2E8829CE0A09DD783E98190C48EEC8EA5EC8E8BEC8ABEE6B1AEE3AC95EC8EB1D883E2ADBEE393A2E882B0EC8A9DEC8AAFEC8E9DEC8E8EEE8A82EAB383E8AB83EA8B83E9B382EBA9BDEC8E96E38CBBEC8EA6E5B385EBBB83EB9DB6EC8EA4EC9A92EE8A80EA8382EB8B82EB9D9BE3ADBBEC8AB1E7B783EBBB82EBB382EB87A2E882B9E69783E8A99EEC8EA7EC8AAAE79783E88B82EB98B0E6AB83EB8F83E9AB82EB98B2EC8ABEEC8EBCE5A783EA8F82EB9B83E9AD9BEE8A80E99383E8BD94E6BF83E98F83EA95AEE59783EAAF82EB99ABEC8E9DEE8A80EA8383E99B82EAA4A9EC8ABBE59782EBA59BEE8A80EA8B82EBACAAE5BF82EABF82EAAD9DE48F83EAB783E9B3A2E88AACEC8AABEC8EB2E597A2E882A6E38C8CEC8AB9E69888E797A2E882A2EC8AAFE2AD9CE4B783EA91ABCB82EABDB3EC8AACEC8E8AE38B85EA80A8E1A383E89FA2E88299E1ADA1EC8E8BEC8EA0EE8A80E9B9B3EC8E92E58B8BE898A4E6A090EC8E81EE8A80EBA4A0D783EA80ACE49383EB8CA8EC8E87EC8E82E0B3A2E882A1EE8A80EB80A2EC8AA9E0A3A2E8829EE2B383E98F85EA8783E889ABE3B382EA9F83EB8382EAB382EA9383EB859AEE8A80EA88B7EC8EAAE68B83E88F83EA8382EAABA2E882A0E5A383E99599EC8E8DEC8A90E1ABA2E88299E58383EA9F83EBA782EBA8A4E3908DEC8AA1E7A783E89F83E9B89DE6A382EB889CECAE9CE79783E9B4AFEC8EACEE8A84EA8B82EBBCB3EC8E8DE6BCBDEC8ABFE19FA2E8829EE2B895E2A99FE7BF83EA8B82EAB782EABDBCEC8EA7EE8A80EBA587EC8ABFEC8EBEE6BF83EB8F83EAA9ABEC8AA6E6A59EE39F83EBBF83EAB0B7EE8A84EA8B83E99D9EEC8EBBEC8E95E4BF83E9BF83EBA383EA9782E8BD9EEC8EBEEC8EBEE59D9FEC8EBEEC8EB6E3BF83EBBB83EB9B83E8AC9FEC8EB9EC8E9FE4BCBFEC8EB5EE8A80E9B382E8BCBEEC8EB6EC8E9FE1BDB8EC8EB8EC8EB3E0BF83EABB82EBBBA2E882A6E2BB83E9B483E19382EAAB83E9AF83EBB9B3E3A783EA8382EA838BE89898EC8E91E5B0B5E58B83E98382EA8F82EB809EEC8E83EE8A80E9B890EC8AA4E498A1E2959AEC8EA6E48999E690ABE5A99AE0BD87EC9693EC8E9EEC8EB0EC8AA2EC8E97E6BF83EB9F82EAB0AFEC8AACEC8AACEC8E8CE2B782EBA8ADEC8E8BEE8A80EBA783EB8F83E8AF82EAAF83E8B98DEC8A8FE69583EC8E81EC8EABE6A385EBB782E8BF83EAB7A2E8829DE2B383EA8F83EABB82EA9783E9A595E0A783EA9383E8BB8BE89B82E9B782EBADB6EC8EAFE3A382EAAF83EABF83EA9B82EB9F83EA8B83E9AC8BE6BB83EA9F83EBA385E98DB5EC8E82EC8AB6E3A382EB9782EB89A9EC8EB7E39782EBA782EBB59DEC8EADE48B82EBADBEE48783E98DB6E19782EA8D9BE6B49CE59382E8B58EE5B5ABE39382EB9596E58F83EAB783E993A2E8829DEC8E9DE1AD8BE5ADA0EC8A8DEC8ABAEC8AB1EC8AA7E4A98DE5B5A9E6ADB2E48C93E6A995EC8AB1EC8AA1EC8EB1EC8ABAE2AB83EAA382EBAB83E98BA2E8829DEE8A80E9BB82EBA8A4EC8E94E7A783E99B83EA81A8EC8A8DEC8AA1EC8E94E68D99E5BF83E990B2E3A1A1E1BF82E9B581EE8A80E9A5A5E3B083EC8EA1E7A78BE9B0ACE68D94EE8A84EA8B83EA8090EE8A80EA8383E88CB9EC96BDEE8A80E98CB8E5AB83EA8499E5B783EA848CEE8A80EB8195E59383E9A590D59DEC8EA3E79786E98B83E98F82EAAF82EBB191E18F82EAA8B5EC8AB9E6B988E0B58DE6BB83EAA1A2EC8AB3E28782EB9BA2E882BAE58B82EA9F82EABB82EB99B7EC8A8DEC8AAEC783E98783EAA186EC8E80EC8EBCEC8EA3E6AF83EA9B82EB9597EC8E8DE6AFA2E882A1EC8EA6EC8E8BEC8E97EC8ABFEC8EB4EC8EA0E5AF85EBA1A9E39DBFEC8EB0EC8E89EC8EB7EE8A84EA8B83E99D9EE39382E8BF82EABB83EBB999EC8ABAE5B0BFE38B82EABF85EA8587EE8A80EA8782EBBF83EBBF82E8BDAFEC8EBDEC8EACE0AF85EBA1B9EC8EBEE0AF85EBA383EBAB83EAA587EC96B8EC8EBEEE8A80E99383EBAF83E8BB82EBB59BEC8E86E1BBA2E88AACE58F82E8BCB2EC8AA5E5A9B8EC8AADE6B385EBA3A2E8829AEE8A80E99383EAB383E9B383E89B82EA9B82EBA893E188B6EC8E83EC8E95E4A18EE0BF83EA9785E98888EC8AA0EE8A80EA8181E3948AE0A783EBB88CEC8EABE4AF82EA809BEC8A81EE8A80E9A5A7E3AF83EA9998EC8AB5EC8EB4EC8A8FEC8E8EEC8EB6EC8A8DE2B88CE4B99BEE8A80EA85A6E6B5A3E19B83EA9FA2E8829DEC8E93E3B783EA9D99EC8AB3E6BF82EA9782EB9B83E8AC9CE5A1ABE58B83EA9F83E98385E988B8E7A9BAEC8A81ECAE86EC8AA0EC8EBBEC8A90E1A99BEC8EB0EC8AA8C382EBB4B8E6B9B7E4B8B8E1B382EA8F83E99B82EB97A2E892A2EC8AB5EC8EA0E58B82EB9383E88783EAB9B7EC8EA5EE8A80EBA5B5EC8EBDEC9692EC8AA6E794A4EC8ABDE2A5ABE6B595E6B49BE7AB82EB8DAAEC8AB4EC8EAAE49B82EB9F82EA9782EB9C9BE5AB82EA9F82EAB9B6E39782EAA593E58DB6E39782EAA593EC8EBDEE8A80EBA782EBB194EC96A1EE8A80EA8383E9AB83E98BA2E882A2EC8AA6EC8AAAE39194EC8AA5EC8AA1E4A98DE495A8E4A5BCE4B783EA91B4EC96BDE59984E5A8BDE19B83E9B783E9A382EB8782E8BF83E8B8B8EC8E87EC8EA7EC96A0EC8AA1E29385EBBBA2E882A1E2A480EC8E87E48383EA9383E898AFE39C92E2B589EC8AACE289B2EC8ABAEC8E84EC8E97E29383E9B890E5A185EC8EA1E3959DE381AEE29382EAA49BE69597EC8EA3EC8AAAEC96A1E6A382EAA192EC8EBDDB83EAAFA2E88293EC8E94E6A8A9EC8E8DE5B782EAA782EB8597EC8AA1EC96B8E6A382EB9F83E8B597E7BDBBEC8EB4EC8ABBE1BFA2E882BAEE8A80EA84AFEE8A84EA8997E5B8B1E5BDBBEC8E8DEC8EBCEC8AAFE1BCBDE7B782EAB9A3EC8ABEEC8EBCEE8A80E9A9B9EC8EBDEC8AB5EC8AA3E1AFA2E882A0EC8E9EEC8A8DEC8EACEC8EBCEC8EAAEC8AABE7BF83EBB383EA85B7E0BDBFEC8EBAEC9A92EC8EA7EC8ABFEC8EB4E0BCBFE7BF83EB9BA2E892A2EC8ABFEC8EABE1AB82E8BF83E88980E28F83EAA382EA9F82EBB782EAAD99EC8E9BE7B383E999AED7A2E88294EE8A80E993A2E88298E194AFEC8EA1EC8E99EC8AAEEE8A80EA8382EB8D9AE28382EA9485E58986EC8AB8EC8AA8D08AEC8ABCE2BCADD5B3ECAE9CE39D98E5BB83E9A58AE3A783E999B6E69896E39F83EA9FA2E88294EC8E9CEC8E93EC96BDEC8E8DEC8EB9EC8EA5EC8EB5EC8E99EC8AA5E2B7A2E882B9E7AF83E89F83EABB82E8B782EABFA2E882A0E38F82EBB9ACE28488EC8AB0EE8A82EAB196EC8AA3EC8EB6E69782EBA382EB95A1EC8EB1EC8E9FE4BB83EAB8A9EC8EBEE789ACEC8E9AE59783E9A783E8B99AE4BCAFEC8E8CEC8EB4E5AB82EB899BEC8E85E1AB83E998BDE5AF82EBB783EB8F82EA81B1EC8AB9EC8AA5EC96B8EC8AAFEC8EAADF82EB8B83E99BA2E88293EC8EB5EC96BDEC8AA2EC8AB7EC8AB4E6A987EC8E93E5AB82EAAB83E98B82EAA1AAEC8E9DEC8ABAEC8E9AE6BB83E99B83EB988CEC8AB5EC8AA3E2A59DE48F83E9A782EAAF82EAA9BBEC96A1EC8E92EC8AADEC8EAAEC8ABBEC8ABAEC8E9EE597A2E8829DEE8A80E98CAAEC8AB7E79382EB9782EA8F83E8A8ADE5B5A9E2ADA2EC8AA3EC8AAAE794A5EC8ABEEC8EB6E29F83E9B385E989BEE2B382EBAB83EABB82EB9F85EBB783E8BB83E9A187E69F83E881A8EC96BEE2A0A0E49099EC8E83E18385E98FA2E8829AE2A7A2E88298E681A5EC96A0EE8A80E99099E5A783EA94B4EE8A84EA8B82EAB783E8AB83E88B82E8B783E8BCA7E79195EC8AAAE1A992E48C93E6AB82EBAB83E9A382EAB0A9EC8A9DEC96A1EC8E92EC8AB9E68783E99B83E993A2E8829DE4B983EC8EA9EC8AB6EE8A80E9B5B6E4ADA9EC8EAEE2A783EB94B3E2A383EB8F83EAB4A7EC8E9FE6AB83EBBB83E99CB7EC8EAFE0ADBBEC8E8DEC8EAFE7B783EA8F82E8B785EBA383EBBB83E9A382EBB383EBAB85EA8383EBA783E9A98BE5BDB9EC8EBAEE8A80EB8383E99DBEEC8EBEE68F83EB8F83EB8383EB94A3EC8EB3EC8AAAE6A49EE1B99EEC8ABFE6889EEC8ABEEC8EB6EC8E82EC8E8FE7B9A0E5BB83EBA782E9B783EBA783EBAB83EABF83E8B59FEC8EBFEC8EB4E69C9FE7A783E9BF83EBAF83EAAB83E99783E8AC90EC8AA4E49783EA8B82EB95B4E5B88BEC8AA7EC8E95E6A186E0A383E89382E8B5A8EE8A80E98D9AEC8EB5EE8A80E9B385EBBBA2E88AACE1B188EC8EABEC8A81E2B382EBBFA2E892A2EC8EA0EC8AB7EC8E92EC8EB4E69BA2E88299EC8E9CEC9692EC8E81EC8E9EE58383E98782EBB493EC8AB3EC8AADE29782EAB383EAAD91EC8EA7E699A9E38D9EE5A382E8BC82EE8A80EBAB83EB8783E989A6E3B383EABF82E8B7A2E8829DEC8AB7EE8A80E9A588EC8AB8E480A7E184BAEC8E8FEC8E94EE8A84EA8B83EABB83EAB783EAB783EBAF83E98B83E9AF83EA9487EE8A80E9B58BEC96A0EC8AAFEC8EA4E1BD9AEC8A90E38994E788ADE79782EAB9BEEC8EBBEC8E99EC8E96EC8EA5E38F82EB94BBE3AF83EBABA2E882A6EC96A1E798A0EC8E8BE4B599E6ADABEC8E9AEC8AAEEC8AAEEC8EAFE6A59AE49CB5EC8E9AEC8AAAEC8E9AEC8E94EC8AB4EC96BDEC8AA1E7959BEC8EB5E7B583E6B4B5EC8EABE69C94EC8AA9E5B783E98C8EEC8E9AEC8E95EC8AB3E595B5EC8E8FEC8E90EC8EB6E79382EBB782EAAF82EAA9ADE59783EAB783E9B890EC8EB4EE8A80EA8383E9A991EC8E84EE8A80EA80A6EC8AB7E79382EA94ADE0ABA2E882A0EC8E80EC8EABE0B382EA8C9DEC8E8BD593EC8AB3EC8ABDEC8EA3EC8AB6EC8EA1E5A4ACE0B492D7A2E8829ED1B0C8A3E2A7A2E8829EEC8AB8EC8E81E5A9A7E59782E9B783E99494EC8AA6E6A988E0B585E391A4EC8E89E583A2E882A2EC96A1EC8AAEEC8AB5E39382EB95A9EC8AA8EC8A9DEC8ABAEC8E9AE39782EA9196E4B5A9E1A5AAEC8AA7EC8AAAE79783EAADAAEC8AB7EC8AA5E7959BE7AB83EBAD8CEC8AB5E58F83E8AF82E88783EA99B3E3BCB2E3BF83EBA783EA84A7E78DB1EC8EB3EE8A80EA8B83E9BF83EBB783EAA89BEC8E9FEC8ABCEC8EBEEC8E9CE78F82EABDBDEC8EBBE1AF82EABF83EBB383E89F82EBBFA2E882BAE59D9EE7A783EAA782EB9F83EBBF83EBAFA2E882A1EC8E9FE3B9AFE1B99EE39F83E8B782EAAF83EA9B82EB94BFEC96A1EC8E97E5BCB4EC8AAFEC8ABCEC8EB8EC8EAAE79F83EBBB83EBB7A2E882BAE6BDBBEC8EA2EC8ABDE6AB83EBB4A1EE8A80E9B782EBB590EC8E84E3A9A9EC8AB0E1B8ABEC8E94EC8E93E694A3E58782EBA3A2E8829CE18383E9BF83E9A4B8EC8EB3EC8EA1EC8EB3EC8EB7EC8EBDE4B783EB9582E38D94E6A984E28783E99BA2E882BAE48B83E9B591E7B0BDE5999EEC8E99E4A4B9EC8E96E0A9ABEC8E81EC9693E29D98EC8EB6EC8E86E48B85EBB783EB97A2E88AACEC8E9DE18D99E5A98FEC8AAFEC8EB9EC8EB3EE8A80EBAB83EA8783EAB186ECAE86EC9692EE8A80EA8BA2E882A6E39382EA9383EA9589E38BA2E882B0EC8EB2EC8AA0E2B383E98783E8B782EA87A2E8829CE78C8FEC8E97EC8EAFEE8A80E98DBDE481ACE6AB83EA94BCEC8E97EC8ABDE58382EBBF82EB919BE3AF83E9BF82EAB385EBA1A9E39783E8BB82EB9F85E988B3EC8E8DEC8E9AE5BB82EB9783E99B83E99B83EB9782EB9B82EA85B5EC8AABEC8EAAE5BB82EA8F82EBAB82EABF82EAAB83E8B5AAEC8AB5E5AF82EAAF83EAB49BE5AB82EB9D91EC8E9DEC8AADE1AF83E9B782EBAB82EB85A7E6A1BBEC8A9DEC8E9AEC8AB9E4BB83EAB59CE4B783E9AF83E99F83E99785EBB5A1EC8EACE6A99AE49F83E98DB6E795B5EC8E97E581B6E0B782EB9782EA8F83E8A4ADE59782EAA8ABE68B82E8B782EA98A4E595A9EC8AB0EC8AACE7A8ACEC8ABAEC8EAAEC96B8EC8EAAE1B59BEC9693EC8AB2EE8A80EA8B82EA88B9E198A4EC8EB1E18B85EA80A2E29386E98B82EB8CACEC8E86E2AB82EAB382EA8B83EB8782EBA982EC8AA9E3A9ABE6A182E48FA2E882A2E5AF85EA819CE59FA2E882A2EC96A1EC8AAEE394B4EC8AB5EC8AAEE6AC8DE5B5ABEC8EA9E4AB83EB8F83E89BA2E882BAE69783EAA383EAB782EAAB83E99B83EAB996EC8EB7EE8A80EBA99AE6AF83E8BDA8E7948AEC8AB0EC8EB9EC8EBBEC8E9FEC8EBDEC8EBCEE8A80E9A087E3B986EC8AA2EC8EA6E6AF82EABD9DEC8EBBEC8E95EC8EBFEC8ABEEC8EB8EC8A9DE6BD9FEC8EB9EC8EAEEC8ABFE1BF83EBBB83EB89A7EC8EA6EC8E95E59F83E8B782EA8F82EAADBFEC8EB8EC8E85E2BDBEEC8EB0EC8A8DEC8AAFE1BF82EBB783EB9383E88B82EAAF83E8BF83EBB783E88382EBB383EBAB82EA8B83EBA783E9AF85EBA382EBBF83E89783E98383E9BB82EA94B5EC8E9FE2A4B4D782EB9DBFEC8EBBEC8E94EC8AB8E6BF83E88B83EA8B83EAA099EC8E9CEC96BEEE8A84EA8B83E9BF8BE9B38BE9B383E8B8ADEC8AAFE28BA2E882BAC4B9EE8A80E9A5BBEC8EB7EC8EAEEC8A9DEC8EBBE5A785E98D98E0B180E4AF82EA8782EAB1BDE1AD9CEE8A80EBA5A6EE8A80E991B7E5819FEC8AAAEC8ABCE1B783EB8F83E9AF83E99F83E9B093EC8AB6EE8A80EA9B83E987A2E882A6EC8AB1EC96BEEC8AB1EC8E91EE8A80E9B382EA8F82EB9991EC8AABE68DA2E685B1EC8E8AEC8EA6E1B382EB8782EAB383E8BCAEE785A9E1A3A2E882B9C382EAAC8BEE8A80EBAB83E9ACABE6A4B0EC8E8AEC8E9EE2859DE59B83E88B83EBA383E9A989EC8E8BEC8EBDE7AFA2E88294EC8ABAEC8AB5EC8E9DEC8ABAEC8E9AE6B9A8EC8ABBEC8AB5E6AB82EB9F82EAAB82EB948DEC8AB5E68783EAA1ADE5B783EAB5A8EC8E9AEC8AAEEC8AA6EC8EAEE1A783E9A99EEC8AADEC8E9AE39782EB91AEE59783E9BF82EAB499E7AF83EB9783EAA9BEE59783E9BF82EAB783E99DB6E1AF83EB9782EBB7A2E882A0EC8AB6EC8E9BE38B83EB99ABEC8EBAEC8AAEEC8AAEEC8AB4E0B782EAB782EAADA9EC8ABBEC96A1EC8AB6EC8AABEC8E8AE1B59DEC8EAEE6A992E49C91E1AF82EB899CEE8A80E99383EA9782EBA8ACEC8E95E19382EB8783E884B1EC8EBAEC8AB1EC8EA4E499B8E799A0EC8E9CE384B1E0BCA6EC8AB3E2B3A2E8829EE58880E4A891E2B187EC8EB2E1B383E8A783EB8F82EAB382EA9383EB8385EA84AEEC8E96EC8AABE78993E1849BEC96A1E78B82EA8D8AEC8AB4E79782EAB595EC8AABEC8AB6E79782EAB591EC8AABEC8AB6EC8AABE5AB82EB8F82EA99B7EC8EAAE6AB82EBAF82EAAB82EB9783EAAD86EC8ABBEC8AA9E7999AE7A9BBEC8ABFEC8E9AE3B880E78783EB8F83EB9CAFE3B9B7EC8EAFEC9A92EC8EAFE2AFA2E882A2EC8E8CE39F82EABB8BE9B383EA9B83E8AF83EA9B83EA858BEC8EA6E1ACAFE1BF82EBBB83EB8382EAAF83E88F83E99F83EBB9A0EC96A1E59D8DEC8EB3EC8E9AEC8E91E6ACAFEE8A80EBA8AFEC8EBDEC8EAEEE8A80E9B1AFE7BB83EA9383EAA58EEC8EB3EE8A80EA849FE7B382EBBF83EBA783E9B1BFEE8A84EA8997E5B8B3E5BF82EBADA6EC8EBEEC8EA2EC8EB7EC96B8E7A783EB8382EAA7A2E882B9EE8A82EAB383E8B383EABF83EA9382EA8783EB9588E78B83E987A2E882BAE781BAEC8AB2E4AD9EE6B0ABD8AEEC8EBBEC8E9FEC8E99EC8AB8EC8EB3E6BF83E9AF83EB9CB1EC96BEE39383EA8783E8B7A2E882A2E59B83EA8C95E7BFA2E88293ECAE86EE8A80E99193EC96BEEC8E80EC8E86EC9692EC8E8BE3AF83EA9F83EB9998EC8E96E3B783EB8F83E9BB83E88192E38382EB8785EA8783E8A382EABB82EA9782EB8088E59085EC8E95EC8ABCE39D8EE49B85EA8383EA818EEE8A80E98F83E8A782EB87A2E88294EC8E9AEC8A8FE3B1B6EC8E9BE7AF83E9AF83E98199E3BBA2E8829EE7A58EE2BF85E98F83E994BAE0B782EBB595E39F82EBA8B5EC8AA5E69783EAA383EAB586E79782EBBF82EAAB82EB948DEC8AB5EC8AA5E2A59DE48F83E9ACB7EC8AB4EC8EBDEE8A80EA81B1EC8AA6E6BB83EAB382EB9782EAAC87EC8A8DEC8EAAE7B98DEC8E9FEC8AADE1A5BBEC8A8DEC8EBAE5BB82EAB782EB999BEC8AADEC8AB5E5AF83EB9783EBB782EA9B83E9BB82EAB783EAA782EBAF85EA8783E98B83E99B83E9959DEC8E83EC8E98EC8E97EC8AB4E5B595EC8EADE6AB83EAAB85EBB8A4E39095EC8AA9EC8E8DE4ADB5E5A5AEE4A982E58F83EA9BA2E882BACB82EAAC9DE0AF82EABC87EC8E86EC8EBBEE8A80EA81A7E49F83E89B82EA85ACEC8A81E2A181E39188E58088EC8E87EC8EA0E1B183E0A8BCEC8AA7ECAE86EE8A80E9A8A1E0ADB5EE8A80EA9B82EAAF83E8A5BCE58F83EA9BA2E882BAEC96A0EC8E92E58BA2E8829DEE8A80E98F82EA88B4E39382EB9782EAA4AAE0B58DE6B49AE6A98BEE8A80E99382EBACB5E69783E99F83E98382EBA995EC8AADEC8E9DEC8E90E3AB82EAB5AAEC8AA7E5ADAFEC8AB7C783E89383EBB383EA9B82EB9F82EABDBFEC8EBAEC8AB3EC8EBFE7B383EA8785E98DB9EC8EB5EC8E85E59F82EBBF83EBBBA2E892A2EC8EA7EC8E9EE78783EABF83E99C9FEC8ABBEC8E83EC8ABCEC8EBEEC8EB2EC96B8E2B0A7EC8EB3EC8E9AEC8E91E5BF85E98F82EBB4ABE49F83E8BDBFEC8EB5E6AF82EBBF83EBB383E9A897EC8E8CE5BF83EBB783E981BCEC8EBEEC8EBBE2BDBDEC8EB9EC96B8EC8E9EEC8E93EC8EA9EC8EACE2998AEC8EADD382EBA385EBA382EA8F82EBA899EC8ABAE1AB83E887A2E882A6E4B782E9819AEC8E8DEC8EBEEC8EA6EC8EB3E3BF83EBA383E887A2E882A1EC8ABFE6A1BEEC8EB7D5ADCF82E98382EB98A0E6A88BE0B0AEEC8EACE59182E681B1E3AF85EBA199E4B5A6EC8E97E58B83E9A783EAB59CE798B3E0AC86EC96A0E5A088EC8AA4E48890E19482EC8AB0EC8AADCB83EA9887EC8EB9E2B193CF82EAADB5E7B383EB9DBCEC8EB5EC96BEEC8E87EC8EAFE7A382EBAB82E8B783EAB1A1E1AC80E1BD82EC8EB7EC8AB5EC8ABDEC8ABAEC8E91EC8AADEC8EA9EC8ABBE2B5A3E5BD97EC8E9AE595B5E4BD97EC8E9AEE8A80EA8383E9B9AEEC8E94E0B89AEC8AB5EC8AB3EC8A8DEC8E9AEC8E99EC8ABAE7BB83E98382EAA383EABB83E99DABEC8ABBEC8A8DEC8EAAE6BB83E9B783E9A1ABE1A1A7E1AB82EB9782EB8F83EB9783EBAB83E9A5AAEC8EB5EC8AA0E58783E9BF82EAAD97EC8EB7E59782EBA782EA8DABEC8EBBEC96A1EC8ABAEC8EB7EE8A80E99382E98383E99782EAB8ACEC8AB7E19782EBA4ABE2A59DE5A783EAA888E5B19DE69383EAACAAE5ACBBEE8A80E98C8BEC8AA7EC8E87E4B88DEC8E8FE0B385EBB49342EC8A81D193EC8AA1E3A598EC8AA4E0A785EBB9A5E19385EBBB83E98C84EC8AAEE2AB83EB88B5E4A782EAA3A2E882B9E6B19DEE8A80E9A383E9AB85E98D98E18F83EA93A2E882A0EC8AA4EC8AB6E39382EAB782EA8F82EAA9ADE4A782EAA0ABE58993E59CBBE395BDEC8E97EC8A90E3A98DE79782EBBF82EA9783EAB5B5EC8EB5E4B987E6B89CE78383E9AB82EA9C9FE7A783E8B1BCEC8EB1EC8AA5E1BF83EBBB83EAB782EBAF83E8B597E7BF83EBAF83E88FA2E882A1E2BB83EBBB83EAB383EBB383EABB83E89DB8EC8E94EC8ABCEC8EBAEC8AB2EC8EB9EC8E86EC8E8BEC8EA6EC8EB5EC8E97EC8EBFEC8AACE18B83E8B49BE5AF82E8B783EA9B82EAAF82EABF83EBB383EABBA2E882BAEC8EBFEC8EB6E6BDAFE7AF83EBB383EA8DBBEC8E9DEC8ABFEC8E9BEC8EADE3B8AEECAE86E69CB2EC8E80E6B892EC8E98E4B783EA8F83E8B484EC8AADEC8EBBE785A3E18F82E8849DE58783EB8F83EA9DBFE3B383EBB383EB848BEC8AAFE7B383EB9587E1BDACE3B5BCE5AD8AE39782EA88B4EC8EA6CF83E8ABA2E882BAE7A4B4E5A081E79F83E88382EA8B82EABC84EC8EBAE4A9A8E180A2E48CB0E187A2E88AACEC8AA8E28182EC8EB8E2ADA4E0A383EA9B83EA89A4E18DACEC8AB4EC8E91E4B893EC8EABE39383E8A783E9B587EC8E8FE3BF83E9B986E3AF83EBA1BAE4A58DE385BBEC8EBAEC8E81E5BB83EA9DBCEC8ABBE78782EB99A3E1B098E58B82EA9D9EE3BD9BEC8AAFEC96B8E6B783E9908EE1AB83E99783EBB58EEC8EB3EC9693EC8AA1E795AFEC8E8CEC8E94EC9692EC8ABDE69B83EBB58CEC8E9DEC8E98E6AF83E99783E8B8B5EC8EABEC8EA7E6AB83E99782EB8F82E8B783EBAB83EBA596EC8EA3EC8EACE0B783EBAB83EB9783EAA899EC8E8DEC8E98EC8E97EC8AABE69D94E7B782EBBDAAEC9693EC8E91EC8E95E5B59DEC8E9DEC8E93EC8E95EC8ABDEC8AAAEC8ABEEC8AAFEC8AABEC8ABBEC96A0EC8E92E18B83E89782EBAB83E8B383E99B82E8BDA5EE8A80E9AB83E8A782EA8783EA8F83EBB782EB9BA2E882B0EC8AB9E788A2EC8E87E480A4E0B7A2E88298E2B383E8B1B1EE8A80E9BB83E89192E2AB83E8BF83EAA0A2E5AC97EC8E99EC8EBFEE8A80E99385EA8383EABF85EBB5AEEC8EA3EC8ABAEC8AB3EE8A80EA838BE89BA2E892A2C783E9A382EAAF85EA81ADEC8E99EE8A80E9A4ADEC8E89E6AB82EA98BAE7AD87E28580EC8A90E28198E483A2E8829AD1BBCCBBEC8E91E38782EBB597E793A2E88AACEE8A80E9B4ADEC8E97EC8E98E2A782EB9B83EA8FA2E8829DE79782EBB0A9E1AF82EA9CB8E784B6EC8E95EE8A80EBAB82EB899FEC8AB2EE8A80EB8382EB8F83EAA783E897A2E882B0E18DB7E5AFA2E88299E29782EAAF83E8B783EB9C87E6A383EABCAEEC8E8EE3B783EABF83E8B383EA87A2E892A2E78C80E5BB83E9B1B7E7BF83EB9F83EBB4B0EC8EAFD596E3B382EA8783E99783EA9783E8A383E8A992E7A1A5E29782EB9382EB8892EC8E99E39B82EA98B5EC8E84EC8EAFEC8E85EC8E82E48783E8AB82EB9F82E88487E39B8BE89B82EB83A2E88294EC8E9CE5A385EA8382EA8181E1AB83EB8783EA8782EBA09FE58D82EC8EB4EC8E96E49998E7B783EABF83EA88BBE3BDB8E585BDEC8EAFEC8E8DEE8A80E99383E98383EB83A2E882B9EC8AA3E28D9FE5A783EB9782EAA0B7E2BB82EAA597EC8E9FEC8ABBE79783EBB783EBB783EBBF83EA84BAE49F83EB9C87EC8E97EC8E94EC8E97EC8E9FE5819FEC8EBEEC8E8DE6BCBEEC8EB9EC8E94E38F82EBBB83E8A383E99B82EA9383EA9D93C783EAAB83E98DA8E591B6E6BF83EA819DEC8EB3EC8E8BE69C87E3A783E89F83E898ABE2BF82EBBB82EAB19EE59783E995ABEC8EAAE1AF82EBBDB8EC8EB9EC8AADE6BF83EBB782EBBF83EBA1B0E68382EB9783E8B783EAB4B1EC96BDEC8A8DE39B83EB90ADE7918DEC8E8FE79F83E8BC8CEC8AB5E3A59DE6B583EC8EA3E29B83EB9DB0EC8E8BEC8EA0E5A383E9AF83EB8382EB91A9E68B83E8A8B8E3B9ABEC8A9DE5A783EAB59DE0A48EEE8A80EA8482EC8AA3EE8A80E9A383E8A094E1ABA2E892A2EC8E85EC8AA3EC8EA1E19383EA95A1EE8A80EA8383EAAF83EBAF83E99B83EBA8BCEC8AB0E19C8BEE8A80EA8783E8A590ECAE86ECAE86D0A9E3A383E8B085EC8EBDE790B8EC8E88EE8A80EA8383EBB4B4E189A0EC8E82E5B8BCEC8EACEC8AA7EC9A92E7B88AE0B9B3EE8A80E9A088E18C8CEE8A80E9A498EC8E82EC8EA3E0A382E8BD85D0A4EC8E82E49D82E2B09CE693A2E8829803EC8EBBEC8EA9EC8AA0EE8A80E9908CD0A8E7BF82E9808EEE8A80EA8783E9A782EB8385EBA08EE7AF83E8A783E98086C783EBAC98EC8E98EC8E87EC8EB8E59F83E9849CEC8ABCEC8AABEC8AA8EC8AA6EC8E97EC8E98E7B587EC8E89EC8EAEE7ADAFEC8ABBE69F82EBA1ABE681A1E691A6E7B9B4E699A1EC8E92EE8A80E9B19BEC8ABFE2B383E8B9BBE78D84EC8AAFE2B585EC8E96E599A0EC8EAFE3AB82EB9B82EB9892EC8EB6E6B782EA8383EAAF83EAAF82EAA383E8BD87D386E989B4EC8E90E4BC84E7B1B8E2A180EE8A80EA8786E9898CEC8E88E49F82EA8491E19B86E988B9E39383E88B83EA89A1E5ABA2E88AACE5A5A6E69999E7B783EA9F82E9B597EC8ABFEC8EBDE79783EB9782E9B5B7E7BF85EBA383E9A383EBAB82EB9382EAA783EA9F83E99B82EB9F83EBBD9DEC8EBDEC8EA0EC8AA2E7AB83EB94BDEC8EB5EC8E86EE8A80EA899BE39CBFEC8AB8EC8AB5EC8E9DE7A383EBAB83EB8087EE8A84EA89B7E2BF83E9B783EBB383E8B785EBA383EBBB83EB8B83E89782EABF83EBBF83EAA383EBB383E89F85EBB9A7EC8E92EE8A80EB81A1E4BDB2E6908DEC8AB7EC96BDE7B589EC8ABCEC8EB0EC8EA7EC8AAFEC8ABEEC8AA4EC8ABEEC8AAFEC8AAAE1BF82EAA382EB9DAEEC8E9CE591AFE5B382EBADB5EC8EB1EC8EADE4ACBFE7BB83EBA783EA84B9E6B382EA95BEE0A383EAB59FE5AF82EB8F83E8B783E88782EABB82E8B783E99782EBBB82EBA783EBBB83E89B83E9B991EC8E83EC8EB0E6A3A2E882A1E6AF82EAB9BBE6BB82EAB383E88CBDEC8E91E3B8BEE6978BE9B385E98F83EAAF85EA859FEC8EAAE5B783EB94BAEC9A92EC8A81E584B8E3B3A2E882B0EC8EA1EE8A80EBA48CEC8ABBE2B8A5EC8E82EC8EA9EC96BDEC8AA3E6B783E8AF83E8B985E2938BE89B83EBAB83E88D88E3A3A2E8829AEC8E83E28492EE8A80EB8382EB8383EA84B0E1AC8AEC8E90E484BFE1848AEC8A90EC8E8106E49CA8D382EA9891EE8A80E9B88BEC8AA1E3918AEC8EB0EC8EA1E383A2E882B0EC8E80E29189E0A088E4B187E28994E29184EC8E83E68486E0BB83E98783EA84A0EC8AB3EC8EAEE48F86E98891E3A898E28491EE8A80E9B48AD383EA8580E18383EB9B83EBAF83E88981E1BF85E98F86E989BFE28F82EBB382EB849EEC8E96EC8E98E5A98CEC8E87EC8EAEE3B1B8E69383E8BCBDEC8E93E7B5AEEC8E8FEC8EB0EC8EB4EC8EB2EC8AA4EC8E87E38F83EA9783EB8783E8B0ACE2B783E8BF82EAB4AFEC8E8EEC8AAFEC8AAFE2B885E39D96E28F83E9B8B5EC8E98EC8EAFEC8E85EC8ABCE1AC91EC8EAFE1A89CEC8EB0EC8EA1EC8EA1E28383EA9783EB9DA2EC8A8111E0A991EC8AA1E28383EABB83EB9F82EA8F83E884A0E0B987E2A0B8E489A1E2A3A2E882B9E28CACE0A782EB8CB2EC8E8CEC8AB1E78F82EAAF83EAAB83E895B7EC8AAFEC8EBCEC8EB4E29783EB9782EAB782EB9F83E99383EABF83EBBF83EB9383EA8D83EC8AA3EC8EAAEC8EAFEC8EBFEC8AA0E5B9B9E49F83EBB783EA8382EA89BAEC8EBDEC96A0E7AB83EBB783EAAB83E8B49BE59CBFEC8EAAEC8EB3EC8AA9EC8AB7E59383EB9783EA8B83EA959BE7BF83EBBB83E9ACBBEC8E9FEC8EBBEC8EB1EC8E9FEC96B8EC8EBBEC8EBAEC8E8FE1BDBEEC8EBAE2A49FEC8EB5EC8AB1E694BCE398B2EC8EBFEC8EBBEC8E8FE3B782EAAD9EE7B19BE7B783EBBCADE59782EBB782EAAB82EAAB83E99CBFE7A383EBACADEC8EB5EC8EBAEC8EB5E5BDBEEC8EB6EC8EB9E4BCACEC8AB1EC8EABE79782EAB980EC8E97EC8AB2EC8AAFE79DB1EC8E9EE3A18CEC9692EC8AAFEC8E8EECAE9CEC8A9DE58CA6EC8E97EC8AB8E785A4EC8E9CE3A383EAAB82EB8783E8B783E8B59BE69FA2E88293EC8ABBE19C96EC8EADEC96BEE39783E89F82EAAB83E9BC99E0B385EBB783E88382EA8489E193A2E892A2E29F82EA8F82E88594EC8E8CEC96B8E3AB82EB8783EA9CA4EC8AB7E4B8A1EC8A81E0A385EBB5A2E3B189EC8AB3E184A2EC8ABCE187A2E882A0CCA8E1BB82EA9B83E98490EE8A80EA8084E684B8E18382EA85B1E489A0EC8E98ECAE9CE1A382EA94B1EE8A80EA8182E6A782E88783EA8998EE8A80E9B8A4E28898EE8A80EBA783E98DB0E280A2EC8E92EC8ABCE4A3A2E882B0E784B6E29992E18987E0A88CE2A490E383A2E882B0EE8A80EA8591E0A983EE8A80EB8088EC8E82EC8EA2E29087EE8A80E9B0BCEC8E82E780B0EC8A8DEC8AACEE8A80EA8591E2BF82EAB382EB84B4E1AF83EABB82EABB82EBAB83EA8F82EBB8BBE0BDBAEE8A80EA80A6E59986E69D96EC8AA6E19996EE8A80E98D96E39FA2E88293EC8ABDE2AD8BEC8EABE2AD8BEC8AABEC8AABEC8E8BE6AD9EEC8AAFE7BDADEC8E95E19C8CEC8E80EC8E8112E0A0A2E3B9AFE3A09CE488B1EE8A80E9B785EA83A2E8829EEC8AB1E78098E0B884EC8E83EC8E81E680B8E18BA2E8829AE0A7A2E8829AECAE86E490A2E3808CEC8AA3E38383E88B82EA8594E1B382EA8783E89383E89783E89783E8ACBFEC8EBFEC8AB1EC8EBAEC8E86EC8E9FE5BF83EBB783EAB383EA9F83E9959FEC8EBDEC8EBAEC8EA6E6BDBFE78F83EB8C9FEC8AAFEC8E9EEC8ABCEC8EBAEC96BEE7AB83EAB7A2E88299E7AB83EBB782EB89BAEC8EA3EC96A0E7AB83EA8F86E9899BE39CBFEC8EAAEC8EADEC8AA9E39CAFE5B992EC8EBFEC8EB1EC8EBAEC8E9BEC8E9FEC8EBBEC8E91EC8EAFEC96BEEC8EBCEC8E8CEE8A80E991B0EC8EA1EC8EABEC8EA2EC8E96E58D81EC8EAEE79D8FE3BF83EB9D95EC9692EC8EBCE7BB85E98DBFEC8EBDEE8A80EBA99FE58382EABF82EBBF82EA999EE7B185E7B783EA9F85EBA383EAAB83EB9783EAAF82EABF82EBBB83EB8385EBA385EBA089EC8AA4E39F85EA8587EC8EA9EC8EBEEC8A8DE78383E99F82EAB382EBBDAFE69B83E9B783EAB99EE3808FEC8E8CE1A887EC8EA7E4B782EA8DB3EC8A9DEC8EA3E38F83EA9B83EB8489EE8A80E9B1BBEC8AA1E69DB6EC8AB1E7ADBEEC8AB1E7AF83E9B8BBEC8AB4EC8AB1E38782EBB091E1A88FE68783EB8DB8E39098E58C82EC8E91EC8AB6EC8E83E2B58AE58383EA8382EBB488EC8ABBE18782EA8996EC8EBDEC8EB4EC96A0E5BF83EB8783EA8F83E9B086E1A88BE387A2E88298EE8A84EA8895E7B1A9CD99E5B3A2E882A1EE8A80E99196EC8E83EC96BEEC8EA5EC8A8DEE8A80EB8085E69383E9B88BEC8E8FE6B484E29897EC8E83E38CABEC8ABEEC8AA9EE8A80EA9B83E88383E8B0A2EC8AB6EC8EAAE0AF83E8B0ACE7ACA7E3B58BEC8E8EEE8A80EB8382EB97A2E88298E3A783E8BF83E88184E681A6E79782EAB1A7E781A1E791A2EC8E89EC8EADEC96BEE1A498EC96A1E1B49CEE8A84EA89B6EC8AB8E78B82EBADA9E69B83EBAF83E89CA6EC8ABAE5B785EA8785EBB9B6EC8E93EC8E91E3B5B7E59783E9BF82EBBB83E9BF83E98CBFEE8A80E9A8ADEC8AAEEC8E83E4AF83EAAF82E88783EA94B5E690BDE4A383EBAB83E88F82EBBBA2E882A6E69783E8B09BE49382EBB081E3B090EE8A80E98CA9E1BB83EB9CA1E58582E18982E39097E28383E8A5B5E5A088E585B1E4ABA2E88293E58385EBB783EB89A3E7858AE69BA2E8829AE5A385E98894E69385E98895E28F82EA9383EA8185EE8A80E9A783EAAD88E791A6EC8EB6EE8A80EBAB83EA9CB3EC8EAAEC8E85E39DBFEC8EBDEC8AB9EC8E8FEC8EBFEC8EBEEE8A80EBA59FE59B82EABF82EBB782EAB5B7E1BB82EBBC8800E28080E4A584E48594EC8E9EEC8ABAE7B383EAAF86E98BA2E882B9EC8EAAEC8AB5E4AF83EAAB82EB9783EB9F83E9949BE59DAEEC8E9EEC8AB8EC8EBAE3BD8EE78B83EB8FA2E88293EC8EBAEC8E81EE8A80EA89ABE7BF83EBAB83EA8DABEC8E9FE7BB83EB8783EA94A7E3BB83EBA782E9B5A8EC8EA6E6A4AFEC8AB6E39782EBA783EB90BCE2A4BEEC8EADE5A7A2E892A2EC8E9FEC8ABFEC8EAFE2A782E8BF83EA9F82E8BF83E8BDBEEC8EB6E79F83E8BDBEE49B83EBB783E9AF85EBA383E99782EAAD97EC8E95EC8AABEC8EAAEC8E9FEC96BEEC8EBBEC8AA1E6819FE18783E9B5A1E68B83E9A0BBE6BC9CEC96BEE6B383EABB82EB8785EBA1ACECAE9CE6BB82EB9CAFECAE9CEC8A9DEC8AB3EC8E86EC8E81E3A783E98F83EB8382EA89ADE78B83E984B6EC8ABDEC8E9CE3B782EB9DACEC96B8EC8EB7E3A597E48B83EA8C81E7A0AAEC9692EC8E8EE287A2E882B0E4A192E0A584EC8A9DEC8A8DEC9A92EC8EA4E28991E7AF83EAB383E9B382EBB5BBE0BF85EBB8BEE79B83EBAB83E9B382EB8782EB8F83E89F83EB9C9DE3B5B9EC8EA8EC8E84EC8AA9E48F83E995A7EC8A8FEC9693E3A9BBEC8EACEC8EA4EC8E89EC8AA3EC8E87E0BF83EAB383E9ADBFEC8EAEEC8E84EC8AA9EE8A80E9B383EB9C9EEC8AAFEC8ABEEC8EA7EC8E98EE8A80EB8083EC8E87EC8A8FEC8EADE3BD92E7B5AFEC8EB5EC8AA9EC8AA3EC8AA7E0BB83E9BDB3EC8EA4EC8AAEEC8ABDEC8EBBEC8EB6EC8E9FEC8AB1EC8EAFEC96BEEC8ABDEC8EBBEC8EB7EC8EADEC8E99E59DBDEC8EA0EC8EB8EE8A80EB8386E98B83E99487EC8EAFE3B1B4EC8EB7EC8E9ECF83E89F83EABF82EBB783EABF83EB8383E9B487EC8EAEEC8ABBEC8EB7EC8E98EE8A80E9A1BBEC8EAEEC8ABDEC8EAFEC96BEE68F83EB9F83E9B5B3EC8EBCEC8ABEEC8EBDEC8E87EC96BDEC8E9DE79783EAB383E9BB82EBB7A2E882A1E397A2E882A0EC8E93E79587EC8EB7EC8E9CE795ACEC8EB7EC8A9DE7B4ADEC8E86EC8EBEE59993E69D8DEE8A80E9B383E88F83E98383E99783E9ADA6EC8EAAE6B4B3E0B59AEC8ABAE1B186EC8AB3EC8E83E69382EB9782EB99B4E79382EB9785EA8486EC8E8CEC8ABDEC8EA6EC96A1E39B83E88F83E9A586E78DADEE8A80EBA782EAB782EAA782EBB783EAA584E4B783EBB783EB84B3E2B5A7E1A89BE4BB85E98F82EAACBDE7BB82EBAB82EA8F82EB9B83EBA783E89382E88782EA8F83E8B782EA9F83EAAC9AEC8AAAE4BFA2E882BAE4BB83E99DB4E59B85EBA1AEEC8ABDEC8EA7EC8EAEEC96BEEC8EBDEC8EBBEC8E94EE8A80EBA783EABF82EAAB83E99CAEEC8ABEEC8EBBEC8EB3EC8EBFE59382EABF82EBB782EA8D9EE7A99DEC8ABDEC8EBEEC96BEE7AB83EBB782EB89BAEC8EA3EC8AAAE7AB83EA8F85EA81BAEC8EA3EC96A0E7AB83EB8F83EAAB82EB94ABEC8EAFEC8AA9E39F82EABF82EAAB83E99CAEEC8AA9E1BF82EBB1BBEC8EA5E59CBFEC8ABBEC8EB2EC8E92EC8EB7EC8ABEEE8A80E9B383E8A9BCE29B8BE89B85EBB89FE5BF8BE8988FE4BD8AEC96BDEC8AA1EC8AB5EC8E93E79593EE8A80EA8782E8BF82EAA7A2E88294E2BF82EAA7A2E88294E2BDBEE29DBBEC8EBEEC8ABBE19C9EE7B783EBAF82EABDBFE58F82EABD9CEC8EBBEC8EBEEC8E96EC8AA7E289ADEC8E83EC8E84EC8AB0EC8E97EC8EABE5A1B4EC96BEEC8AB6E4B383E99383E9AF83E8B3A2E882A1EC8E8EEC8E99EC8AABEC8EABEC8AA7EC8E9BE6B09EEC8E93EC8E80EC8AB2EC8E85EC8AB5EC8E9AEC8EA5EC8EB6EC8E99EC8EA7EC8ABCEC8ABDE38F83EAAF82EBB783E98F82EA87A2E88298E495B8E7B382E9B598E0A3A2E882A1EC8AA6E7B383EB909AE2B486EE8A80E9B4B1EC8E93EC8EA4EC8EAAEC8E88EC8E86EC8E81E3B783EB9F85EBB8BDE5B193EC8ABDEC8EAFEC8E84EC8E91E3B587EC8EAAE0BB83E99B82E9B782EBA383EB8F83E993A2E882B0E3AD8FEC8E96EC8E9DE5ADBFEC8EB6EC8E90EC8AB9EC8EA3EC8EBBEC8AAAE4BC9FE3A99BE7BF82EBA382EABB83EA9B85EBBB85EA8783E9A983E795B5EC8EB7EC8E96EC8E97E1BB82EAA8BBE7BB83E99F83E8A783E98C87E6AF82EAAB83EABCB9E58DBBEC8ABCEC8E89E7A383E89B83E981BEEC8AA2EC8E95E79383E9A994E79F82EB8382EABB83EAA588E58F83EAAF83EB8782EB9B82EA99A3E2B783E898B3EC8EA6EC8E96EC8EAAEE8A80E98F83EBAB83E88DB5EC8EB5EC8E87E1A99AE4BB82EB9B82EB9F83E9B383E99D96E79F82EB8382EB8783EAB5A8EC8ABBEC8AB1EC8E9AEC8AA0E3A782EBB383EB9F83EA8383E88783E9AF83EAB8BEE7AF83EA9383E99382EA8783E9AC8EEC8E9CEC8AB7EC8EBFEC8E98E3B782EBAF83EB9997E1BCB8E78783EB9B83E883A2E882B0EE8A80E9B383EBAF85EBB49DEC8ABBEC8EB3EC8E9EEC8E93DF82EAAF83EABF82EBB783EBB783EA8383EA84BBE0BB85EBA0BBE5899BE7AF82EAB383EBBB83EAB383EBBB82EB8DA7EC8EB6EC96B8EC8AAAE3A5B4EC8EA6EC8E9CEC8E81EC8E93EC8E8DE29F85EA858EE1BF82EAB1A9E3B5ABE6A8BFE6ACBEE79F82EBA383E8859CEC8E9FEC8E93E7B383E8AB83E99383E99783EAAB82EB8382EB9783EB9B83EB90B6EC8E9BDB83EAACBAE69F83E9AB83EBAF82EAB587E4BDBCEC8EB9EC8E81E4B783EB9783E9AB83E9ACB7E7BF83EB8D9FE7BF83EBA383EBB0B3E6BF83EBB383EAB187EC8EAAEC8A8DEC8EB7E6BD9DEC8ABFEC8AA4EC8E9EEC8AB8EC8AACEC8E9EEC8AB8EC8AACEC8E9EE7A19FEC8ABDEC8EBAEC96BDE7AB83EAA4ADEC8EB5EC8EB2EE8A80EBAB83EAA9ABE7BF82EBB383EBAB82EAAFA2E88294EC8E9EEC8EBAEC8EB6E19DBFEC8AB4EE8A84EA8B83E9B1B2E4BD87EC8E9AEC8EADEE8A80E9B783E8B495E384B9E19B83EAA89AE1AD8AEC8E8BE3BB83E8AC91EC8EAAEC8AB5EC8AB7EC8E95EC8EB7E5BB83EBBD86E3AB82EA859EEC8AB9EC8AA8EC8E9EEC8ABCE79B83EBB783E99F82EBBDBBE68383E88893E6BB83EABFA2E8829CEC8E9CEC8EBEEC8AA0EC8E9DEC8AB3EC8E9EE38C93E78B83E8B382EAB19BEC8E9DE3B783EB9F85EBBB82EB989EE3B0B2EC8E99EC8E98EC8ABCE6A382EB88AEE79F83E9A9BDE3B4A3E48782EBAF83E9AF83E9AF83EAB59AEC8AB3E0BF83E88782EA8DB3EC8E84EC8AACEE8A80E99198E0A383EA8C9EE3A3A2E882B0EC8E84EE8A80E9A085E59383EB8BA2E882B0EC8EBCE0AB83E8B4ACEE8A80E9B383EAB09AEC8E8DE7A199E398A4E2A5A8E28B85EBB4A4EC8EB0E19582E48B82EA899CE4A382EA90B7E5A383E984ABE69382E98385E98B83EA83A2E88294E5A49FEC8A8FEC8AAFEC8A90EC8E88E0AB83E8A887E3A0A1EC8E84EC8AB2E5B992E0A48AEC8EA8E2898CE6BD90E6B382E9808BE7A783E88B83E88783E894A0EC8AB2EE8A80EA8383E981BEEC96A0E5A383E89583EC8EB3E7B9A2CC8FE2B884EC8AB0E694B4E3B09BE49B83EA9F82E98383E9819CE58383EA8DACEC8EAFEC96A1EC8EA8E78B85EBB59BEC8A9DE48C9DEC8EB6E585B3EC8E9FE7B383E9BF83EAA184EC8AB7E6AF82EB89ABEC8E84EC8EA3ECAE9CE5A49DE5B99CE1A783EB89B8EC8E9DEC8AABEE8A80E9A0A9E7BDB0E7B083EC96B8E0B487E49B83E99F83EAA0A5EC9692EC8EB4E28383E88589E2BCBCE1AF83E893A2E88294E585A2D4A3EC8E97E2A1BCEE8A80EA9B83EA8383EBB082EC8AB6E4B38BE89881E58783EB80B2EC8E91C383E89F82EAB9A0E7878BE9B197E59882E5A783EABFA2E882A0E7AB83EA95ADEC8EB5EC8EAAEE8A80EBAB82EABDBEEC8EABEE8A80EBAB82EABF83EBB783E89C8FEC8E95E6AF83EABF82EAA783E99CAEEC8AA9E39F82EABB82EAA383E99CAEEC8AA9E59F83E9BF82EBA5B5EC8EA9E79783EB9782EAB597EC8AAEEC8ABFEC8EBAEC8ABBE5ADBFEC8EB8E7BDAFEC8ABFEC8EB8EC8AA5E5BDBEEC8EACEC8E82EC8AA3EC8E8BEC96BEECAE86EC8AB9E1AF82EB988EE4918CEC96BDEC8EA5EC8E86E79B83E89F83EB87A2E8829CEC8A9DE79F83EAB5A3EC8A9DEC8EBDEC8EAAEC8AA5E7BF82EAA382EBBF83EBA783EB84B3EC8E9EE7A783EB9783E8B783E9BF82EAACB7EC8E9FEC8EB8EC8EB1EC9A92E0BF83EB8CA6DDA6EC8EAAEC8EA7DF83EA9CB2E0AFA2E88298EC8EB8E7B084E1A59CE5A383EAA5B4E0BB82E9B782EAA783EABCBAE7B382EA9383EABF83E89383E8A782EAA782EA9B82EB9BA2E882A6E79B83E8AD9AE69F83EBBF82EBA9A5E68382EA9782EAADAFEC8AA9EC8E8BC782E8BD8CE18BA2E8829CE4ACA1EC8EB7E28B82EBA484EC8EB3C48EE5BF83E88782EB808DE0B383EB8D87EC8A90E794BFEC8EA6E0B782EA8C9BEE8A80E9A383E8A19AE3A382EB9092E49B83EBB584E69083EE8A80EA99BDE0A09AEC8E80E580AFE48885E0A383E8AB82E8BDA3E3B884EC8EB7EC8AA3EC8AB9E38783EA888BE28782E88488E18B8BE89B82E98081D383EB8F83E88B83EB81BAD08DE68383EBBBA2E882A216EC8E84EC8AA8E38186D8A2ECAE86E39C80E6BC84E385BFD383E9A78BE898A0EC8EABEC8EA1EC8EB0E4A880E5A48DE28782EAACA1E4B5B0EC8E9CE18FA2E892A2E5B19DE79F83E8B783E8B783EB9782EBABA2E88293EE8A80EA8383E89896E5B783EABBA2E882A2EC8AB1EC8E99EC8E95EC8AB1D783E9BF83E9B19AE6A0A9EC8AB0E3AB82EB8F83EA899FEC8EB4EC8EB9E19F82EBB383EBBB83EBA782E8B783EB83A2E88299E3BF82EBB094E0A1BAE7B383EBBB83EBA48DE7A0A5E19383EB9383EBA0A2E2AF82EA8783E8A18AE2A382EB889AE490B6E28BA2E88298EC8AB5E38383EA9983E48CABC783E9908BEC8EA3EC8ABEE0A093EC8E84EC8EA8E18186EC8EB9E7B382EA85A1EC8EA7E3BF83EBBB83EBB783EAAF83EAAB83EBAF82EABF82EAA5BFEC8EBBEC8E8DEC8AADEC8E97EC8EBEEC8AACE5B9BFE4BF82EBB5B1E58782EBB783EBBB85EBB9BAEC8EB5EC8A9DE5AFA2E88294E5B993EC8E9FEC8EB9EC8AABEC8EBAEC8A8FEC8E9FEC8E9CEC8EBCEC8EB3E2BF82EABB83EBB783EAB19BE7BF83EBAB83E8B383E89F83EBB885EC8EB6EC8EA1EC8AB6E4BB82EB9382EBAF83E99DABEC8AB0EC8AACEC8AB6E1AB82EA9F83EAAF85EA8783EAB383E995A7E5B08DE4B782EB98BBEC8EB7E49F83EAB785EBB782EAA382EB95B3EC8EA6EC8E90EC8A9DE7BF83EBBF83E88993EC8EAAEC8AA5EC8ABFE7BB86E98B83E88096EC8A8FEC96BEEC8E80EC8AADEC8EBDEC8AA4E68C9CE7858CEC8E8CEC8AB5E7948FE598B7E2B999EC8EBAEC8E86E1AF83E9A99CE39782EB9785EBB783EA8F83E99785EBB783EA8F83E994B9EC8ABAE19F83E9A8ADE6AFA2E88293E5B99FEC8EB7EE8A82EAB382EBBDB7E0A09DEC8A9DE0BF85EBB5BAEC8E90EC8E99EE8A82EAB090EC8EA0E1A09FE4A7A2E882A1E2A4B8E1B382EA84B0EE8A80E9B78BE89984EC8AA8E38182D890E38B8BE89B82EA8C81E19383EB9BA2E882A1EC8AB1E18182E49DB0EC8E82E1ADA1EC8EBCE0A383EA8FA2E882A6EC8AA9E483A2E8829EEC8EB4EE8A80EA87A2E882B0E48382E983A2E882B0EC8E80E690A8EC9692DFA2E8829AE590B8E48BA2E882A0E680A2ECAE86E281BED383EB84A3E7A088E0BDBBEC9A92EC8EB0EE8A80EA8385EBA385EBB782EA8184E18181E7B5A1E3B080E28F83EAAD81E69383E9B782E8BDADD1B0EC8AAFE1BD99EC8EB7E6AD82E4ACABEC8AB8E39F82EBA0BAE39782EB8CB0EC8EA6E5BB82E9B7A2E892A2E5AB85EBA3A2E882BAE5A7A2E882BAEE8A80EBA88FEC8E8CE7A7A2E8829AEC8EB3EC8E8BEC8ABEEC8EB9E29782EBBDA7EC8E8DEC8AB7EC8AB8E19998E5B382E8BF82EAB383EBAB83EA8495E7BDA8E794A3EC8AB2E1B980EC8E96EC8E83EC8E88E7A898E5BB83E9ADA6EE8A84EA888EE28782EBA0AFEE8A80E9A887E680B2EE8A80E9BB83E98891EC9693E0B0A0E79090EC8AA6C891E39890EC8EA6E488A1E6B9A9EC8EB1E68DB0E48383EBB783EABF85EBA382EAA383EABF83EBBB83EBA783EAA9AFE7BF82EA8B83E9BB82EBB382EA919EE7AD8FEC8ABDEC8EB2EC96BDEC8EBAEC8EBEEE8A80EBAB82EB9F83E9BB83EBB382EAAF83EBAB83EAA9AFE6BF83EBB783EA85A7E59DBFEC8EB1EC8EA2EC8EA5E19F82EBBF83EB90B5E198A3E3A98DE6AF82EAB783EAB783E8ADADE1B7A2E882B9EC8AADEE8A80EA8383E98785EA8782EBAB82EBBB83EAAB83E98F83EBB782EA9C9AE49BA2E882BAEC8E8CE28F82EB9782EA9B82EB849AEC8E83E481B5EC8A8DEC8EB9EC96BDE3AD87E0BC9CEC8EB8EC8E91E69B83EBA9ABE390BBE78783EBB383E8918AE5AF83EA9D8AE7AF83E8BDACE49F83E8BD90EC8A8DE68782EAAB83E894BEE6B783EAA3A2E892A2E6B382EB8F85E98B83E99382EB9783EB9B85EBB8B8E6ACBCE78382EABF83EA9783EB80B1E79DA3EC8E8BE591B3EC8ABBEC8E87EC8E90EC8EA9EC8AB3EC8EB6EC8AADEC8E9BEC8EBAEC8EBDEC9A92E18F83EBB991E0BCBCEC8EABEC8AA7E39CA8EC8E92E4BDA2E3B894E0B8A3E4A0A8E0B383EBAF86E988ACE489A2EC8EBEE4A383E8909BEC8A81E7B4B0E19982E681BFECAE9CE0A0A2E690A0E48887E580AEECAE86E585BEEE8A80E9BB83EB93A2E882A1E7859FECAE86E0B3A2E882A6E385BFE0A383EB9485EC8E91E680B8EC8EACE0B7A2E882A0EC8E96E48F83E88782EB95A0E7A0A3E1B198EC8EB2EE8A80EA9996E7B783E8A1BAE781B5EC8E9AE18D9AE0A7A2E8829EE59882EE8A80E9A382EB9490EC8ABCE19B83E88B83E99983EC8AB8E39C98E5A783E9A488E2B5BBE39783EB8383E9A88AEC8EA6E5B783E9BF8BE9B385EBBB83EB8B83E8B98CEE8A80EA8096E69F83EBB382EB8D93EC8E81EC8AB9EC8EB9EC8EA0EC8E82E48B83E88382EB8F83EA919FE5B08AEC8AADE6B884E59F83E99883EC8E8BE6AF83EBBB82EA9595EC8ABFE69C85EC8EB1E6B7A2E8829EE59F83E99CA2EC8E8BE3B9B4E2B785E98B82EAB3A2E882A0E28B83E8AC81EC8E8CE0AF82EA8F82EBB9B0E78383E9B48FEC8EBBE68383E9A087EC8EA3E7BBA2E8829DE0AB82EA8BA2E8829EE39D82EC8EBAEC8E83E590A0EC8E82D0B1E2978BE89BA2E882B0EE8A80EBA783E8AF82E8BFA2E882A0E39D9EEC8EB9EC8E92E69D9EE7AB83EA8B82EBB1BAEC8EA3EC8AA2E7AB83EA949DEC8EB5EC8EB2EC8E9BEC8EAAEC8E85EC8E97E6BB82EBB783EB9B83E89F83E8ACAFEC8EBFEC8EB8EC8EB2EC8E8FEC8ABEEC8EB3EC8E86EE8A80EBA59FEC8EB8E48596EE8A80E98F83EBAF83EAB18BEC8AB5E0B49BE29B83EAAD92E49F83EA9DB4E48DABEC8EB7EE8A80E9A093E7B5A7EC8EABE6B48DE1B782EB9986E78DBFE68F83E8BDA8EC8E93EC8EA0E7A386E989A3EC8ABCEC8ABEEC8AB3EC8EBEEC96BDE7B483EE8A80EA8785EBB485E4B4B6EC8EBBEC8E81E68DA3EC8AB5E2B493E79486E79FA2E8829CE6B782EA9382EA95B7EC8AA2E7B783E88383E9B5AEEC96B8E6B383EABC99E6B4B0E0B783E99782EB9B83EB9B85EBA382EAA4B7EC8E9EE7AF82EAB383EBB783E88383EA8782EA8782EBABA2E882A0EC8E99E39B83EA8DACEC8AA3E68783E985A8E5BDB5EC9692E7A587E3B783E88499E2BF82EBB98EEE8A80E9BB83E99CB1EC8E84EE8A80EA84A3E7B884EC8EB3E285B4ECAE9CE29383E88884C7A2E8829CE7A38BE89B83E88183D081EE8A80E9B188E180A5E6809CEC8EB6EE8A80EA8783E8A490EC8E8AE498A8E3A988EC8E92E287A2E8829AE0B1A0E3B186E58CB0EE8A80EA9BA2E882A1E0A092EC8AA1EE8A80EB80B0E4A4A3E0B382E8B4B0E5938BE89B82EA8182D09BEC8AA1E0A0BFEC8E8AEE8A80E9B8A8E29B83E888A2E1ACA8E1A782EA9088E1BD86EC8EBAE784BAE48190E7BB85E98B83EB8382EA8F85EA8782EB81A7E2AB82EB88B8E1AD9AECAE9CEC8A9DE79CBAEC8AA7EC8EBAEC8EBBEC8AA7EC8EBAEC8EBBEC8EA7EE8A80EA87A2E882A1EC8EA7EC8A9DE48F83EB8383EB8B83EB8B83E9AB83EB9383EAB383E8AB85E98B83E89F82EBAF82EBB383EABB83EB9782EAB383EBABA2E88294EC8E96E7B7A2E882B9E6AC9BE0AD8BEC8AB9E0AF85EBA1A7E28F82EB9092E48383E99B86E98B83E8A1BAE18383EB9887E28F82EBB890EC8EA2E49C90E3BF85EA8383EBA191E69083E0BB82EABC86EC8AA9E38186D591E2998CEC96A0E6859AE0A783EA8F83E8ABA2E882A0E5BF83EB84ACEC8AA4EE8A80E990BDEC8EAAEC8EB5E4AF83EAAB83E995B7E6BD9DE7B193E7B783EABF85EBA382EB9F83EBBB83EBBB82EBAF83EB9F83EBBF83EAAFA2E882A1EC8AAFEC8ABDEC8EB0EC8E9CEC8EAFE3BB83EB9C84E6BF83EABD9EEC8AACEC8AABE5A5A8EC8AA8E5BDA8E6A7A2E892A2EC8AACE6AF82EB909FE3ACB5E78382EA9B83E89591EC8E93EC8E9EEC8E97E6B383EAA5ADEC8AB0E0B8B6EC8EB7EC8AB9E5AF82E9B7A2E8829CEC8AADEC9A92E38F83EAB783EBB783E8B9B3E1B782EABB83E9AB82EB9885E48F83E99D9CEC8ABBE69782EAAB83E994B2EC8E99EC8E9AE3B783E98783E9A8BBE68498EC9693E3908EEC8E8FE5AD9DE38C9DEC8ABDEC8AB3EC8E86E6B997E78FA2E882A1EC8EA3E5B383E88D80E5B782EB8F83EBA588E79783EBBF83E9A785EA8783EAA5B6EC8AA3EC8AA7EC8AB3E7AF83E9A783E99B83EA9C9BEC96A1E5B1B7EC8E8DEC8EB9E298B7EC8E90E397A2E88299EC8E86EC8AA3E2B0AEEC8EB3EC8AA8E28091EC8AA2E4938BE898BCE28488EE8A80E9BB83E8B3A2E88298E3B3A2E882A1EC8EB3E3B0AEE784B8E2BDA0EC9693EE8A82EAB1B1E1B383E88B83EB8B82EAA090EC8AA5E68C9CEC8E82EC8E8BEC8AA4E289A0EC8AA2E48385EA80BCE285B0E3A18FE68CACEE8A80EA8783EB8C92E28785EA80A8EC96B8CFA2E882A1EC8AB0E288AEE78088EC8E8FEC8AA2CB82E8B785EA80B4E489B3E0A383E88D85E1A0A1EC8E84E4AB8BE89B82EAA383EB858FE0B7A2E882A6E69F83E89C90EC8E8FE2B382EB9782EB8783EA8785EBA3A2E892A2E5B7A2E882BAECAE9CEC8EB6EC8E8DE2BF83EBA497EE8A80E98F83E98782E8B590E690ADE1919AE0BF83EA9FA2E88AACEC8EB8E184ACECAE86EE8A80E9A181E1B08FEC8EA1E5A090EC8AA3E68385EA8785E98B82E98094E4B0B1E38181E684B8E1BB83E885A8EC9692EC8AA1E18385EBB783E884A4E1A895E5A59CEC8AA4E387A2E88293EC8E81E5A48EE18DA5E28B82EA99A0EC8EB1E39099EC8E9FE288A4E7A5B9E59783EBB783EA8382EB89BAEC8EADEE8A80E9A5BAEC8EB1E4B783EB9782EAB782EBBD9FEC8EBFEC8E93EC8E8BE1BF83EBB383E99DBFEC8ABCEC8EB6EC8E82EE8A80E9919FE7A9A8EC8E93E5B5BDE6AB82EB8782EA95A3EC8AA1EC8E95E3A383E9A783E9A383EAAB82EAB9ADE1B0B8E5B4BFE59383E99F83EA99AEEC8AB3EC8ABAEC8E9AE7AB83EA9B82EAB382EABB83EB8782EB9B83EBB899EC9A92E78F82EBAB82EA95BFEC8E9EE38382EBA1A0E79B83E8B89BD9A6EC8E9BEC8EBBEC8EA6E0B483EC8EB3EE8A80EA8382E885A5EE8A80EBA5ABEC8E83E3BB83EAA5B3E4B1BBEC8E8CE28F82EA8782E88782EBA783EB8383EA8383E8B19AEC8AB7E78F82EABB82EB8F83E9AF83E9A783E98383EAA9ACE6A1B5EC8E94E398BAE6A9AAE69F83E8B59DE0AF82E9B4BDEC8AABEC8ABDEC9A92EC8EABE4BB82EB9DA7E681ACE7B5A2EE8A80EA988AE38191E3BB83E8AF83EA8F82EB84A8EE8A80EA8B82E98189E494A4E19785EBBBA2E8829DE3A59AE18598E495A2E68892E19595E0A0A5E4AB83E8A88AE28489EE8A80E9BB83E8B383EA88B2E4AD85E3A582E18783EAA782EBA180EC8E85E49192EC8E99D8A5E784B8E2BF83EA8B83E9AF83E9BFA2E88293ECAE86E0ACBCE28783EB83A2E8829EEC8E80E28782EAB3A2E88AACEE8A80EB809CEC8E82E78C88E28F83EA85ACEE8A80E9B490E6958CE181A1E48493E5A498EC9A92E3B593EC8EA8EC8E8AE28B82EB8B82EB8BA2E8829AEC8AAEEC8EBBE48F83E8AF83E9BB83EB81AAE18383EB8FA2E882A0E584AFEC9692E7A891E28984EC8EA3EC8E81EC8E9CEE8A80E9B782EA8488ECAE9CE290A3E19085EC8E93E39383E8AB82EA8C91EE8A80E9A783E888B9EC96A0E68199EE8A80E9A891E1A782E884A3E7A785EBB494E1A18CEC8EA0EC8E89E6A08ECB82EA9783EB8382EA90ACE58992EE8A80E9B596E690BAE199A7E58899E3A8AAE2B1AFEC8AA8E1BD9CE588BFE7A18FEC8ABDEC8EB4EC8EA6EC8AADE39F83EBBDB6EC8EB3E6BF82EBBF82EBB783EBAB82EAAF85EBA383EBB383EA8D9BEC8E8FEC8EBFEC8EB4EC8EA3E1BD9BE6A782EB8F82EAB89AE6B1ABE29B83EBAD94E5B7A2E882BAEC8ABBEC8AA6E7A782EB8B83E8A4B0EC8E92EC8E90E684BFEC8E93EC8E94E7AF82EAB9A5EC8AA8EC8E89EC8EA4EC8AACE39F82EBA49BE2B493E0B496E79F82EBB5B5EC8AACEC8E89E39B83E9B783E9A8BBEC8E9BEC8E9EE3BDAFE1A1B4EC8E97E5A382EA999AE7A8BDEC8AA6EC8AA1E3A783EA8F83E88385E98F82EB85AFEC8E91E3B0B8E6B782EB8382EBA783E9AD8CEC8EA6E28F83E99783E9B782EA9DAAEE8A80EA8385EA848DEC8E8EE39BA2E8829CEC8E9BE69199EC8EA8E1A598EC8AB2E0B782EAB383EB988EEC8AAEEC8EB5EC8A8FD0A6E3B382EBBB83E8A4B5E39B83E8B08BE4B18AEC8EA1E388B2E18593EC8E88EC8AB8E4A0AACB82EA9588EC8AACE28B83EB8B85EA8383E880AAE3B0A9EC8E87EC8AB8E69385E98BA2E882B0EC8EB2EC8AB8EC8E84EE8A80E9B191EE8A80E9A18EE789B4EC9692E69F83EA8882EE8A80EBAB83EA81A8E49782EA8094EC8A81E589A4E3A8A6EE8A80E9B192E0B892E28785EA83A2E8829DE29192E1898FEE8A80EB80BCE28783E8A382EBA0A8E283A2E8829AE49383E8A082EC8E86EC8E89D097EC8AA3E697A2E882A6EC8A90E19182EC8E92E49196EE8A80E990A3E6ACABECAE86E6BCBDEC8EACEC8EB5E49B83EBB1A1E3A3A2E88AACEC8E80E3B898EC8EB5EC8E82E5938BE89B83E880A3E1A385EBB492E3A18AE18098E4B4A2E193A2E882B9EC8AB1E3B383E8B382EB88B0EC8E87EC8EA3E0ABA2E882A6E4ACA4E28590E29187EE8A80E9A09CEE8A80EB80B3E2B383E887A2E882B9E793A2E8829DEC8E81E29096EE8A80E99085E2AB83E89891EC96A0E4A383E898B8E28896E694B3E38891EE8A80EBA7A2E88299EC8E91EC8EB3E48B83EB99BEE39B83EB8480E28782EBBB83EB87A2E882B9EC96B8EC8AA9EC8E97E2BB82EAA897E5BF82EBAF83EBA783EBAB85EBA1AFEC8ABCEC8EB2EC8EABEC8E8BEC8EBFEC8EBDEC8E93EC8E97EC8ABFEC8EBFEC8E82EC8A8FE1B9BDE6A383EA91A4EC8E8DEE8A80E9B382EA938BE8988DE4B785E98B83E99C9BE49B83EAA88CEC8E9DE29FA2E882BAE4BB83E9B5B6EC8EA0E58383EBA783E9B883E195BBEC8AADE29F83EAAB83EA998CE3B782EA84BEEC8EB7E693A2E882B9E79783E99B83EA8098E6AF83EABB85EBB9ABEC8AB3EC8EB7EC96B8EC8EA9E3809EEC8AA9E1AF82EAA382EB8785E989B7EC8EB4EC8A8DE79C8EEC9692E1AF82EBAB83E8A589EC8A8FE6BF83E8A382EBB587E5AF82EB8197E59DB6E6AB83E8BCA1EC8EB3EC8EB1E5A997E4AF83EA9D88E49F83E99F82EA9383E89782EBBB83E98383EAB59CEC8EAEE1B99AEC8EADE78783EBAB83EBAB83E89882E28C8BEC8E81E1A5BFEC96A0EC8E9DEC8EA4ECAE86ECAE9CE4A0A7E39DA3E19F83EA89BCE499A1EE8A80E9A4B2EC8A9DEC8A90EC8AA8E3A383E8BF83E8A0A2E19C95E5A185E681A3C89BE18F83EAA782EAA383E89383E891A2E5B192E68783EA8991E398A1EC8E92E58785EBB782E8B783EB899CE4B1A0E68CB2E1B7A2E882B9E3858AEE8A80E9B596E2919AE198A8E49782EA9382EA8CBCE1A495E0A199E281A4EE8A80EB83A2E88293EC8EA3E6B18CE298A5EC8A81EE8A80E98C84E5A892E4A191E298A5EE8A80E9A092E39783E9A383E9A89AEC8EA6E5B783E89F86E988BEE39098E49386E989A1E393A2E8829EEC8EA0E687A2E8829DE0A1A0E5938BE898A0E683A2E88299EC8E84E1A492EC8AA7E4A385E98F83E8A5B1E2B4A0EC9693ECAE86EC96A0E3B0A2E3878BE89B83E8A1A0C98DEC8EB0E2B0A5EC8AB2EC8AB8EC8E88EC8A90E18983E4A89CE1B5A3EC8AA9E2A187E2ACBCE28F83EB8D8CEE8A80E9B782EA8FA2E88299E0ABA2E88294E18783E8A598EC9693E4B5A4EC8EB9E4B3A2E882A0EC96A0E5B5A0E68B82EBBF83EBBB83E89B83EB8F83EAAB82EB97A2E882B9E39F83E9BF83EBBB82EBAF83EBAB83EBAB85EBA383E99197EC8EBEEC8EBBEC8E92EC8AAFEC8EBEEC8EA3EC8EB5EC8EAFE7BB83EB8D97E4BDBDEC8E8AE6AF82EB9B83EBB383EABBA2E882B9EC8EBFEE8A80E98F83EB89ACE4B383E9989BE5B4B5E49B83E89F82EAA782EB9B83EBB99AEC8AB3EC8AB9EC8ABAE69785EBA1BEEC8EAFEC8A9DEC8EBAE3AC86EC8EAAE6B383E9B38BE9B0AFE681B6EC8E87E69BA2E8829AEC8E81EC8AA1EE8A84EA8B82EAB4B0EC8EABE1AF82E9B786E98B83E89FA2E88293E1BF82EA8D92E4BF82EB8383E9A5A4EC8A90EC8EB1E5A382E9B783EA9383E8B383EBABA2E882B0E3AC8FE1BF82EAA783E9A383E99DB9EC8AA2EC8AB9EC8EB9EC8EA0EE8A84EA8B83EB98A3E39583EC8AADEC8E96E7858BEC8EAFEC9692E6B5A0EC8E9EE39B83EAA382EB848DE2BD98EC8EBAEC8E97EC8EBAEC8E86EC8E97E5B783EB8F83EA8783EBA590EC9692E4BB83EB8D8CEC9693E69F83EA888CEC8AA9E4A1BCE4AB83EA93A2E88299E0ABA2E88294E18B83EAA782EBA180E490A5E2A8AEE38489EC8A81EC96A0EC8E89E6B192EC8EA1E588B2E1AFA2E88294ECAE9CECAE9CEC8E82E29494E298AEE384B1E58588EC8EB0E6B182E68093E38B82E9B590EC8AA8EC8AA8E48985D582EC8E8EEC8E9DE28191E587A2E88298E59094E2A89AEC8AA5E697A2E882A6EE8A80E9A5A3EE8A80E9B4A2E58BA2E88299EC8E84EC8E8AE388A3EC8E8BEC8AA4E2A0B2EE8A80E9A7A2E882A0EC8EB2DB82EAA180EE8A82EAB08CEC8EBAEC8EB1E78098E0BF83E88DB8E1A0A5E28898E194A2EC8AA8E183A2E892A2EC8EA3EC96A1E28998EC96A0E680A9EE8A80E9B782EA99A0EC96A0EE8A80EBA4B0E3B383E8B382EB8C91E48580E69782E88782E98199E59383EA81B1E294B7EC8AB9E5A186EC8EB9E18092EC8E87EC8E8AE2B0A3E7858CE58B83EA8993E384A1EE8A80EA8B82E980B2E2A4A1EC8A9DE19592E0BFA2E882B0EE8A84EA8B83EA9CAEE3B382EA819EEC8ABBEC8AA8EC8ABEEC8EB5EC8E8AEC8AADEC8E97EC8EBEEC8AA8EC8ABEEC8EB2EC8EABEC8E8BEC8ABFEC8EBCEC8EA1E3BD9FE7B383EBBB83EA9782EA9CBEE28782E8BF82EBA783EBBF83EBABA2E882A2EC8EA7E1BF83EB9B83E88D93E4B783EA9B83EB8783EA98AEEC8E9BEE8A80EB83A2E88293E2A783E98F83E98382EBB1A5EC8AA2EC8ABAEC8EB4EC8EB8EC8E89EE8A80E9A783EAAB82E9B785EA8785EA8383EA9B83E9AF83EAAB85EBB783EA9B83E9BF83EAB5ACEC8AB0E5A58EE3958AE6AF82EB81BFE6B1B1EC8AB6E69DA4E68DB8E6BB83E8B0B2E7A383EA8B83EABB83EA8D87EC8EAFE3B1BCE7AF83E985ADEC8EBBE4AF83EABC9EE6A1B2EC8E8CE5A783E89F82EBA98EE79C98EC8AABE1AC87E5A8BAEC8E87E2B5BDEC8E93E5B783EBB5B3E5B58EE4BF83E8BF83EAA1AAEC8EBFEC8EA4EC8AB2E68DBCE695A8E1B99DEC8E87E7A4BCEC8E86E38DB1EE8A80EA8385EA808AE7B19CE18BA2E8829CE584A5E28C89E6A785EBB98DE2A18CE5A8A2E58DB1E7B993EC8EA1E388B2EE8A80EBAB85EBB489EE8A84EA88A8EC96B8EC9692EC8EB2E4A7A2E88298EC96BDEC8EB2EC8AA4EC8AACE78089EC8A81E4AF85EA81BCE4AB83EA8993E0ABA2E88294E58B8BE9B382EB9184E29485E2ABA2E88293EC8E93EC8AB5EC8E82EC8E84EC8AA3EC8AB4E28BA2E8829CE4ABA2E8829DE59B82EA8B82EA9385E98DA0E68892E2B589EC8AACE2B382EB8F82EA8982E0AC92E2ADABEC8AA8E483A2E8829EE0BBA2E882A0EC8E89E58098E0BF83E88DB8D0A3E683A2E88299EE8A80E9B9B1E3A98CE38891EC96A1E491A8CB82EA8D89EC9693E284B0E3AB83E99D94EC8EA4E78385EBB4A7D09EEE8A80E99184E58B83E8A782E8B4ACE1BB82EA95B0EE8A80EB80A6E69385EA87A2E88299E3A0B6EC8E8AEC8E90E38B83E88CA8C89FE19FA2E882A6D383E89F83E89185E2B8AEE0ADB1EE8A80E9A197E689A2E28B83E8BB83E89B83E9899CEC8EBCE48785EBB991EC8AAFE5B594EC8E9FEC8EBBEC8EA7EC8AADEC8E97EC8EBEE7A383EB8F82EABF82EBBDBAEC8EBFE59CBFEC8EBAEC8E87E79F85EBBB83EBBF83E8B4B3E4BCBEE18783EB8B83EBBF83EBA1A3E4BDBCCB82EA98BCE49B83E9ADA8E4AF83E99DA0E58F83E99D88EE8A80E9B1BDEC8AB6EC8E8DE39783E9BCB4EC8AAAEC8EBEE5A595EC8E9FE581BFEC8EB7EC8E94E0BC91EC8EA3EC8E8CE689A3EC8ABFEC8EA9EC8E8EE58F82EBB4A7EC8E9BE1A88EEC9693EC8AB2EC96BEE6A783EAACBEEC8E9BE684BFE68F83EAB0BAEC8E93EC8E99E78782EAA383E9A5B8E4BF83E8ADA0EC8A8DE7B783E8B4B6EC8ABBEC8E9CE38F83EAB5ACEC8AB6EE8A84EA8B83E8BB82EB9B83EB90B5EE8A80EBAB83E89CBAE1B785EBBB85EBBB82EA8783EAA783E8BB83EBB9B9EE8A80EBA9ABEC8E9AE3AB82EB90B4E38382EBA4BAEC8EA6EE8A80EB8382EAB382EA88A2EC8A9DEC8EA4EC8EB0E3A18FE29C89EC9693E69F83E9A782EAA0A8EC8E84E690A9E285B2E58785EBB782E98184E3AB82EABB8BE89899EC96BEEE8A80EB83A2E882B9E5B0BCE2AB82EA95A5E284AEE78991E5A588E6BBA2E8829CEC8E8EE29585E3B8A5EC8AB2E6A7A2E882A6EC8E8BE0A1A4E58B82EA8092CBA2E882BAE18383E9A38BE9B383E8B383E899A5E3A896E68F83EA888AE1A782E8BF83E98B82EB8498E197A2E882B9E584B1EE8A80EB8195E29196EE8A80E9A0B9E495A1E197A2E882B0EE8A80EA88B5E59098EC8E81EC8EBCE28492EC8E86EC8AB1E3818AEC8E80EC8EA4EC8AB6E7B891EE8A80E98FA2E882A6E1A482EC8AA6E0A385E98B82EA9989EC96BDEC8E86E1A086E69DB9EE8A80E9A9A7E28894EE8A80EBA782EB84B4E287A2E88299EC8AB8EC8E84E58191EE8A80E9A18EEC8AB2EC8AA8EC8E82EC8EA3E18987E4A094E287A2E8829CEC8AA4EC9692E58CB2E484ABEC8AA2ECAE9CE193A2E882A6EE8A80E9B8ACEC8AA4E694B6E1BBA2E88294EE8A80E9A7A2E88299EC9693E183A2E882A2EC8AA4E2B0A5EC8AB2E588AAEC8EAAEC8EB7EC8AABEC8E97E2BB82EAA89FEC8ABCEC8AABEC8ABEEC8EB1E79F83EB97A2E882A2EC8E9FE5BDB9EC8EB9EC8E87EC8AAFE7BF83EABF82EAAF82EBBDBAEC8EA6EE8A80E9B385EBA383E890A2EC8EBFE7BB83EA8783EBB0B7EC8E8EEC96B8EC8EB7EC8EB6E0B385E98B82EB99B4EC8ABBEC8E9BDB83EA9B82E8B4A3EC8E8EEC8EBBE4B383E9BDBEEC8EA4E78F83EAAB83EBACB7EC8E95E6ACB7EC8E95EC8E8BEC8AAAEC8EBAEC8EB7EC8AABEC8AAFE7B383EA98BBE3BD8CE3B383EBA485E29382EBAD90EC8E93E3B593E69C9FEC8AAFEC8AB5E0BF85EBBB82EB888EEC9693EC8AB4E2B3A2E892A2E29F82EA999AEE8A80EA8196E2B193E1AF85EBB7A2E892A2EC8A8DEC8E81EC8EB9EC8AB1EC8E8EEC8AA1EC8EAEE3AB83EA8DB0EE8A80EA85ADEC8ABAEC8E93E385A3E78F83E8B99ADF83E89C8DEC96BDE5A7A2E882BAE6AF83E898B1EC8EA1E784AFD597E387A2E892A2EC8E8FE4A982EE8A80E98F82EA9FA2E8829CEC96A0ECAE9CE18782EA94B8E2BF83E89DB8E48491EC8AB9E2A18BEC8E89EC96A0ECAE9CEE8A80E9A7A2E882A6EC8AA4EC8E88E494A5E3B8A6E0ADB1EE8A80EB83A2E882B0E4A58CEC9692E69C93EE8A80E9A782E983A2E88293EE8A80EA9B82EB9383E890A4EC8AA2E7B19AEC8EA4EE8A80E9A482EE8A80E9B092EC8E85EC8EACEE8A80EA849AE4BF83E8A1B4E4B0A0E693A2E892A2EC96BDE49782EAA584EC9692E4B383E89783E8A194EC9692E4BB83E8A9B4E4B383EA8492E38897EE8A80EA8BA2E882A6EC8AB8EC8E8CE494B5E19182EC8A90E3818EEC8AA1E39081EE8A80E9B0B8E48893E2A183E68CACEE8A80EBA5B1E0B383E8ABA2E88299E0A18DE688ACEE8A80EA99B3E29383E89B82EB8B82EBA383E8A1A0CBA2E882B9E0A89CE28783E987A2E8829EE4B383EA8892E4B783E899B8E3A8A9E38489EC8A81EC8A90E494BAEC8E8AE38DB1EE8A80E98D8EE3818CEE8A80E9AB82EA9493E28B85EBA092EC8AB9EC8AA4E2B382EA9095E2B891EE8A80E993A2E88299EE8A80E9A498EE8A80E99382EA9194E5918AEC8AA7EC8EB9E29382EBBF83EAB995E5BF83EBAFA2E882BAE7AB83EBB782EA8B83EBAB83E99B82EAAF83EAA8ABEC8ABFEC8ABDEC8EB5EE8A80EBAB85EBA383EBBB83EA8F83E9AD9FEC8EBAEC8EB7DF82EB8D9BE6AFA2E882B9E5BF85EA8383E8ACAFE3BB83EB89B0E7A383E8A383EAB782EAAB82EB9DB4EC8E9FEC8E97E3AB83E99783E9B383EA9CB8EC8E92EC8AA8EC8ABEE78D99EC8ABDE79985E7B783EA9F85EBA383EAA8ABE7BDB9EC8EB7EC8E9BEC8E9FE7B783EAB782EBA782EABF83EBB4A4EC8EBBEC8E98E0AF83EA8B86E98BA2E8829DE7B5BAEC8AA9EC8AA5E6BF82EB9B82EAA5B7EC8AA6EC8E91E3859EE6AF85EBA1AAE1A198EC8EABEC96A1E0A48DE2BB83EBA785E98DB3EC8EB3E3B783EA8F85EBB783E89B82EABB82EBB8A6EE8A80EBAB82EAAF82EA8DB7EC8E92EC8E92E3BDABE1BC9EE39783EB918CE5AB83EBAB82EA9CACEC8E8EEC8EA5EC8AA1EE8A84EA8BA2E882A2EC8EB1E695B8E0B58BEC96A0EC8EA7E294BEEC8E85EC8E93E4A589EC8E88E4A992EC96A0E18DA3EE8A80E9A898EE8A80E9B3A2E882A6EC8AA4E2B1A6E690A9E2958BE2A589EC9692EE8A80EBA582E48B83EA8893E28BA2E88294EC8EA4EE8A84EA88B8EC8E87E29484E284A5E0A5A9EC96BEEE8A80EB83A2E882B9E5B192E184B3E28B85EBA383EA8B83E9A7A2E8829DEC8E8CE69C95E2B895EC8EA5EC8E93E384AEE1A783EA9D93E584B6E185A5E58C8AEE8A80E9B385EBB5B1EC8E99E2A3A2E882BAE58B8BE9B382EBA383E8B383E898B9E5A891EC8AB9EC8AB8EC8E84EC8E84E39198E1A0A7E683A2E88299EC8E86E5A09AE68C99EC9693EC8AA3E7808EEC8E87E1A092E68C89EE8A80E9B783E8A591E4BC92CBA2E882A6E4ACA4E29992ECAE9CE48B83EA8492EC8A8DE49CA9E4B382EA878BE898A8E48F83E895A9E589A1EC8AA8E2A18BEC8E89E2889DEC8EA7EC8EA9EC8AA4EC8E80EC8AA4E7A4BAE28CB0E5A7A2E882A6EC8E8DEC96A0E59385EA80A7EC8EA3E18BA2E8829CE18382EBA4B8EC8E8FE490A5E2849DE19F82EB8CB1E2BBA2E892A2EC8E86EC8EA8EC8EBFEC8EB7EC8EBCEC8EB3EC8EAAEC8AB5EE8A80EBA783EAA8BBEC8EBFE58383E9BF83EBA383E8AF83E9BD9FEC8EB8EC8E92EC8EAFEC96B8EC8EBBEC8EB4EC8E97EC8AB6E58B83EB9382EBA0BBEC8E98EC8EAFE4A382EAB382EABDB2E78D8BEC8AA3E0B782EA9B83EB8586EC8EABEC8AA3E18783EBBB85EBA383E9BF83EBB48FEC8EB5EC8EAAE29783EB9783E8AB83E9AF83EAAB83EAADBFEC8ABAEC8EB6EC8E8BEC96B8EC8ABCEC8EB3EC8E8DE6BDBCEC8A8DEC8EA6EE8A80E9A0B6EC8EABEC8EACEE8A80EB8382EA9BA2E882A6EC8E9AE4B98FE58F83E8BDACEE8A80E9B1BDEC8AA2EC8AB6E6AF83E894B8EC8EA2EC8AB3E4B491EC8AA3E5B9A2E689BDEC8E95E384B9E6B49DE1A783EAB898E1A1ACE794B8E5AF83EAB382EB8F82EB9BA2E88298EC8A81E59B83E8AD90EE8A80EA85ADEC8E8CEC8E9CE3BDA9E79783E8B88FE4B3A2E882A0E3B383E88783EBA783E98585EE8A80EA9989E69BA2E8829DE2B7A2E892A2E4B48AE5B19AE18192EC8AA2ECAE9CEE8A80E98F82EA908CEC8E8FE29D85E384ADEC96A0E6A591E4B18AE5898AEC8EA0EC8EA3CBA2E88294EE8A80E9B782EBA385E98B83E8A1A7E5A0BEE2B589EE8A80EBAB82EB8B8BE9B383EA87A2E892A2EC8AB8EC8E84EC8AA7E290A1EC8A9DE78FA2E88299EC8AA8EC8AB8EC8AA5E78382EAA59CEE8A80E9A7A2E882B0E785A9EE8A80EA998BE2A59CE4AB83EA84B2EC8AB9EC8ABAEC8AAAE78089EC8A81E58884E398A6E789B1EE8A80E9A385EBB5AAEC8E90E0A189E288B4EC8A8DE38184ECAE9CEC8AA4E68385EA8783E884B9EE8A80E9A5A0E4A785E98F82EA8589EC96BDEC8AA5E493A2E882A0E19098E58B82EA89B0EE8A80EB8184E6948AEE8A80EBA782EB8994EE8A80E9B782EA9782EA88ACE1A783EA9F82EAA084E4BCA7E1A4AAEC8E8AEC8E92E387A2E882A0EC96A0E789B4EC9692EC8AA7EE8A80E9B0A2EE8A80EBA891ECAE9CEC8AACE4A382EA95A4E29B82EA8CB0E6A7A2E882A6EC8E8BE2A1A2E49894E18B85EA83A2E8829DE597A2E8829EEC8E8DEC8AA4E7B1BFE58B83E9B892E48B83EB8383EA8F82EB8782EAA1BAEC8EB5E5B783EB9786E989B7EC8E94EE8A80EBA783EBBF83EBA383EB9497E3BB83EBB782EB8782E8B7A2E882A2EC8E94EC8E8AEC8E8AE6AB83E8BF83E88385E98B83E8A4BAE6A782EB9B83EBABA2E882A0EC8E9CEC8E9EEC8ABEEE8A80E9A18FE0A783E984B7E5BB83EBABA2E88298E7AB83EBA5ADEC8EB5EC8EB2EC8AABEC8EAAEC8EABEC8ABFE59D9FEC8EBDEC8EADEC8E95EC96B8E7B383EB9C8FEC8E8FE3B383EBA783E88383E8B383EA8B83E8B3A2E882B0EC8AB6EC8E85EC8E96EC8E9EE59783E8AF83E98382EA89B9E6A383E8B8B0EC8AB8E681B4EC8AAEECAE9CE49883E3B4B3E1AF83EB99A9EC96B8E78DAEEC8E8EEC8EAAEC96A1E3808FEC8A8DE5AF83E9B083E2B5BDE28C9DEC8EBDEC8AAEEC8AB6EC96BEE1858BEC8ABFEC8AABEC8AB3EC8E8FE6B5B5E4BB83EB9B85E9898CEC8EB5E4BF83E8899EEC8EA2EC8EB4EE8A80EB83A2E882A0E4B9A3EC8EAFEC8AA7E1BB83EBB184E4B383E8A188EC8E82EC8AA6EC8E84E69782EB9CADE49783E8B1B2E5B18AEC8EBCEC8A90E4A981E4A089E48986E188B6E494BEE2AC8AEE8A80EBAB82EA8B82EB80A9E0A7A2E882BAE38B85EBA095EC8E99EC8AB4EC8E88E69CA4E287A2E882BAEC8ABBEE8A80E98F83E9A783EB93A2E882A1EE8A80EB80A5EE8A84EA8BA2E882B9E39092EC96B8EC96A0EC8EB2EC8EA9E2A385EBA196EC8AB8E4919CE4B383E8ADACE5B382EA8094EE8A80EB8385EA81AAE78B83EBAB82EA9590EE8A80EA83A2E8829AE6A486E69498EC9693E28D90EE8A80EA8383E881A8E18B82EA9DA8EC9692E68489EC96BEEC8E85E49486E58C98E28986E18CB2E48CAAE0B382EAA5B0E593A2E8829AE29F83EA8CACE195A5E6A3A2E892A2EC8AA2D785EBBBA2E882B0EC8AB2E69385E98DA3EE8A80E9A4BCEE8A80EBAB83EA8B83E9A7A2E8829EE289A6E3A0A2E199A5EC8AB6E691BEE58DA4EC8E93CBA2E8829CE18B83EBA5ACEC8EAEE5BFA2E88299EC8AB8EC8E8CCF83E9858DE7BB83E9B782EAAD9EE7A993EC8ABDEC8EB1EC8AB6E7AB83EAA785EBA0BFE7B783EB8B83EB8782EA8383E8B783EAA9B5E3A0A7E3AB83EBAF85E98DADEC8A9DEC9A92EC8EADEC8A9DE28D86EC8E9BEC8AB8EC8AA1E7AF82EBA382EA85B5EC8AA3EC8E9BE18782E9B7A2E882BAEC8EBDE19F85EBBB83EBA383EB8493EC8EB7EC8ABFEC8EBAEC8EBCEC8EA7EC8AAEE7B383EBBD9BE2BCBFEC8EBDEC8EB4E48F82EAADA1EC96B8E7A5B8EC8EA0EC8AB4E68782EBA382EA85BBEC8AB8EC8E81EC8E9EE7BF83E8B8BAEC8E96EC8E9CE3AF83E9B783E984BFE6BC9CE5BB83EAA89AEE8A80EBAB83EAAC9EEE8A80EBAB82EB9385E9898EE79385EBB785E98898EC8A9DE38CBDE18C83E2B4BDEC8E83E1B5BDEC9A92E1B5B6EC8AA7EC8E89E385AEE1AF85EBBB83EAB09FEE8A80EBA89FE5BB82EA8383E99F83EAA386E98887E4B9ABEE8A82EAB383E888B8E1ADBDEC8EA0EC8EBEEE8A80EA85A5E29783E8A782EB8C89EC96BEE4B7A2E882B9EC8E82E7A7A2E882B0E3BCAFEE8A80EBA7A2E882BACBA2E88294E19382EBA382EA90A4E299A5E2A4A5E0A5A9E48783E8A38BE89B83E88B82EA9B83E881A5E78B8BE89B83E8AC8FE0A18CEC96A0EC8AA1EC8EA2E3B3A2E882BAEC8A90EC8AB8EC9692E289A6E690B1EE8A80E9B382EBAD99EC8EA4E58CB2EC96B8EE8A80EA8B8BE9B3A2E8829DE490A5E194A6E2B783E98F82EAA4A8EC96B8EC96BDE0A499EE8A80EA998BE4A58CE48B82EA8B83EA889ACB82EA8C99EC9693EC8AA5E384A6E59C98E6A785E988A5E38496EC8E87E3A082E695A8EE8A80E9AB82EA9C89EE8A80E9A0A6E693A2E88293E4B0B0E49385E98B83E89B82EA8CA4E2B991EE8A80E9B98CEE8A80E9B0B1EC96A1EC9692E58584EE8A80E9B4A6E19785EA83A2E88299E1A19AEC8EA4EE8A84EA88A8E4AF83E89DB8E39981EC8EA0EC8ABCEC8E80E298B8E2AB82EA8782EB819BE28BA2E882A2EE8A80E9A783E9A782EB9383E8B1A7E294AEEC8AABE0A383EB9FA2E882B9EC8EACEC8AA6EC8E8CE6BCA6EC8EB9E7A3A2E882A0EC8E80E7BF83EBBF82EA8F83EABF82EAA0B7EC8E9EE598BFE7A383EBAD9BE0BCBDEC8AB0E690B2EC8AADEC8EB4E3A383E89F83E8B083E28CA6EC8E87EE8A82EAB382EA8782EA9F82EB9F82EA8F82EBAF82EBBF82EA8DB7EC8AB0EC8AADE7AF82EBA382EB95BBEC8AA0EC8E96EC8AB0E68B82EB98AFE1ACACEC8EB4EC8A90EC8EABEC8E89E0A383EB8783EB9783EAA383EA99A7E4A783EA94A1E2BD89EC8A8DEC8AAFE4B782EB94B9EC8EBBE4B999E4989ADF83E9B0ADEC9A92E58F83E89B83E98783EBA782EABB83EB85A9EE8A80E9B1BBEC8E94EC8EA0EC9693EC8AB0EC96BDEC96BDE5A99CE2BB83EB8D90E7BFA2E882BAEC8E83E6A783EAA383EAADAFEC8EABEC8EAEE38F83E9AB82E9B4A6EC8E87ECAE9CE695B0EC8AA2EC8E9BEC8AB5E3A0B4EE8A80EA85AEE180BBE0A8AAE395A0EC8EBEEC8AB0EC8E93EC8EB5EC8E88EC8EBDE0BDA5EC8AB2E5AD9CE2B0A9E0A0A9EE8A80EB8383E8ADB2E6B19AEE8A80E9A4B6E295A9E58FA2E88299E38B85EA83A2E8829DE59782EA9382EAB0ACE69894E384A3EC8EB3E5A7A2E88293E4B382EB81A4E489A0EC8E92E38BA2E8829CEE8A80EB81B2EE8A80EBA892EE8A80E991A1ECAE86E5A194EC8E9EEE8A80E9B7A2E8829EEC8AB4E2A0A4E290A9E29589E2A591E4B0ABEC8E8AE7A7A2E892A2EC8E9FEE8A80E9B7A2E892A2EC9692E4A382EA94A4E3A8ADE38782EAA4A8EC96B8E1978BE9B094E4BCA7E494BAEC8AAEEC8AA1E58385EA8783E88599E0AB82EA95B1EE8A80E9B4A2E58086EC9A92E1A48AEE8A80E991B0E59180E68785EBB783E881B9C893E2A4A2EC8E8AE181B1E1AB82E8BF83E98BA2E8829EEC8E8CEC8E90E38985EC8E88E29382EABB82EB81B4EE8A80E9A4A6EC8EA3E39099E68F83EAA498E4AF83E89CA4E28783E8B4B1E4A785EBB589E4A982EC96A1E69D93E2B382E9B7A2E8829DEC8E98EC8EBBE694A6E28F82EB8DA9EE8A80E9A18DEE8A80EBA5ACE49896EC8AB7E691BEE58F83EA88B2E0BF82EA909FE3A383E8BDB0EC8A8FEC8EB0EC8AB4E7AB83EBB782EA8B83EBAB83E88783E8959FE7BF83EA9783E8ADB3E49B83EAAF85E98B83E89783EAA783EABB83EAB1B7E1AB83EAB783EB99B6EE8A80EBA783E9B783E9A1A3E39F83EB9B83E9AB85EA8782EBAC86EC8A8DEC8ABDEE8A80E9B382EB9B83EA8783E89785EBBBA2E882B0E59783E89F83EA9382EB8B83E894B5EC8E9FEC8EA2E5A383EAA498EC8AA4EC8E9DEC8AABEC8E89E59783EBB0B1E3B383EBAB82EB9383EB9088E3B896ECAE9CE38785EBB782E8B782EB948DEC8A8FE1AD87EC8E87E4B0A3EC8AA3E1B782EAB891EC8AA3E78F83E890BCE389A9EC96B8E78199EC9693E48F83EA98BEE7ADB3EC8AA7EC8AB3EC8ABDEC8E9BE6A783EAA09DE39783EB9F82E8B59BDCA7EC8EADEC8AAEE59783EB9F83EBB383EBA383E983A2E8829EE2998FEC8AA7EC8AADEC8E98EC8AA9EC8E91EC8EA5E39CB6EC8AB5E6B782EA94B6E1BF82EBA383EB8188E393A2E88298E694B9EE8A84EA8B83EA9C94EE8A80EA818FE78182EE8A80EA8383EA9783E98F85E98F82E983A2E88298EC8E85EC8E8DEC8AA8EC8AB8E19493E399A5E3A8A5E78599EC8A81E4A783EB8DB4E589A6EC8E93E0ABA2E88294EE8A80EB8383EB859BE0ABA2E882BAEE8A80EA8BA2E8829EEC8AACEC8E88E69DB8E3B8A9EC8E8BE5A589EC8E8AE7819CE4ABA2E88293EC8E8EE0AD9CE49B83EA8B82EB88A2EE8A80EBA991EC8E98EC8AACEC8E8CE691A4E298A3E381A9EC96BEE4B989E4B18AE48CA2E193A2E882A6EC8E92E39383E88783EA8C88EC8A8DE28CACEC8A81E788A4E2A993E49094E48DB8E1B097E0A582E289B1EE8A80EA98A2EC8AA2E0B382EAA488EE8A80E9B783E888B2EC8E8AEE8A80EA8782EBAB85EBB783E98DA4EC9693E29493E2B099EC8EA7ECAE9CE19383E89F82EA9084E2B8A3EC8EB2EC8E9BE6BCAFEC8EB2E5A785EBBB83E9AB83EBB09FEC8AAEEC8EB9EC9692E291A4E194A9E2AFA2E882B0EC8E89E0AFA2E892A2DF83E99FA2E882A0EC8E86EC8E9AE0BB83E9B782EAAD9EE7B58FEC8ABDEC8EBAEC8EBEEC8EB5EC8E9FEC8EBEE2BB83EAA1B4EC8AAFEC8EB5E4BF82E8BDB5E0B88DE79F83EB9B83EB9C9AE7AB82EBAB82E8B782EBB782EA9B83EA9B82EABB83EAB8B6E7AD97EE8A80E9B1ADEC8AA2E69DBCEC8E94E3A8B6EC8E9AEC8EA9E1B9A9E78F83E8BB8BE9B383E9B0B3EC8EADE48F82EB8DA6EC8E97EE8A80E9B5A5E6A382EB85ABE2A0B2EC8EA4EE8A84EA88B5EC9692E4B89BEC8E9CE68FA2E882A0EE8A80E9A089EC8E93EC8AA8EC8E9BEC8EA8E1AB83EAA498E1A8B5E3A19DEC8EA6EC8AA1E6A783E89D94E5BF82EBAF83E9B783E9B9A2E78782EB91B6EC8EB6E399B5EC9692E1A1BBEC8E86EC9692E7B782EB8F82EBB782EAB989EC8EBBE180BCEC8AB7E79B83EB9383EA80B1EC8A8DE198AAEC8E9BE7A487E591B9EE8A80EA8586EE8A80E99382EBBF83EABF83EABB83EBB7A2E8829CCF83E88F82E8BDA4EC8E8EE6BF85EBBB83E9BF82EA8B82EA88A2E2B783E89DA8E2A783E89488E4A785EA858FE0A582E49B83EA8B82EB8991E6B8B3EC8E8EE6B589E5B186EC8EA6EC8AB3CBA2E882BAEC8A90EC8E99EC8AA4EC8E82E69584E3AB83E8A783E98CA9EE8A84EA88BFE2BC89EE8A80EBA8BCEE8A80EBABA2E88299EC8EA5E2B581E4A1B1E5B385EA8383EA9CB2CB85EBA095EC8EB9EC9692EC8E80EC8AA4E695BEE58DA1EC8AB3E18B82E9B7A2E88293EC8EB9E4B785EBB98DEC8EB3E79192EC9A92E28CB4EE8A80EB8382EB84B4EC8E8AE18F82EAA3A2E88AACEC8EA7EE8A82EAB382EB808CE29BA2E88298ECAE9CECAE86EC8EA3E2898AECAE86D095EC8AA3EC8EA9E3A185E491B9E3898EE68591EE8A80EA838BE898B1E593A2E8829DE29895EC96A1E59098E2AB83E8BBA2E88299E0A7A2E88293E4BB83EB89ACE5AB83EA8383E9889CEE8A80E9B094EC8EB9EC9692EC8E88E6BF83E99C93EC8A81EC8E8BEC8E88E7B0B6EC8EB7E2A5A5E784B3E1AB83E9B592EC8E84EE8A80E9BB83E8BF82EB8F83E985B0EC8EA8EC8E94EE8A84EA8B85EA8382EBAF83E995ABEC8AAAE7AB83EA8F85EA8783EBAB83E8989BEC8AA2E69F83E8B5ADE78385E98B83E9A785E98CA3EC8E96EC8E81C593EC8ABFEC8E83EC8E98EC8E9FEC8E9DEC8E9EEC8E9BEC8E95EC8E9AE68DA9EC8EAAE1AB82EB908CEC8ABAE3A987DB83E9A886EC8E87EC8E8CEC8EAEE38783EA8F82EAA383E9ACB0E389AEE1B099E6B49FE5B382EB898FEC8ABAEC8E9AE1B382EA8C86EC8EA7E6A383EBAF82E98382EBADA3EC8E98EC8E9DE384BCE6A9B0EC96BDE7908EE0BDB7E3A187EC8AADEC8EAEEC8EB1EC8E9EE3859BE4AF82EA9F83EB859CEE8A80E9B382EBB783E9A783EA90B2EC8EB6EC8EB4E39FA2E882BAE5B782E9B782EBB593EC8AB6EC8E81EE8A80EA9B82EBBB83E98782EAA782E884B1EC8A8DE49997E58782EB8782EB9F82EA9383EAA383EB9B83E88BA2E88299E3AF83E88783E988BDE1AB82E9B58ECDA8EC96BDE1BCBFE1A895EE8A80EA99A7EC96B8E7A4A6E78F83EBBB83E88B83EBA48BEC8A8FEC8AA6E39CAFEC8E90EC9692EC8E88E788B2EC8E8FEC8E85E190B9EC8AADEC8E88E6A599EC8E8CE4A182E599A4E38C82EE8A80E9B383EA8BA2E892A2E3A18FE29D85E3B8A3EC8EB3EE8A80EBA8A2EE8A80EBA891EC8AB8EC9692E291ACEC96A0EC8E82EC8AA6EC8E80E69DB3EC8AA2EE8A80E98F83EAA382EB9184EC8AA7E294AEEC8AABE0A3A2E882BAE18B82EB9F83EAB783E99C9CEC8AADE6A090ECAE9CEC8E86E18496EC9A92E3A49CEC8EA1E0A58CE290B0EE8A80E9A383E88885E189A6E2A59CEC8E80E78491EC8AA7E69385E98B85EA8092E5909CE28F82EA8894E18782EA8F82EB80A8EE8A80EA9985E6A4B2EC8E8EEC8E92EE8A80EB8385E98F82EB9099E2A981EC8E93E787A2E882A0E4A783EB81ACEC8EAAE28DBCE5908CE494B6E28F82EB89A9EE8A84EA8B83E8BF85EA81BCE49891E38C8FE6909FE390B4E79C9EEC8E9BE7ADB4EC8E8AE3A382EA8383E9B990EC8E95EE8A80EBA8B7EC8E95E0BF82EAB9BFEC8EB9EC8E82EC8EA3E0AD9DE48F83E98F85EBB783E985B1EC8E9BEC8EB0EC8A90E7A783E88383E9BB83E99B83E9AF83E9B5A6EC8AB7EC8AB6E7919BE5AF82EBAF83E8B18DEC8A9DEC8E83EC8AB6EE8A80E9A181EC8EB3EC8EB0EC8A90EC8E89E39783E9A383EAB89CE38782EBA19CEC8EADEC8E8EE38783E98F83E8A194EC8EA7EC8E98E48B83E99FA2E8829DEC8ABBE68DB8EC8E86E3A8B6EC8E93E3A4BAE68498E789B7E3A187EC9692CDAEEC8EABECAE86EC8AB3E78F82EAA382EA9F82EAB782EAAF83EBB5ACE68D8FEE8A80EBA782EA8782EBAF83E98783E98383E9ADA8E7989AEC8ABBEC8EBBEC8E9BEC8AADE4B9A3EC8AB7EC8E8BEC8EA6E3B382EB8B82EBBC9AEC8E90EE8A80E9B494E19783E9B996E599BCE59DA9EC8E91EC8ABEEC8EA2EC8EBCEC8E9BEC8EB5EC8EBAE3888D69C382EA81A2EC8E8FEC96BEEC8ABAE38F82EB94B6E78F83E99F83E9A383E980A8EC8EAEEE8A80EBA4BCEC96A1E7BB83EA8383EAA7A2E882A1E3BF83EBBB83E8A487E1BF82EBB4BFEC8A9DE4B783E89893EC8ABCE18095EE8A80E9BBA2E8829EE2B1A7E7A4BEE2A5B0E4A7A2E88298E4B783E8AF83EBB382EA9B83E8B385EBA097EC8E98E4B782E88783E9B494EE8A80EA9B83EB8F82EA89B0E5BB83EA8382EB8CB9EE8A80EA9BA2E882B0EC8E9CEE8A80E98F83E881AEE0A99CE49B83EA90B3E28BA2E88294EC9692EC8EB2EC8EA9E3A385EBA3A2E882B0E0A499E0B48AE78CA4E29892ECAE86EE8A80E9B985D082E18CA9E58B82EA9190D88FEC8E93D383E8AB83EA84B8EC8A8FEE8A80E9A092E4B8ABE1A095E29782EAA098EC96BDE2A48CEE8A80E9A382EA9383EB8498E49783E89188E3B385EA84A3EC96A1EC8AA5EE8A80E9B09CEE8A80E99382EA8189EE8A80EA99A7E58C82EE8A80E9B092ECAE9CE39187EC8EA5EC8EA6EC8E97EC8AA6EC8E84E6B589E5B196E69383E98CB9E68FA2E882B0E0A7A2E892A2E4B4A5E5ADBFEC8AA6EC8EB9EC8E80EC8EAECF82E8BF83EB8499EC8EB5EC8AA6E7AB83EAAF83E998ADEC8EB5EC96A1EC8EBAEC8E97E1BF83EBB082EC96B8E5A383EB9B85EBB4AEEC8AB8E3AC87EC8E86EC8ABAE5B383EBB49DEC8ABDEC8E9DE2B782EB9B83EABB82EB9B83EABB83E8B9A6EC8AB3EC8AB9EC8E89EC8EA8E38383EB9F83EB97A2E892A2D89CE1B5BDE7B5ADEC8EBDCF83EAB5BDEC8AAEEC8EB6C782EB9DA1E68382EB9382EBA5B7EC8AB2E68DB0EC8ABCEC8AA3EC8E8FEC8E9DE6AB85EBA1AAE79D8CEC8AB5E3AF83E89B83E9A9BAE49F82E8B5BDEC8E83EC8AA6E3B9BBE7AFA2E88294EC8AA9EC8AAEEC8E95EC8E9CEC8E90E691ABE6AB83EAB5AFEC8EAFEC8EACE6ACB6E3AD9AE3AC87E5A8ADE2B98BE7BF83EBB783E9A783E898BCE4B5A1EC8ABEEC8AAEEC8AAAEC8AA8E6818FE7BB83EA8783EAB485E49782EB9F83EA9783EAADB7EC8EA9EC8E80EC96A0EC8E92EC8E92E3AF83EB9185E3ACB5EC8ABAE4888DEC8AA8EC8E93EC8EA4E6ACB4E7AB82E8B586EC8AA7C58AE0AC8FE1B0BAEC8EA8EC8EAAE1BDA4CF83EA84A7E3899BE1BDBFEC8EA4EE8A80E9A383EB8FA2E892A2EC8AACE2B0AAEC8ABCEC8AA0EC8EB0EE8A80E9AB83E889B3EC96A0E2B382EA91A5E787A2E8829CE69D93E2B3A2E8829CEC8AB3EC96BDE2B782E88783E8BF83E8AB83EA8BA2E88293EC8E88E69D85E6B98BEC8EA2EC8E8FEE8A80EBA5BCE59896E39DA5E3B89BEC8EA5EC8AB3E384AEE2AF83EB8D99E0B48AE0AC84E28B83E98782EAA18CE28092EE8A80EB83A2E882B0E190A9EC8AB2D187E18CBCEC96BDE78484E28782E98382EA9188EC8E90E0AB83E8A584E0A59AEC8AA1EC8AA8E1A18BE29898E28B83E8BB82E980A9E0A98FE581A4EC9693E69592E2B3A2E8829CEC8AA2E2A589EC8EA4E58C9CEE8A80EA8890ECAE9CEC8AB4EC8E88E6B98AE79196EC8AA2EC8AB3E3B382E9B491EC8E98E4B7A2E882B0EC8E8BEC8EA6EC9692EE8A80EA9B83EA9F83E98F83E9A783E99183EC8EA1EC8E95E5819FEC8EB7EC8E80EC96BEEC8E82EC8AAAEC8EA7EC8EAEEC8EBFE7A383EABB82EB84B2EC8EB5EC8ABAEC8AAAEC8ABEE7AF83EA8DB3EE8A80EB83A2E882A1E3B382EBB5A3EC8EB3EC8ABDE68D93E5B783E88DAEEC8AB3E78F83E881A0EC8AB7EC8AB7EC8E9BEC8ABAE5A8BBE0B783EB9783EAB7A2E88293EE8A80E98D8EE5AF82EAAF82EAB782EA9F83E99783EAB9A8EC8EABEC8AB1E39DB5E3A59BEC8ABBEC8E87E3A9BAEE8A80EA87A2E882BAE2B783E88DADE5B4A3E1B59DEC9A92EC8E8DEC8AA6EC8EA1E69B83EB8DA8EE8A80EBAB83E8B783E995AEE78CB4ECAE9CE7AF85EA8783E8B383E899B3E4B783EA9BA2E882A0E2998BE58FA2E8829CEC8AADEC8AB9EC8AB9EC8AA7EC8AB9E6B782EB8383E99783E9B383E9BDAAEC96A1EC8AB0EC8EB6E79CB5E1A383EB95A0EE8A80E9A196E5AF82EAA083EC8E8BE0A88BE79F83EAAC8AE79F83EAA48BEC8AABEC96A0E0A9B6EC8EAAEC8E80E4A8BDE59085EC8EA4EE8A80EA8896EC8EABE79BA2E88293C995EC8AA5EC8ABAE2A8A8EC8AAFEC8AACEC8AA8E6A197E7BB83E9A49EE0B782EA9383E99F83EAA181EC8A8DE4B993EC8E8EE78B83EABF85EBB4802049E49181E59198E584B8E680B0E0A088EC8EB2EC8E84E28C8FE4A8B2EE8A80E99383E8A8A4E69599EC96BDE49593EC8E89EC8E84E698BAEC8EB5EE8A82EAB0A8EC8AA6E1A4A6E28783EB8383E9A49CEC8E97EC8E9BE39B83E889A5E494BEEE8A80EBA98BD191E6B993E698B2E3B3A2E882BAEC8E96EC8EA0EC8AA8EE8A80E9B483EC8A81E2A484E29BA2E8829CECAE9CE4A383EA849CE49785EA80B9E3BF83E8A783EB94BDE2A18AEC8AA1E2A3A2E882A6E69382EA88A4E1A782EA9783EAA782EBA383E88382EA9599E3AB83E8A783E98989EC96BDE4A5B1E6B385EA85A1E688BCEE8A80EBAB83EA8B83EAA7A2E8829DEC8E84E6B7A2E882B0E59186E68382EB8B82EBA499EC8E84E38D99EE8A80E9A383E9AFA2E88299EE8A80E9B98DE4A783E8A186EC8EA5EC8E8DECAE9CEC9693EC8AB2E79F83EB9F83EB9783E9A09CE19590EC8E99EC8E83E5B1A6EC8EBBEC8AA1EC8E89EE8A80EBAB82EB9F83E99383EAAF83EAAB82EBACBFEC8EBFE38F83EAA99EEC8E9BE1A385E98F83EB9CB8EC8AA6EC8E9CE59B83EA9F8BE899B5EC8AB0EC8AB7EC8E83EC8E96EC8E9DE6AB82EB8782EB95B4EC96A1E1AC8DEC8ABDE1B782EB9B85EBBB83E8998EE49D93E69DAFEC8ABDEC8AA9EC8AAFEC8E81EC8EA8EC8AA8E6BC9FEC8EA9EC8AB0E0B0B4E795B4EC8E97EC8E94E0BCB4EC8AB4EC8EB4EC8E97E39CBBEC8EAAE5AC9DEC8A8DE1B782EB9B85EA85A6EC8EB3EC8EA9E499B3E6B7A2E882B9EC8EA1E6B382EAB782EBB782EA9782EB9782EBAF82EBBB82EB8782EAAF82EB9B83E98783E9B9ACE78B82EB919ADF83E9ADACE79F83E9BDBEE79F85EBB886E2ABA2E8829AEC8E8AE0AB83EB93A2E882A2EC8EB9EC8EB9E3AF83EB8DB5E3AC8BEC8EB2E79F83EAADB5E3ACA1EC8AA0E1B082EC8E8AEC8EB5E48185E3B998EE8A84EA888FE59B83EAAB83E8818AE3B590EE8A84EA888FE59B83EAAB82E8858AE3B782EBA08BEC8E94E59783EAA98AEC8AAAE79894E199A9EC8AA0E3B08DEC8AA8E3B5B0EC8EA0EC8EAEEC8E89EC8AA1E687A2E882A6E68383E8B88BEC8AA9DF83EA8F83EB9CBFEC96A1E7B783EAA382EB848BEC8A8FE7B383EBB383EB84A7E2B8BCEC8EB4E680A2EE8A84EA8BA2E882A2EC8E84E6918CE3A89FEC8EA3EC8AB7E290BEE197A2E882A2EC8AB2E584A9EC8AABE4A199E49783E9A892EC8E85EC8AACE291ADEC96A0E7B186EC9A92E284BCEC96BDE0A8A4EC96BEEC8AA3E5ACA6E787A2E882A6E480A4E0B3A2E88298E0A18CE68783E8A5B8E2B996EC8E93E69385E988A2E68894E18782EA8F83E8A0B8E49783E89999E3AB83E88591E0A782E88589E7858CEE8A80E9A5A5EE8A80E9B0B4EE8A80EA89A0EC8AA8D18BEC8AA5D5B6EE8A80E9B382EA9783E988ACEE8A80E9B383EA87A2E8829EE2B7A2E882A0EC8E9FEC8EA4EE8A80E9B8ACE29DA4E5A4B6E2A7A2E882B9EE8A80EBAB82EAA783EBA083E6AF83E8AC81E58FA2E882A1EC8E95EC8E90EC8E9CE7A59BEC8EA1EC8EADE1BF82E8BD9EE581AFEC8AAAEC8E9BE0BD8EEC8E9EE58B83E995ABEC8EAAE7BDBCEC8EAED5A5EE8A80EB8184E299BCE78F82EBB4B3E28FA2E88293E58782EA9DB1EC8E90E69783EAA383EABDABEC8AB4EC8E98EE8A80EBA98DEC8E9DEC8A8DEC8EADE5B48DEC8E8DEE8A80E98F82EBA986E78D8DEC8ABDEC8EB1EC8E94EC8AB9EC96BDE18DA7E6A88EE1B5A9E3BDB5EC8E96E79382EBAB83E899B0EC8EB2E791BBEC8EB5EC8EA9EC8E8EEC8AB3E79783E898B3EC8EB5EC8E96EC8ABAEE8A80E98F82EABB83E9AB83EA9B85EBB4B3E79783E89B82EBA8A6E4ADBDEE8A80EBA782EAA782EA9B83E9A783E9A9A4EC8EAEE3A1A7E1BB82EB918CE39383E99B83E9A782EB90BBE4ABA2E882B9E794BBE0ADB4E19783EBA783EBA7A2E882A2D783EBAB82E9B585EC8EBAE5B7A2E882A6EC8ABAEC8A9DEE8A80EA9B82EBAB82E9B485EC8ABAEC96A0E6899DE7A491E59382EA9B83E8BCABEE8A80E9A8B4D7A2E882A6EC8E9AEE8A80E9A5BCE6B782EB848EE2B383E98FA2E8829AEC8EA5E5AB82EAA094EE8A80E9AB83E8A8A0EC8AA0EC8AB4E5819FEC8AA9EC8E97E59F83EAA782EA8783EB8B83EB8BA2E88299EC8E9DE581A1EE8A80EB8086EE8A80E9A8B4E28382EA8383E98783EAACB4EE8A80EA989AE4B782E88586E58F82EAAB83E9ADBBEC8E8FE3B782EBB782EA989EE38584E3B491E3BF83EBBF83EA9383EA9B86E9889FEC8ABBEC8EBFEC8E81E49C9FE7A1B0E2AF82EB9499EE8A80E9B193E584A9EC8E8DE38D91EE8A80E9A3A2E882B9EC8EB3E6B182EC9A92EC8AA2E3B385EBB7A2E882B9E290A9EC8EA3EC8AB8ECAE86E684B9EC8E92D482EC8A8FE189B8E791BBEC8AB5E48984E6A4B2EC8E87E78BA2E88299EC8AA6E5888CEE8A84EA8B83EA8B82EAA382EB9383E8B1ACE4A9B4EC96A1E68D92E1B3A2E88294EC8AA2EC8E99E19383E89DA6E5A4A6E295B0E1A7A2E88293E4BB83EB899CE49B82E98382EB99A8E3BB83E8B5B0E6A589EC8E9CEE8A80E9A7A2E8829EEC8E8DE69383EB9082E1BB83EA9B82EA9D87E198ACE6B782EB9B83EBB782EB9C9FEC8E91E6A48AE7BF83EB8782E8B785EBA382EAA89FEC8EA4E79BA2E88299EC8E9EEC8E8CE3A783E8A783EB9597E2B9BDEC8EABE18D9FE3A49FEC96A0E0AC9EE2A8B4E1B9B0E5AF83E89B83E9B186EE8A80E99382EAAF82EB9782EBBF82EABF83E9A783E98B83E98DA4EC8EACE6A9ACE384B7E39099EC8E8FEC8E95EE8A84EA89AAE1AB82E8B783EA9F85EA8785E989A7EC96A1E3AD8EE39785EA858EE39783E9A383EAA99AEC8ABAE6ABA2E882BAEC8AADE3958DEC8A9DE69C9BEC8E8CEC8EA7E1A8BBEC8E8EE3938BE9B09AE0B782EA9986EC8AA3EC8AA1EC8E9EE5A1BBEC8AA2EC8AA5EC8EAEEC8AA4EC8E85E69B85E98C9DEC8EADE5ACAFEC8E9DE79494EC8E94EC8EADE2AB83E98596E19BA2E8829AEC8EA5D783EBAB83E8A882EC8AA8EC8AAAE0A382EAA8AAD382EAA88AEE8A82EAB385EA8082EC8AA0EC8AACE180ACEC8E95EC9A92E49485EC8ABAE188BDE5A3A2E8829DE0BC94E48383E9A882E180ACD5B4E697A2E88AACEC8AAED084EC96A0EC96A0E0ADB6E19BA2E8829AEE8A80EA88A5EC8EA0EC8AAECB82EA8382EA8880EC8AAAEC8E92EC8A81E69783EBA590E7A599EC8E81EC8AAEE5B7A2E882A6EC8AB7EE8A80EA8B83EAA4ABEC8E8BE4ADB6E6A88BEE8A80EBA4B5E7AB82EAB586EC8ABFE48F82EA8F83E9AF82EA84A9EC8E94EC8E9DE7BB83E99CBEE78DB3EC8E8BE6A383EABD80E69383E99783EBBD88EC8EB6EC8AA1EC8EB3EC8EA9EC8AADE6B1B6E4AFA2E8829DE29599EE8A80EB81A9E68194E490B0E0A4A5E29498E698B1EE8A80E9B783E894B1E0BB83E88CB8EE8A80E9B490E0A582E28488EE8A80EA98A6E68C8CE19782EA9F8BE89898E4B4A4E6A4AAE49493E6A785EBBB83E9A5A2EC8AA9E2B18FE6B48AE6919AE68782EB8C9CEE8A80E9B382EA8B82EAA484E48F82EA9CB9E7ABA2E8829CEC8AA3EC8E92E28BA2E882A2EC8EA2EC8AA8EE8A80E9B8ACEC8A9DEC8AA7EC8E98E0B383E89782EA9498E2B8A5E78383EAA7A2E8829EEC8EB2C383EAB0A7EC8AA7E5B383EB8CBDE1B785EBB786E98B82EBAF82EAA9ADEC8EB5EC8ABDEE8A80E9919FEC8E8DE1B782EA9F82EA9783E9BB83E8A8BDEC8AA4EC8AAAEC8AAAEC8EAAE0B783EB9783EB899FE2BDBEEC8EB7EC8AA9E19F85EBB894E1BB83E8BC86EE8A80E9B383E8909CEC8EAAE79782EABD8FEC8EB6EC8AB8EC8EBBEC8E9AEC8ABAE1B383EAB7A2E88293EC8AAEEE8A80E98F85EBB783E8BB83E89B83EA9B82EABB83E89896E78DADE48DA7E4B7A2E8829CEC8EB5E5B3A2E882B9EC8EA5E6B382EAAF83EBA59CE6ADA7E5B5ABE59DBDEC8AABEC8AB5EC8AA6EC8E89E7B382EBAB83E985B4EC8AB6EC8E85EC8E92E6A1AAE3AB83E9AF83E9B998E6AF83E9BB82EB9F82EBBF83EA9B83EAA191EC8EB3EC8E94E1A382EB84B2EC8E8DEC8E9FE7B783E9B382EA9383E8A783E9AF82EAA485E2ADB4E68185E3B998EC8AA9DCAAEC96A0EC8EB2EC8AABEC96A0EC8AA0EC8AB2CB82EAA382EAA990E5AD91EC8AA4EC8AADEC8E92EC8EADE2A383E99581E294BAEC8AA8E0A082E0ACA0EC8AB0E1A383E993A2E88293E6A382EB9783E8959AE6B4B1C3A2E8829DE48180E2A484E19B83EAAF83E880B2E3B590EC8AA1DCAAEC8AA0EC8ABCEC8AB2CB82EAA0AAE1BF82EAB383E99382E88495EE8A80EA9B83EBA782EBAF85EA83A2E882B9EC8AAAE0AB83EB8F82EAAF83EB9190E695A1EC8E81EC96BEEC8AA2EC8E82EC8E9BEC8E8AEC8E8AEC8EB6E19897EC8EAFEC8E8ECFA2E882B9E39080EC8AA8EC8E89DCB4EC8EB9EC96A1EC8E9BE0BF83E9B783E9B783E9ADA5E29F83EBB383EAA083EC8E91EC8E8DDC92EC8EA7E394A8E2B382EA8382EAA098EE8A80E9A899E1B097E78594E28190C783E89D85E193A2E88294E0A582E285B1EE8A80EA98A6E68CACE1A5A7ECAE86E3A18BE29CA9E3B383E88783E98499EE8A80EA818EEC8E93E493A2E88299EC8AA7E38C82EE8A84EA8BA2E88293EC8EA8E2B18BE299B8E6BBA2E8829CEC8AA4E58CB8EE8A84EA89A0EC8AB8E19383E8BF83E89C85E3BB83E8A9B1E38785EA87A2E882B9E78D82EE8A80EA8383EA9F83E98FA2E88299EC8A90EC8EB6EC8AADE49382EBB3A2E882B9EC8AA1EC8AB9EC8E91EC8EB9EC8E86E18F82E8B489E38B83EB8F83EAA783EBACBFEC8EBDEE8A80E99385EBA383EBBD91EC8EBDEC8E9FDF83EB89ADE6BCADE58383E99783E99F82EABB82EBBF83EBA383EAA5AFE3BBA2E8829CE7A5AAE18F83E8A5B2EC8E8BE79383E98383EAB49BEC8EABE1B1B2E1AB83EAB783E9B783E8B586E78DBDEE8A80EBAB82EAA782EABB83E9959CEC8E93E698BAEE8A80E9909BEC8E9BEC8E8CE39783EAB783E9999AEC9A92EC8AB5EC8AAEEC8E83E7B382EB9B83E8B5B0EC8AA6EC8AADEC8EA5E59187EC8E9BE1A783E98FA2E882B0EE8A80E9B382EA98A3EC8E87E6B49DE1B7A2E882B9EC8EA1EC8E80E68F83EBBB83EA8183E79783EAB593E1AB83EAB49DE1A9A0EC8AB7E0BB82EAAB83E8A9B1E5B480EC8EADE2B383E99197E19B83EAA98BE79580E78782EBBB82EB9B82EB9088EC8AA8EC8E94CC95EC8AA0EC8AB6D082EE8A80EBA4A1EC8AB0E18383E98096C980E0A480E6B383E98C8DE485A5E28198EC8AAAEC8E95E19883E7A782EA94BAE6B5B9EC96BDE784BDE5A3A2E88293EC8AAFEC8AABEC8E90E48F83EA95BAEC8AA8E3B19FE59F82EA97A2E882A1EC8AAAE0AB83EB9382EBAF83E88382EBB18AE0A382EAB0ACE2A383E9A195E5A382EBA382EB8F82EBA383EBA382EB98A2EC8EBDEC8AAEEC8AB2EE8A80E9A4BBE393A2E88AACE4BB82EA8C83E393A2E882A6E3AB82EA8382EBA383EA8383EBA383EB85AAE0B486E78D88EE8A80E9B987E18081EE8A80EA9885E0B091E78594E48991E1BB83E895A5E1B3A2E88294E4A4B2EC8E8AE581B1EE8A80EA838BE899B1E59383EB8B82EA8FA2E8829EEC8E87EC8E90E4A785EA818CE589B8EE8A80E9A8A1EE8A80E9A4BCEE8A80E9A383EA8B82EAA0A4E48CA7E784B2EE8A80EA8382EB85B1E59989E785B2EC8EACEC8EBEDC9EEC9692EC8E85EC8E93EE8A80EB8383E89383EBA5B0ECAE9CE0B7A2E882A6E2A09CE19783E88881EC8E9CEC8AB7E1909CE1BF8BE9B1A8EC8AA8EC8AAEEC8EBBEC8EBCE68F85EBA383EBA783E9B383E88F85EBA1BEE2A382EBAB83EB9783E987A2E882A0CB83EB9783E99BA2E882A1EC8E83E4B595EC8ABDEC8AA1EC8AAAEC8E97EC8E94E5BDBCEC8EBBE19D8FEC8AA7EC96B8EC8EBEECAE9CEC8EB0E7A383E8889BE5BF83EAAB85EBA3A2E892A2EC8EAEE784B9EC8A8DE5B782EB9B82EA99B6EC8EA3EC8AB9EE8A80EA8385EBB4B3E0B783EAB782EA9C9AE3AD8EEC8E95E79F85E98DAAE39385EBA1ADE38F82E9B5A9E39F85EBA383EAA8B0EC8A9DEC8EADE39383E99783E9A9ABEC8EAFE38C9FEC8ABBEC8AB7EC8AA3EC8AA3E7A5BEE698AAEC9A92E18783E8BDBAE3989EEC8EADE1B385E98B83EAB0BAEC8E98EC8AAAEC8E91E59182EC8EBAEC8E9DE7AB82EAA382EB8B82EBA1B0EE8A80E9909EEC8AAAEC8E94EC8A81EE8A80EA88BAEC8AB0E4B087E19383EA9983EC8E85D580E4A782EBBB82EB9994DFA2E88293E48590E1A782EAA0ADEC8A81EE8A82EAB192E58382EBAD8DE79385EBB5B128EC8A81EC8AA0E18888E2AB83E98F83EAA4AAEC8EB5E58382EA949EEC8AAAEC8E8CEE8A80EA8783E8A8A1E6B7A2E882B0E1B8ACEC9A92EE8A82EAB192E1B598EC8AA6EE8A80EA8783E8A8A1EC8AA0E1B383E993A2E88293EC9A92EC8E9AE788BDE59195EC8AA0EC8E9FE5A782EAA383E9AD99D3A2E882A2E19497EC8E9FDB83EAA382EAAF83EB8B83EB95BBE4ABA2E882B9EC8EAFE2A382EABF83E9B3A2E88294E59D9CEC8AA9C581E0B49EE69B82EB878BE89BA2E88AACEC8E82C89CE184B0E49383E88991E0A783E89885EE8A80E9BB82E98091E4B383E8AB83E9A488EE8A80EB80ABE39099EC8E8FD5AAEE8A80E98D8CEC8A90E7A3A2E8829DE291A2E29091E68F83EAA484E4B783E899A8E3A98AEC8AB2E3859AECAE86EC8EB1E4A8AAEE8A84EA88BDE2BF85EA8382EB89B7EC8E9DE39CB1E3BB83E98F83E9A1A8EC96A1EC96A1E5A783EB9C85E2A385EBA08FEC8E9BE5A08FE6BCACD7A2E882A0E1B782EABB83E98FA2E882A1E4BDBDE68B83EB8F83EB8783E89FA2E8829DE0AF82EBBB82EAA783EA9783EBBCB9E2A5AEE7ACAFEC8E98EC8E8DEC8EADE5B783E98F82EB9D94EC8EB5EC96A1EC8EBAEC8EAEE1BF83E9B9BBE2AB83EBB783E8B386E98B83E990A3EC8AA1E38783EBBF8BE9B1A9E7A383E89383EA9383EAA1A9E389B6EC8E96EC8AB4E1A18FE39B82EB9B83E9BD97EC8E97E78782EBB383E8B9B0EC8AA6EC8AADEC8EB9E69187EC8E83E2A5B3EC8EB3EC8AB9EC96BEE78F83E89DBAE4B89DE78498E5AFA2E88293EC8EA7E69F82EB9CA8EC8EA1EC8AABE1AF83EB8097EE8A80E98D83EC96B8EC8EABEC96B8E4A385EBB9A9EE8A80EBAB83E997A2E88AACE7ADB7EC8EA4E59783EAA782EB9383EA95BAEC8AB0E4908FEE8A80E98D81E58085D195EC8EA8E79782EA94BAEC8AB0E48087E19581EC8E9AE2889DE58385E98CA3E79FA2E882BAE3A382EB8098CBA2E882B9E48782EA8088EC8EB8E0A1A0C480E19081E58085C3A2E8829DC5B9EC8AA5E7AB82EA8182EC8AA7E2B4AFEE8A82EAB382EAAB83EB9180E49782E88782EAB98CDC94E19F83EAA383E8A9B4E481A9E4BB83EAB383EBA782EBA88AE1B598EE8A80E98F82EABF82EAACA8EC8E92EC8EAFE2A8ABEC8E98E58D94E7A3A2E882BAEC8ABEE68382EB9D9EEC8AB7EC8ABBE3A383EBBF83EB99BCEC8EBDE1B88DE1AB82EA85B1E59383E88191E0A7A2E882B0E0A1A8E5A383E88090E184A1E49385E98990E1818CEC8E82ECAE86E2A3A2E882A0E49889E3B385EBB782EA8591E0B3A2E882A2E4A4A2E49BA2E88298E4A482EC8A8FE18DB8EC9693E28BA2E8829CE0B382E9B782EA90A8EE8A80EA9B82EA9383EBA1B8E2B383E8B5B3EC96A0E69DB1E6B5B8E79382EBAB82EB9B83E895BCEC8EA4E69383E9B783E98783EAAB83EBAB83EB8783EB84A5EC96B8EC8A8FEC8E98EC8EB0E18783E8AF83EAAFA2E88298EE8A80EA8BA2E882A2EC8E90EC8E92EE8A80E9A9AFEC8AB8E6BF82EBB382EBA783E99980E6BD90E19FA2E8829EE0AF83EB8F83EBB783EB8F83EAA887E3A783EBBF82EBA382EBB9BDE3BB83E9BFA2E882A1EC9692E6BC8FEC8E97E59383EB9785EA8783EBAB83E8AF83EABF82EBB89CEC8EB3EC8AA7EE8A80E98DBAE59CA7E4B493EC8E96EC8AB3EC8A9DEC8E96E5A993EC8EABE7B783E8B5B5EC8EB7EC9693E6B782EAADAEE3A9B3EC8AACEC8EA1E5B1B5EC8E9BEC8E99EC8EAAEC8AAEEC8AA6EC8ABAEC8EB1EC8E91E7BB83E8BB83EA8DB9EC8E98EC8A8FE7BCA1E289BEE68CAAEC8EBCE2BF82EABB83E99782EA9F83E89B83E998BEEC8E95EC8EA5EC8EA4EC8EAEE3A383E99B82EA9782E88783EB9896EC8EA8E79C95E48495EE8A80EA99A0EC8AA9E0B8A8E2B383E983A2E882A2EC8EA4E48F83E894BAEC8AA0EC8EB0E28DACE6ACB9EC8AAFE1A383E993A2E88293E48180E3A480EE8A80E9B7A2E88AACE681A9E5B99EE4859EE5B881E0A095EE8A80E9A990E28480E19BA2E88AACE680B1D3A2E8829DC9B9EC8AA5E18190EC8AA1EC9A92E79881E483A2E892A2E0B8ACEC8E93E484A5EC8E9BC385EA81B5E481A9E3B994EC8EBEEC8E91E5BC8AEC8AA0EC8AAAE7B382EAA382EBB0B0EC8ABFE0AB83E983A2E88293E48F83EA818EE1B782EB908BEC8E90EE8A80E98F83EAAC8AE79DABE383A2E8829DE294B0E18585E7A48CEE8A80E9B0B0E49184E68481EC8E86D494EE8A80E99089E3B385EA81A3E0AB82E88783E899B0E2918AE6808AEC8A81E49D91E49182E187A2E882B0E291A2E19095E28F83E8A782EAA0A2E69593EC8E89EC8EBBE4A785E98B82E9B7A2E892A2E5B5ACEC8EADEC8EA8E3B1BEEC8AAAEC8AB6EC8EBAE791A3EC8EB5EC8EA9EC8EA6EC8ABADB82EB8F83E88783E98382EBACB4E1BD98E5B383EB9382EABF82EAB187EE8A80E98F83E99B83E8888BE0AF83E9BBA2E882A6EC8EB9EC8AB5EC8AB1EE8A80E9A3A2E892A2E3BBA2E882BAE78F83E8A782EBB783EBB382EA9783E89F83EBBDB5EC8AA6E79F83EB988FEC8EBFEC8EB9E49F83EB9783E89B82EB9B85E98F83EBBF83E99D91ECAE86E39DAFEC8AA9E39DAFEC8E9DEC8ABAEC8AA5EC8E9EEC8E9AE3B996EC8EA4EC8EA6E7AF83EAA885EC8EA5EC8EB1EC8ABEE69997EC8E9DEC8AA1E199A3EC8AADEC8AADEC8EA9EC8AA4EC8EB1EC8EB4EE8A80E9A382EA9993DF83E8BB83E99785EBA0B2EE8A80EA8783E99F83EA88A2EC8EBFE5A58AEC8EBAE388AEE7B786E98B82E98382EBBF83EA95A3EC96B8EC8E9FE18382EBBCBEEC8EA8EC8EBBEC8EB4EC8EA0EC8EB2E29CADE28F82EAA785EBB4BEE5B193E7A18CEC8AA3EC8E99E0A482E197A2E882A6EC8ABAEC8A9DE7AB82EB818CDC94EC8EABEC8E81EE8A80E9A5BCEC8AA8E390A7E5B89DE5808CEC8EA6E19482E7A783E9AF82EA9B82EAB083EC8E8BE791A0E1A488E19382E88580E18484E19BA2E8829AE48382E8848EE2AB83E98B83EAAD8AE48782EB8098EC8E94EE8A80E98DACEC8E97E49B82EA8182EC8AABE2A487EC8EB2E4AB82EB9F82EBA783E9B9B6EE8A80E9A785EA809CE28382EAA08CC385EA8383EB8B83EB95A5EC8EB9E581B9E4BB83EABDBAEC8AA0E28B83EA9F83EA98BAEC8AB0EC8AA2E4A382EBBDBBEC8ABBE39B83E88B82EAA188E580B1E19095E3858CEE8A80E9A991E0A585E2909CE58C88E4B0A6E380B9EE8A80E99382EBB899E2A98AE184B2EE8A80EA98A9E584A9E2AD8BEC8AA9EC8AB5E59783EBBF83EB8382EA8383E9AF83E98383E999A9E6B383EABCB2EE8A80EBA89DEC8EA7EC8EAAEC8A8DEC8EB5EC8EADEC8E9DEC8EA7E1A8BBE6AF83EAACADE3B596EC8E97EC8EACEC8E98EC8EAAEC8E92EC8AACE2BF82EB9DB7E795A5E29782EB9383EA9383EB84AFEC8E8CEC8AAEEC8AAEE2B9B8EC8EBBEC8EACEC8E83EC8E96E69B83E9AD97EC96B8E7B1BEEC8E95EC8AB9E18785EA87A2E882B9EC8AA8EC8E97E788A7E7AB83E9BB83EBA383EAA1B4EC8ABEEC8EBFEC8EBDEC8E8AE1B5A9EC8AA6E7BB82EA81BEEC8EBEEC8EBEE29DBFEC8EBEEC8AB9E7BDBFEC8EADEC8E9BEC8ABFE68B83E9B19EEC8A8FEC8E99E3B783E9A8B2E7A383EABB83EA81A9EC8E8DEC96BDEC8E82E7AD8FE1A0B7E1BF83EBB596E69383EB8DABEC96BEEC8E98EC8E97EC8E96E18F83E9BF83EB878BE898AFEC9692E1899FE785ACE3B383EAB78BE9B1BFEC8AACEC8AA9EE8A80EBAB82EBA383EB8F83EA9382EA81A6EC8E87EC8EADE5A9A8E39F82EA80ADDDB3EC8AB3E1BB83E9B385EBBB83EAB090E5808EE6AB83E8ACA0EC8AB0E1A080EC96A0E3BB83EB9383EA94A228EE8A80E9AB82EA8092EC8A9DEC8ABEE1A383E98383EA9B86E989B9EC8EB9E6819EEC8ABEE1B8ACEC8E89EE8A80EA8B83E8AB85E98FA2E882BAE7BCA8EC8EBCE38880EC8E98E399B728EC8E93E48595E28190C5A8EC8E8BE28782EB8192E0AFA2E88293EC9A92EC8ABAE4A980E59F82EA9B83E99FA2E882A2E489A0E78782E88782EABB82EAB080EC8AAAE2AB83E99383EAB783E98481E3ADB5E681A5EE8A80E9A1BEEC8AB7DBA2E882A1E19484EE8A80E98F83E88F82EB8090E48584E193A2E88298E18198EC8E86EC8E90E2A186EC8E85E1818CEC8E86E38089E495B9EE8A80EA83A2E88293E4A785E989A7E4A0A9EE8A80E9B1BCE58382EA93A2E8829CEC8EABE2AF83EA84BEEC8EBBE781BBEE8A80EBAB82EBA782EAA782EB8782EBB782EAB782EB9782EB8F82EA8F83E8B5A6E6B382EB8FA2E882BAEC8A8DE7B783E8B783EAB4BDEC8E87EC8AAAEE8A80EBAB83E8B4A6EC8EA7EC8AA4E6ADB9E68B83E9A0B3E39F82EB8F82EB8782EB9884EC8AAFE2BBA2E882A0E59FA2E88293EC8E82E2AFA2E882B9EC8A81E3958FEC8E80EC8AB7E191B4E7908DE1A9AAE4B59FE7B783EBA9ABEC8E91E48383E889A5E1BB82EBAF83EBAB83EA9B83E8B48FE6AF83EA8B83E8B783EBBD8BEC8EB3EE8A80EA8782EBA382EAA783EBBB83EA819FEC8ABFE3B9B8EC8AACEC8EBEEC8EBEE2A4AFEC8E96EC8E9CEC8E8DE1A087EC8E84EC96BEEC8AB1DF83EA9982EE8A80E9B382EA9F83E8B783EA97A2E882A6EC8ABBE39785EA8785EA8090EC8EBEE68383EBAB83E8A785EBA382EAB9A4EC8ABEE3949BE7BDB1ECAE86EC8EBCE6A9BFEC8EB0E5BF82EBACBCE4BD98E498B2E198A7EC8AABE2A782EBB18FEC8AA3EC8ABDE0B484E2A980EC8AA0CB83E993A2E88293EC8EA5EC9A92EE8A80EA8B83EBA783E9AB83E989BCE6B5A9EC8ABEEC8AB6E1B383E8A8ABCF82EB95A5E3A5BEEC8AB5E58382EB8596E5AC88EE8A80E9AB83E89480E5A382EA8085EC8EB2EC8AB5EC8E9AE489ADE5B881ECAE9CE59F82EAA083E0AB83E88782EBB383EBB382E8BF85E9889BCBA2E882B9E79782EBA992E18383E9B186E6B8AAE48180E3A782EA9382EAB482EC8EB3E2A981EC8AA0E0A884E2A880EC8AA8E4888BEE8A80E98DABE795A5E581BEEC8E85EE8A80EA8493EC8AA5E58887EC8EACEC8E96E485BBEC8AB4E683A2E882A2E19B82EAB383E98084EC8E83E48884E18783EBB5A1E3988CE0ACA8EC8AA2E281A1E2A482E49CA3EC8AA8EE8A80E9AB83EA888AEE8A80E9A989E19382EA9782E983A2E8829EE48383EA8582E38B82EB98B5E39F82EB8783E9B1ADE1A5AAEC8AACE39CB7E395B4EC96A1E0B385EBB49EEC8EABEC8AB0EC8E8DE391A0EC8EAAEC8EA8E38782EB9383E9ACBBE0B5BDE19B83EA8D80EE8A80E991A1E681B6E6B383E99783E994B7E3B783EA9B83EB8B82EAB0AFEC8E83E6AF83E8AF82EA84B5E4BDA8E7A783E8BB82EBBCB0EC8EA7E0AF83EBAF83EAA4B5E4BF82EA8382EB9783E8A783E99194EC8E9DEC8EB8EC8A8DEC8E8FE7BF83EA9F83EB8783E8B383EA9CBDEC9A92EC8EBEEC8EBBEE8A80EA988BE3A49BEC8AB9E7BB83EB8F83E898B6EC8E83EC8AB7EC8AB6E58F83EB9F83EBAC97EC8AAFEC8EBDEC8EADE2BF82EABF82EBBF83EBB783E8A9BBEC8EA6EC8EBDE69F83EBB382EAB48EE6BF82E8B5B1EC8EA5EC8ABEE29B83E9BFA2E892A2EC96BDEC8AB5E38F83EAB782EAB983EC8AA7EC8E9AE6BCBFE7B1BAEC8E97E68782E8B782EA9994E58DB2EC8EB0EC8E82EE8A80E9B0AFE18782E8BF82EBB4B4E295BDE78C98EC8EB9EC8AB7EC8EBEEC8A8DE2BC98EC8AA7E1BF82EB9782EBA992E3949DEC8AABEC96A1EC8ABCEC8ABD78E5AC81EC8AB4E38C9FEC8E9CD481E19782EA8382EB988CEE8A80E9AB83E8A880EC8AA0D383E8A0ABEE8A80EA83A2E88AACE788A8EC8AAFE2B097EC8AA5E48782EB809CC383E8AB82EB9383E9A9A2E180ACEC8E96CB83EBA4BBEC8EB2E791B9E5A8BDEC8AA0E2B783E8B3A2E882A2EC8E8DEC9693EC8EB6E48782EA8188E0BFA2E88293E19783EAA8ABE78DB2EE8A80EA83A2E88AACE58890E2B085EE8A82EAB3A2E88299E1B580EC8AB1E198ACDF82E8848AE0A382EAA3A2E88AACEC8AA0E0A890E2B383E8B786E98B83E8A9B7EC8EA8E2AF83EB8B82EA81B2EC8ABDEC8ABEE2A99FE59F82EA9483E2ADB5E583A2E882A2E0BB83E9A885EC8A81E3AF83EB8DB5E3ACB5E4878BE9B08BEC8E82E5B098E19783E88B82EB83A2E88AACEC8E80E2889CEE8A80E9A1A0E2B09AEC96A0EC8EB0E0A0A6E6878BE9B383E88383EB8D89E4A58CE188B8EC8EAFE7998DEC8E9BE2B083EE8A80EA8382EB98BEEC8AABEC8E85EC8E95E6A49EEC8EACE79D8CEC8EB4EC8E9BEC8E87E2B383E89B83EBBB85EBB783E998AEEE8A80EBA782EB8782EBBF82EBB783E98783E9A9A3E1B89AE1B78BE9B383EAB782EB8F82E8B48CEC8EB5E4BD8DEC9692E2B8AEEC8E8CE6B782EAB0AFD8B7EC8EA6EC8EBCEC8EB3EC8EA3EC8AABEC8EABEC8E8BE78383E89187EC8AADEC8E8EE6B782EB9383E99382EB989EEC8ABBEC8EABEC8E88EC8EA7E1BB83EBAF83E888A6EC8EBFD383EA9F83E9BF83E9AB8BE9B184E3BDB8EC8EABEE8A80EA81BAE4AF82EBB5B9EC8EB3EC8ABAE7A98BEC8ABDEE8A80E9A383EA8F83EBABA2E882A0EC8AAAEC8E9EE58B83E9BF82EBBF82EA859EE7B98FE7B783EB9B82EA84AFE0B09FEC8EABE1A0BFEC8E92EC8E9AE7BD97EC8AB5E6B783EABD91EC8EB3EC8EAEEC9A92E79783E89782EBAC8FE48F83E89783E89F83EB9382EBAF83EAB8A9EC8ABEE2AC9FEC8E9CEC8AA5EC8E89EC8E9BE3A782EB97A2E88298E4B0BCEC8EBDEC8EB3E38783EABB83EAAF83E8BB83EB8197EC8EADE2AF83EBBF83E98B83EABB82EBBB83E980BBEC96A1EC8E96EC8E9DEC8E96EC8AA2EC8A81EC8EAEEC8E8AEC8E93EC8EAEEC8E94E48FA2E882A2D783E98383E8BB83EBBF83E88CB5E58082C783EA94BAEC8AB0C884E78F85EA80AEEC8E95E6A88BC782EA8188E0AF83EA9383EA9DA9EC8EB5E7A59AEC8ABDE19B83E8A087EC8AB4EC8EB9E3AB82EAA084D385EA80BEEC8EB4EE8A84EA8B82EA888FE4B782EA8F83EA9382EA8F83EBAF82EB9CBDDCACEC8E93E48FA2E882A2EC8AB9E7A08EEE8A80E9AB83E895B9E483A2E892A2E19B82EAB080EC8A81EC8AAACB83EBB4AEEC8A9DEC8AB6E4888FE595A9EC8EB3E2A980EC8E9DE2B890EC8E98EC8AA5EC9A92EC8AAAE39181ECAE9CE0AD84EC8E98E483A2E8829EE0B585EC8AB8E4A3A2E8829EE48D91E184A1E693A2E8829AE599B2EC8ABFE6B085E7B1B8E6BF82E8BF83E8AF83E99383E9B9ABE3948DEC8E98E3AB82E9B596EC8E93EC8AA0EC8E8DE3A9ACEC8EADE7919AE3AC87EC8ABBEC8AADEC9A92E69B86E98B83E9B5A0EC8AB0EC8AB5EC8AB4E79099EC8E9AE7AF83E9B783E88F83EB8F85EBB4AEE59F82EABDB5E7A1A4E6A1BAE7AB83E88B82EB8F83EAB383EB84AEEC8E8FEC8AADEC8E8FEC8A8FE2BD8FEC8ABBEE8A80E99383E99996E6808CEC8EA6EE8A80E98F82EA9997E7AC8CEC8AB6EC8ABDE19782EB9DBFEC8EABEC8AB9EC8EAFE6B3A2E882B0EC8A8FE38F82EA8487E48F83E8AF83EB8782EA9C9EEC8EBEE59F83EB9783E9AB83EBBDB1EC8A8FEE8A80EBAB83E99F83E99783EBBF83EBAB83EAB7A2E882BAE3BF83EBBB82EABF83E99DBFEC8EB1EE8A80E9B1BFEC8EB6EC9693EC8EADE6BF83E9A9B9EC8AACE6B783EA9F83E98783EA9B83E9B587E1ADAEEC8ABFEC8EAFE4B383E89783EA8783EAAB82EB89BBEC8A8FE59C9CEC8ABAE29DBFEC8EAFE6B783EBA487E799A8E6BB83E99FA2E88AACDF83EAB8BCEC8E9EEC8AABE3B383EB9B83E988ACEC8EB7EC8E8DEC8ABEEC8A8DE2BF83EB94ACEC8EBEEE8A80EBA5BDEC8EA2E18782EAAD93EC8E92EC8EA4E1B783E983A2E88AACE79F83EAA382EA8382EAA9BCEC8AA8E5B382EA9CADDF82EB95A5E48383E9BB83EB9992E18084E4AF82EB9783E9A992E0A0A8EC8E97E6ABA2E882B9E78FA2E88298E48FA2E882BAE59C80E6A383EB8F82EB95B9EC8EBAEC8ABCE1B782EBA89DE7A4BAE2B782E9808F45E7A4BBEC8EB2E3BCAAEE8A80EBA880E58082C383E9AC97EC8AB9E6BCA8EC8E87EC8AB5E0B8AAEC8E92EC9A92E29485EC8ABAE0A890E2A383E98981E294A0E5A08A65E5AB82EB808AD1B6EC8EA5E48F82EBAF83EB8F83E884AAEC8A9DEC8AAEE5888BE59880EC8E90E4B890EC8AA8EE8A80E9AB82EA808AE4B4B0EC8E8CEE8A80EA8090E3B888E78F83E884B0E0AF83E88CBCEC96A0EC8EB2E290A3EC8AB2EC9692E390BBEC8AB5E690B5EC8EB7EC8AB5E395B5E1A59AEC8EADEC8EB6EC8AAEE185BBEE8A80E99382EBAF83E99CB6EC8E96E6B49EEC8AB4ECAE9CE1B1B6EC8E9BE58197E69F82EBBF83E89783EA91A8E6B4B1E79F8BE9B382EBA98DEC8E96E485BBEC8A8FEC8ABBEC8ABBE6AF82EBA383E89CBAEC8E9CEC8E9BE3B783EAB1B6EC8E8DEC8E8EE4B4AFEC8AAFE2B783EBAF82EA98A7E3B0B3E68FA2E882B9E4AF83EB8C81EC8ABFEC96B8EE8A80E9BB83E88F85E98B83E98CB1E7B383EA9B82EBB993EC8ABBE2AF83EB9B83EBB383EA9F83EB9DBEEC8EB9EC8EACE29D9EE48383E99B83EABD9FE781B3EC8EABEC8E93E59385EBB783EAADADE18F82EBA782EAA783EBBB83EAB8AFEC8EAFE7B783EB9783EBADBFEC8EBAEC8EA2E39DBEE1BF83EB85A6EC8E8AE391BBEC8E9AEC8EB6EC8E95EC8AB6EC8E9EE7A782EA9B83EA9B83EB9B83EA8F83EB9F83EAB4BEE78B82EA9383EBB383E883A2E88298EC8E92E7AC8EEE8A80E98F83E9B9B5E49F83E88783E9B9BCEC8E8DE5B890E3B19EE7B783E9BF83EB8199EC8E83EC8EAACB83EBAB83E9A585EC8EB6EE8A80EA9B83EABB82EB9783EA9F83E8B093E4BC8EEC8AB8E1BF83E9A9BBE69184EC8AB3EC8EA3E2B8A0E7BF82EABC9EEC8AA8EC8E88D4B2E5819BEC8AA6CF82EB9C8DE3A8AFEC8AAFE4A382EA9F82EAAC84EC8A81E0AB82EAB782EB98944AE78B83E88583EC8AABEC8E91EC8EA5E6A4A0E380AFE1BFA2E8829EE0AB83EB8F83EB888AE789BAEC8E8FE4B482E180ACEE8A80EA85B2EC8EA1E1A8A8EC8E91E6ABA2E882B9EC8AA1EC8EADE68197D382E887A2E882A6E7AB82EB8382EA9088E2AB86E98B82EB9185EC8A90EC8AB6E0A082EE8A80EBA581EC8AB0E5B3A2E882BAE59C86E6A0ABEC8EB3EE8A82EAB18AE4819BE0B9AAEC8E8BEC8AA0EC8EBCE0A99DE484A5E0A3A2E88293EC8EABEC8E80E4A888EC8AAAEC8E90E49090E2848CEC8EB3EC8AA1E0A097EC96A0E78383E88488EC8A8DE18B83EA8B83EAA9AAEC8E98E394B4E6B4B5EC8EB7E0B4BAE29B83EBA9BAEC8E86E1B383E9B5AEE49F82EB9F82EBAF83E9ACB2E69383EAADB4EC8E9AE3AFA2E882A1EC8AADEE8A80EA80BEEC8AABEC8AB9EC8E8FE6B383EAAB83EAA782EB9383EB938BE9B0BBEC8ABBEC8E8DEC8A9DEC8E9DEC8E8EE28783EB9F83E883A2E88AACEC8E9BE68383EAA383EAB5A8E79783EB9198E5B7A2E8829CE28F83EB8F83E8AF83EB8F82EAAF83E98C93EC96BEE6BB83EAAF83EA8383EA938BE9B0A7E1A0A4E787A2E8829EE5BD9DEC8EB2EC96B8EC8AAAE6A4A8EC8E9FE7959BEC8EA1EC96BDEC8EBCEC8EA7E3BB83EB8783EA9783EABDBDEC8EA3EC8EA5E49F83E9899FEC8EB6EC8AAEE6B382EAB8ACE29385EBA383EBB783E8B3A2E882B9EC8EAAEC8EB5E0BF83E8B783EBAB82EA9B83EBAB82EB9497EC8EBEEC8EBBEE8A84EA8B82EABF83EBBF83EB84ABE2BF83EBB382EB9783EABB82EBBB83E9B992E781BFEC8E8BE3B4B5EC8A8DEC8EBBE4BB82E9B783E9B5B3EC8ABCEC8ABAEC8EAAEC8EB0EC8EA1EC8E8AE7B487EC8E8AEC8EB7EC8EADE2BF83E9BB82EBBF82EB8F83EB8180E78783EBBBA2E882B0EC8E83E49FA2E882A0E3ACACEC8AB8EC8E9DEC8A9DE3B990EC8EAFE1BD83EC8ABEE69199EC8EBEEC8AB4E6A783EAA993E68F82EB8C8FE6A48AE4B9A8E39382EB9F83EAAF82EA80BDD783EBA99DD783E9A98AEC8A9DEC8AB6CB83E993A2E88293EC8EA5E4B0B9E0BF83E8B0ADD783E8AFA2E88AACEC8ABCEC8EA2E3B382EB8084D18BC5ADE3BB82EB8183E0BF83EAB383E98383EA9F83EAB783E8A383E8BF83E9AFA2E88298EC96B8EC8AB3E0A090E2A3A2E88AACEE8A82EAB192E2A382EABC8CEC8E88E2AC83EC8AB5E69782EA8382EB9984DFA2E88293EC8A81EC8E9AEE8A80E9A782EBB382EBB0A2E0A0AAEC8E8BE7A7A2E882B9E0B8A8EC8E96EC9A92E695BAEC8AB0E0B383E98BA2E88293EC8EA4EC8EB2E68B83E8BB85EA85B4EC8E9AE0A890EC8AA8EE8A80E9AB83E8818AE0A382EAAB83E98382E88495EC8EB9EC8ABAEC8A9DE7A9B0E19F82EA9382EAB482EC8AB5EC8EA5E1A8B8EC8E8CE68088E0BF83E88CACE494A9E2B3A2E882BAE5B19AE0A999E3AC87E7ADBBE499BBE7AD86DF83EBA8A6EC8EBAE7AB83E89F83EAB383E9B4A3E3A783EB9383EB9B85E98B83EB9B83EB9785EBB783E9AB82EAB386E989A6E58F82E8BF83E98783E991A5E39199E6B59DEC8ABDEC8EB6EC96BEEC8A81EC8AA1EC8EA1EC8AB1E78F83EA9F85EA859BE5ADADE699A3EC8ABFEC8AABE7BDA2E699B4EC8E9EEC8ABBEC8EA2EC8EAFEC8AB3E0BF83EB9DB6E0BF82EABF82EAB7A2E8829EE5878BE9B0A3E78782EAA782EAA783E99482EE8A80EA8B83EABB83E9AB82EBA783EB9C9EE38382EABD90EE8A82EAB382EA8F83E8BCBDEC8EBBEC9A92EC8E8FE3BF83EB8D92E3B383EBBB83E9B383EBB19CE789B1EC96BEE59F82EABDAFE59F83E894BFEC8EBDEC8EBEEC8A9DE4BCBCEC8EBDEE8A80E9B18FE7B383EB8782E8BF82EB8783EB9382EBBF83E9B5BDE7AF83E98F83E9BB83E98B82EA8D8DEC8EBBE6A9AAEC8EAEE3B1BEEC8EA2EC8AB6E28D87E79B83E9B5BBEC8AB4EC8EAAEC8E80EC8A81EE8A80E9A5BDE79C96EC8E9EEC8A9DE0BF83EAB8BFE7B9A2EC8AACEC8E99E48099E7ACB3EC8EB6EC8EB1EC8E87EC8A8FEC8AB7EC8E93EC8AADE28D9BEC8E83EC8E81E69F82EBAF82EA9C9FE39F83EB9BA2E88298EC96A1E1B5B7E6A7A2E88AACEC8E9DE28190C581E195BAEC8AA0E38B83E99F83E887A2E88AACEC8E80E6889DE59084EE8A82EAB085E3AB83EBB783EB9B83E8A990E0AFA2E882A2EE8A80E9A9A0E78785EBB5A8E683A2E882A1E1BB83E98B83EA98BAE7B383E897A2E88AACEC8AB6E18084EC96A0E281A0EC8ABBC7A2E88299E0AFA2E882B9EC8A90EC8AAEE0A383E98895EC8A81E68382EB849EE2ABA2E882A1EE8A82EAB192E3B590EE8A80E9A382EABCADEC8E97EC8A81EE8A80EA88BAEC8AB0E18882E2A8A0EC8AA0E289B7E78CA1E5A19E55EC8EA9E794BBE78D99E18082E2A980E6B4B9EC8AA4EC8AADEE8A80E9AB82EB9195E3A9ADEE8A80EA8886EC8E83E3A084EC8EA1E7819CEC9693EE8A84EA8999EC8AB5E79F82E8BF85E988B8E69D87DDA6DF83EBAF83E89B83EBA9BBE49C87E1B0A3EC8E8EEC8E81EC8AB1EC8E9EE1B997E79FA2E88294EC8AB3EC8AB3E78F83E881AAE7959AEC8AADCD96E6AD9FE4BB83E8B99DE39987E4BF83EB9F83EA8382EAA1ABEC8AB6EC8AAEEC8E91E7A382EB9B82EA9B82EA8F82EBA783E9A5AAE3848FE0B0B9E499BDE4AF83E88782EAA783E987A2E882A6EC8AB6E19B83E9AF83E88B83EBB383E9AB83E98BA2E88299E2BC9CE28383EBAC9DE6B98DEC8EB1EC8E8EEC8EBCE3B783EBAD8AE2AF83EB9DA9EC8EB4E59493EC9A92EC8AABEC8E8FE3B383EBA5ADE2B383EB8B82E98383E8B0BEEC8AABE2A19FEC8EB3E498BEE48783EA8C9FEC8E8BE1A783E8A093E1BF83EBBF83EB9983EC96B8EC8EB9EC8E95EC8EA3EC8E8FEC8EBEEC8AA5EC8AA6E6A783EB9783EA9383EAA7A2E88298EC8E86E38F82EABB86E98895EC8E87EC96BDEE8A80E9B49FEC8E9AE5BDB1EC8EB7E1B5A5EC8EBBEC8EAFE2A382EBB9ABEC8AA7EC8EAEE2B880EC8E98E7BF83E89F83EBB98EE68F82EABDA4EC96B8EC8EBCE69383E8BF83EB90B3EC8E83EC8EABE5BDACE1B383E9A0BCEC8E90D1B7E4B9ACEC8A8DE7A89EEC8E9607E39783E9AB83E9AF83EB9190EE8A80EA888EE2B383E98F83EAA4AAEC8EB3EC8E81E2A89DE5A089C783EA94BAEC8AA8D082E0ACA1EC8AB0E18082E78FA2E882B9EC8EB2E58990E5AFA2E88293E0ACA4E6819EE3878BE9B197E0A1A8E0AF82EB95B9E7A988E5AF82EA8083EC96A0E78CAADBA2E88AACE28890E2AB83E991AAEE8A80EBA481EC8AA0E0B082E2A9B4E681A5EC8E8EEC8EBAE78F82E9B782E9819CEC8ABEEE8A80EA8382EA808AE4819BE0B9A8EC8E8BE78DB4EC8EABEE8A82EAB383E98882EC8AA0E0B082EE8A80EBA5B3E2B494E0A383E9B089C495E7AB82EA8382EB8880EC8AA8C382EB95A5E1AB8BE9B3A2E88299E7B0A1EC8AB2EC8AB7E6BF83E9B383EA9785EA849BEC8EACEC96B8E7888DEC8E8EE0B8BAE29BA2E882A1EC8EBBEC8E9CEC8E83EC8EBDE28F83E8BB83EBBBA2E88298EC8E81E3B997E7BF82EABF82EAAF83E9ACB6E680B1EC8EB7EC8EB5EC8EB6EC8AB8EC9693EC8EBDEC8EA3E199B3EC96B8EC8E99E6B382EB9D98E1B0B6EC8EABEC8AA0EC8E9DE398B4EC8E98E3BF83E9A5A9E1B5AAE39F83EB9385EBB8BEEC8E9DEC8E94E69499E1A09CEC9693E1A09DEC8A9DE3ADBBEC8ABAE795AAE6B1B9E785BEE795B9E7B8B5E188A4EC8EB6EC8EAEE3AFA2E88299E5BF82EB9B82EA9DA4EC8EA7EC8ABEEE8A80E9A782EB88BBE79485E79CB8E0B3A2E8829CEC8ABFEC8EB8EC8E81EC8EABE7A383EAA3A2E882B0EC8EB5EC8EA5E49FA2E8829AEC8EB0EC8E93E18783EAB0B3EC96BEEC8A8DE49F82EABF83E9BD92EC8AAFEC8AA8EC8EAAEC8EBDE4BF83EBB383EBBCA6EC8ABDEC8AB4E4A782EB8B83EAA98CEC8EAFEC8E9CEC8AB3EC96B8E78F83EB9CA5E6BF83EABB82EB9597E794B7E39386E98B83E89180EC9A92E180B4EC8ABDE59995E599AEEE8A80EA8B83EBAF83E8B783EA9783EA999AE5ACB7EC8E9DEC8E90E2B092E38385E98890E1ABA2E882B9EE8A80E9A1A0EC8E90E4A082E285ABE29383E89383E8B1B4EC8EA0EC8AA6E29782EB91A0EC8AB0E294B9E390B1E0B8BCE5A08AE3AF83EBB185E1BDA6E3B093E68783EBAC9FEC8E98EC8EBFEC8E80E685BFE3A199E0B491EC8EA7E48DA5E49586E69783E999BBEC8E9EEC8EBBEC8ABCEC8E8FEC8EBBE3B383E8BF83E9BF83EBB783EB8382EA9F83EBBF83EB8F83E8BF83E9BB83EBB383EBB783EB8B83EAA59EEC8EB1EC8EB2E38F83E9B783E989B3EC8EB7EC8AA4E1BCB8EC8EA9EC9693E5B383E99BA2E88294E78B83EBA982E4AB83E8BC8BEC9693D4A0E7BF83EA988BE7AF82EB9783E98783E9AFA2E882BAEC8EB1EC8E9FE198A6EC8EAFEC8E85EC8E8FEC8EBFEC8EB6E4B383EB9782EBAF83EB9DAFEC8ABFE58B85EBB782EBB9B3EC8EA3EC8EB9EC96B8C3A2E8829DE48CBCEC8AABE7A98AE18385EBA091DDA3E49F83E98DB4E4A89DEE8A80E9BB83EA9BA2E882A6E48F83E98181EC8E90E28783E8A383E89783E98191EC8EBDE4A3A2E88298E49782EA8382EAB88EEC8E83EC8EA6E69D99DF83E89896E68CBEE494A1EC8A81E3B981EC8AAEEC8EA2E1AFA2E8829DE5ABA2E8829EECAE9CEC9692E5A884E5A484E3A598EC8EB3E181B0E0A5B2E2A5B4E3A783EB9888E398A8E794A8EC8EB5E1A383EB87A2E882B0EC8EA6EC8EA8EC8E90EC8AB7E580A0E3908BE49382EA8CABEC8A8DEC8E8EEC8AB4EC8E99EC96BEEC8E96E6AF82EA8F82EAA382EBB783E99F82EAAB82E8B4BBEC8A8DE6A782EAAF83E9A9AFE59B82EA89A6EC8AADEC8E97EC8E98EC8EADEC8E96EC8AAAEC8ABDE78B82EB859DEC8E9AE6A7A2E882A2E798BAEE8A80EBA897E2AF83E9AFA2E882BAEC8AB5EC8A9DEC8A9DEC8EA6EC8EB6E69B82EAB782EBB383E98F82EAA997E7AF83E8B5BAE5B382EAA783EB949AEC8A8DEC8AB8EC8AB8EC8E9DEC8EA8EC8AB6E29F82EA9782E9B783E8BB83E9A587E0AB83E89782EAB783EB99B4E781B5E3A8B8EC8AB8E38B82EBAD9EEC8E9EE6A485EC8E81E48B82E9819AEC8AB5EC8EBDD783E9AD9DC383E8A1BBEC8EA8EC8EB4EC8AA5E7BF83EBBB82EABF83EBBF83EBAF83E89F83E9BF83EBAF82E8BF83E8BCBCEC8EB9EC8AB7EE8A80EA8597EC8E9EE7BB83EBB383EAA59BE4BCBCEC8EBFEC8EBEEC8ABFE7BB83EB9F83EB9F83EBBF83EA9F83EBBF83EBBB82EBBDB7E3BB83EBA383EA9CB7EC8E9FEC8EBBE1BF83EBB783EAADBFEC8ABDE7998FE7ADBFEC8EB6EC8E8DEC8E8DEC8E87EE8A80EA83A2E882B9EC8EAEEC8E89E695ABE7A782E88783EA9DB3E28B85EBA3A2E88293E7A587E5BC81E781B1EC8AA7EC8EB6EE8A80EA888BEC8E8DEC8EAFE5B78BE89B83E9BF83E9B785EA8783EBB782EAB383EBBB83EA9187EC8AABEC8A8FEC8ABCE79382EB9B83EBBB83EAB783EBB49BEC8AB7E2BD94E5BC84E39382E8BD84EC96A1E1889FE28FA2E88294E68BA2E88294E1809BE187A2E88294E18097E2849BE28493E2849BE2849BE48487E6A8AEE498AEEE8A80E9A88EEC8E85EC8AAEE18983E0A0B6E38383E98889E39089E393A2E88298E69890E691A1EC8EACEC8AA8EC8EB7E1BF83EABF85EA8383E89F83E8B58EE4B188E0B188E0B383EA9783E9A990EC8EACE38B85E98D90ECAE86E4B0B4EE8A80EBA9A3E4BF82EB8497ECAE86E1B785E989BCEC96A0CB86E988A4E0B094EC8EA8EC8E88C783E98F86E98B82EA9F82EA8F83E9B9A1EC8AABE395A9E39783E89B83EBB783E8B9BEEC8AB7E39783EAACB4EC8AA6E585BDEC8E9CEC8AAAEC8EB6EC8E8BE3AF82EAB783EA89B6EC8AA3E58B83EAAB83EAB1ACEC8E95E2ACBBE58783EA85A2EC8AADE5BB83EAB495EC8AB6EC8EAAEC8E9BEE8A80EBAB82E8B5A2EC8AA1E5B783E9B1AEEC8E94EC8AABEC8ABDE6AB82EA959DEC8E9EEC8EADE193A2E882B9EC8A8DEC8EBAE6B8BFE6AB83E8BC8AEE8A80EA9B83E99B82EA9783E8B783EBA9A0E78383E991A9E4B385EBBB82EBA783EB8B83EAB383E99783E88C9BEC8AA7E4BF85EBA181EC8E8CE78C93EC8E8BEC8AA6EC8A9DE38F82EAB382EAB097EC8AAEEC8EB8EC8EB6EC8E92E7BF83EBBB83E8B4BFE7B783EB8382EB8CBFEC8ABCEC8EB8EC8E82EC8EADEC8E83EC8AA3E79F83EB99AFEC8E9CEC96A1E3B1BEE6AF83EBBF83E89785EBA383EBBB82EAADB7EC8EBEEC8E8BE6AF82EB9F83EBBB83EAA782E8B783EB9F83EBBB83E99DBDE69DAFE190ABE2BCB4E79F82EBBF83EA9199EC8AA7EE8A80E98F83E88C93E3A4BDEE8A80EBAB83EA9F83E9A585EC8AB1EC8A90EC8EA1E0AF82EA9998C783E9AB83E88BA2E882A6EC8EB2EE8A80EBA48FE59F83E9BDB8E2B382EBBB82EB9782EB9783EB9D81E68783EBBC97E6AF82E8BF82EBB99CE1A782EBBDB3EC8EB4EC8AA5EC96B8E6AB83E88483EE8A82EAB1A5E28383EB94A0EC8AB1E591BDE385B6E281B6E39783EA9382EAA0A7E5B783E99597E4A782EA8098EC8AB9EC8E87E4B383E8BB82EA8383E990A2EC8E98EE8A82EAB385EA8580E58383E8BB83E9849CEE8A84EA8890E1AB82EAAB83E8A9B3EC8E86E4898CEC8E86E6B383E8A88CEC8E8CE2B188E0B188E2B1BAEC8E9CEC8E97E491A1E0A383EB84A9E79BA2E882A2EC96A1ECAE86EC8AA9EE8A80EA8782EAA58FE78180E584A0E4A383E8A382E98382EA9C93E1BD8CE49B83E99CA7EC8EB1EC8EA3EC8E9DEC8EB6EC8AA4E1BD8DEC8EBAEC8E91E690B4EC8E98E6BCB7E49F83E98783EABB82EAA193E1B783E99B85EA8382E9B783EB898EE6ADA7EC8AABE5B8ADEC8AB4E6ABA2E882A6EC8EA8EC8E92EC8E99EC8E92EC8EB6E69B82EA8D98EC8EA8EE8A80E9B5B6EC8AA2E788A1EC8AAAEC8EADEC8EB4E1AB83EA9783EBB9AEEC8AA5EC8E9BE6A1B6E79F82EAAF82E9B592EC8AA1E3A78BE8988EE1AB82EB9783EA8783E897A2E882B9EC8EA5E78B82EBA783E99782E8BD86E59F82EA9997EC8E8EE3B383EB8382EAA382EB9383E98B83E9B383E8A898EC8EB6EE8A80E9A9AEEC8EA6EC8AA4EE8A80E9A3A2E882A2E4849EE28383EBAF83E99B82E8BDBFEC8EB3EC8EABE5BF83EBBF83E8AF82EAAF82EABF83EBBF83EBAB83E8A782EA9F83E9B89DE3B9B1E78F83EB8383EBA382EBAF83E99F83EBBB83EBB383EA8F83E89D9FEC8EBBEC8EB8E6ADBFEC8EB3E2BF83E9BDBCEC8EBBE0BF83EB9DBCE2BB83EAB8B6E5B988E7ADBFEC9692E48382E983A2E882A2EC8AB9E0B18FEE8A80EA98A8E5B0B1E59B83EB8DA2EC8E85EC8EA2E6AC80E2B1BDEC8EB1EC8EA2EC8AB3E19F83E9ACBFEC8E9AEC96A1EC8EBEEC8AB2E78383EB8383EA8783EB9B83EBBB83EBAF82EA9CAEE7B1BDEC8EBAEC8EB4E2BF83E8B997E5BC86E793A2E882A6EC8EA0EC8A90E783A2E88294E18093E1898BE28C8EE68CBEEC8AA3C783E88481E498BEEE8A80E9A88EE59887E5A098E5A098E3A898EC8E9AEE8A80E9BB8BE9B3A2E8829DE1A5B3EE8A80E99180EE8A80E9B088E3888DE18383E89782EB8895EC8EB9EC8ABBEC8EA3EC8E91E681ACE381A6E2AF83EB9B82E8B7A2E892A2EE8A80EA9B82EAA382EAB782EA9B82EA9782EA8B83E99498E3AFA2E8829DE3AB85E98B83E9A7A2E8829DECAE9CEC9692EC8EB9E1A382EBA484E7AC98EC8EB9E5A383EB8CA8E0AB82EB8383EA98B1EC8EA4EC8A81E68782EBB0BFE1A49EEC8EB6EC8AA3EC8E91EC8AA0E3BF83EAA783EB9DA7E584B4EC96BDE5AB83EA8DAEE68F83E98B82EAAB83E89F83E99592EC8AABE589AEE59785EA8383E8B5AAEC8AA1E59782EBBB83E9B0ACE6BF82EB98B7E2BF83E9948BE5AF83E8B783E88996EC8ABDE5B1ACE59D8AEC8E9DE68B82EB8593EC8AACEC8AB4EC8EAAEC8AA5E79B82EABC9EE19F82EB9C9BEC8EB7EC8E9EEC8EB7EC8E85E2AFA2E8829CE6AF82EA8F83E9BB82EA919CEC8AAEEE8A80E98D8AEE8A80EA8B82EB8F82E8BD9EE5B19EEC8ABCE4AF83EA9DA9EC8E9BE5A1B6EC8AACE39783E8AB82EB899CEC8E8FEC8AB8EC8EBEE18B83E88383E8BB82EB9D9EEC8ABDEC8EB9EC8E91E49F83EBBF83EBA383EA988FE3BDB9EC8EAAEC8EB9EC96B8EC8A8DEC8AAFEC8E9DE1A99CEC8ABBE3B783EBB7A2E8829CE5BC9DE7B383EAADB7E5BDBDEC8EA7EC8ABFE5BF83EBAF83EB8B83EBADB7EC8E9DEC8E9BE3A782EB85B6E58783EA8BA2E882A6E2919BEC8E8EEC8E8AE4B385EBB9A7E59F83EA9783E98B85EA8782EB8782EB9B83E88097E6B782EB8884EC8E80EC8E8AEC8EB9EC8EA2EC96B8E6BB82EB9783E9BB82EBB8B0EC8EBAE7A783EBB783EBAB83E9BD9FE1A382EBB382EB9F82EBAB83EB9783E8AB82EB9497E3BB83E8A385E98F82EAA883ECAE9CEC8AA5EC8E84E29F83E893A2E8829EEC8E8CE49383E99383E899B0E5B885EC9692E3BF83EAB5ABEE8A80E9A89CEE8A80EA819CEC8AAAEC8E90CD9BECAE86EC96A1E4A981EC8E85E4A383E89D88EC8E87EC8E90EC8E84EC8E90E59195EC8E86EC8E98EC8EB8EC8EB4EE8A80E99184E188ACE18783EA9080E4A7A2E882A6E1B98AEC8A8DEC8EA2EC8E94E595B0EC8A81ECAE9CDF82EB8583EC8A90EC8AA3ECAE9CE28985C783E99882EC8A9DE69CA9E0A894ECAE86E0AF83EAA382E885B1E7B0B0EC8EACEC8EAFE0B783EBADBBEC8EBDEC8E9EEC8AB4EC8E97EE8A80EBA9B6E7ABA2E8829CE799BBE1B382EB97A2E882A0EC8AADE7AB82EBBF82EB8783E9AD95EC8AB5EC8AAEE19383E9AF83E99582EC8AA7E59B8BE89B83E8A99BEC8AADE7A8A9E6A995EC8EBBEC8AADE6A9BFE79F82EA9F82EBB59BEC96BDEC96A1EC8AB5E6A383E983A2E882B0EC8E8BEC8E9BEE8A80EA8B83EBACBFEC8EBFEC8A90EC8EADE29785EBA0BCEC8ABAEC8AB1E3BCBEEC8ABCE781BEEC8EB3E78F85EBA1BFEC8E80EC8EB7EC8AB3EE8A80EA83A2E88298EC8AB2EC8A8DEC8ABCEC8EAFEC8AACEC8ABBEC8EA6EC96A1EC8AA5E2BC99E7AB83E9B9B2E19881E78B82EBAB82EAB49BE39DAFE7BB83EB8B83E99B83E9AF82EBBDBBEC8EAEEC8AA5E0BF82EA9D8FEC8E9CEC8EAEE1BB82EBB99BE3A782EBA0B5E7AF83EA97A2E8829CEE8A80E991BFEC8EB8EC8A8FEC8AB5EC8EA8E2BD97E3998AEC96BDE784A2E6A782EAB9A7EC8EB4EE8A80EA8BA2E8829DEC8E8CE699B9E79B83E8B598E5A7A2E88299EC8E8BE7A782EBA783EA9382EB889556EC8EAEE7BF83EA9383EBAB83EBA783EAA383EAB5B3EC8EB1EC8EBBEC8E95EC8AABEC8ABFE3B783E98F83EBBB83EAAF82EB8F83EB8782E8BC8FEC96BEEC8AB9E0B783EB9383E8BC81EE8A80E9B5A6EC8E84E28D98EC8AAAEC8EADEE8A84EA88A9EC8EADC9BDE5A9ABE4A9BCE0B09DEC8AA2EC8E99E190BAE1B19AE3AB82EB8489EE8A80E98C98E0A782EAA0B1EC8AA8E38785E989B4EC8AA4E1B783E99C97EC8EA9E0AB83E887A2E882A2C382EA89A8EC8AB5E38896E190B1E29F83E890BDEC8E9EE4898DE491ADEC8E84E3B184E6B785E988ADEE8A80E9A89CEC96A0E3B58EE48B82EAB1B9D383EBA988EC8AB3EC8EA7EC8AB7EE8A80E9A8BDE38385E98B83EB9B82EA9B82EBB783E88DB1EC8EAFE6809CE1BF83E89383EB85BEE79CB0E6ADB7EC8E87EC8A9DE69B82EBBD95EC8EAFEC8AB6EC96A1EC8ABDE6AB82EA959DE2A782EB9F83E8A8BBEC8AADEC8E8AE79B82EB8D96EC8EACEC8AB4EC8E8AEC9A92E4B9B5E381ACEC96BDEC8AA2E4AB82EB9D96E6A382EB98ABEC8E9DE3A09AE6B99DEC8E98E3B383EBAFA2E882A6E49F83E98F83E8A783E8B383EA8B83E9898AEC8AABEC8E98ECAE9CEC8E86E7ADA7E1B9BCEC8E84E4AF83EA908CE3AF83EA94B8E3A783E8AF83E8A38BE9B0B2EC8EABEE8A84EA8B83E8AFA2E88293EC8E88EC8EABE3B1ADE5A98B7AEC8EA7E1BB82E8B59EE7BF83EBB786E98B83EABF83EBBB83EA83A2E8829CEC8AAFE7B783EB8F83EABC8FEC96B8EC8EBAEC8E85EC8EA0EC8EB0EC8ABDEC8EB2EC8EB4EC8E9FEC8EB4EC96B8EC8EBEEC8EB7E7BF83EB8B83E9AB83EABCAAEC8AB5EC8AAFE48DB6E28B83EA8F83E9B7A2E882A2EC8EA0EE8A84EA8BA2E8829DEC8E8CEC8EBAE29383E8B383EAA783EBA48DE69DBDEC8E91E5A383E8A782EB8382EBB183EE8A80E99081E5A198EC8ABFE6BF83EB9190EC8EB3EC8AADEE8A80EBA783EA8D9FE39385EBA383EBA9B8EC8EA5EC8E92EC8EABEC8AA3E69CBFEC8E9AEE8A80EB819ED5B8E197A2E88299EE8A80E9B5A4EC96BEEC8EA4E298A5E3A985DBA2E882A1E19B83E88486E48783E99B82EA9C8DEC96BDE1919BE78084E788ADE6B09BEC8E84E2938BE89983EC8A8DE28B83E8A090EC8EA4E1A383EAA488EC8EA9EC8EB3E4B492E4A882E797A2E8829AE0B783E99783EAA783EAA9A9EC8E90EE8A80EB8382EAAF83EBB894E284AEE28783EAB9B1EC8E85E1B582E5B188E2B08DEE8A80EBA898E5AF85EA81ABEC8AAAEC8E98E0A4A3E1B8A3E0BB82EA97A2E88293E5888AEC8E81EC8AA4E7ACB4E6A18EEC8EB6EC8EA3EC8AABE7AF83E88F82EA8F83E985B0E2BC9EEC8E8EE7AB83E9B591EC8AA7E3B5A8EC8E94EC8AA3E78B82EBA595EC8AACE7908AEC8AA5E59B82EB9783E9A8ADE19F82EA8DAAEC8AB9E59CA9E79782EBAF83EAB783E8A5AEEC8AB9E5B4ABEC8AB6E3B9B7EC8E8FEE8A84EA89BCE69B83E995B3EC8E83EE8A80EA8B83EA9493EC8E99EC8E94EC8EA2EC8E92EC8E82EC8EAAEC8E89E58F83EB9DACE3B9B2EC8EA9EC96BEEE8A80E9B383EB9D9AE599A8EC8ABAE7A4A9EC8AB2EE8A80EA8385EBB8B5EC8EB5EC8AB4E68DA5E1B4ABE6AF83EAAB82EA8782EAA782EA9F82EA9188E6ACB2E7ADB2EC8EB5EC8EBCEC8E8FE7BF83EBBBA2E882A1EE8A80E99382EBBF83EB8783E98783E99F82EBBB83EBBB83E9AF83EAAF83E8BF83EBB1B2EC8EBFEC8EBAEC8E8FEC96A1DF82EB9CAAEC9A92E1BF83E9B5B8EC8EA1EC8E83EC8E93EC8EB7E0B880E5AB83EB9383EAB782EA97A2E8829EEE8A84EA8889E69783E8AB82E88783EABB85EA8782EBBF82EBBB83EA8782EAB0AFEC8E89EC8E85E2B18DE3ACB8CF83EAA092EC8AB0EC8E8EEC9693E6B5BFEC8EBFEC8EB2EE8A80EA8B82E8BC9AEC8E8FE7B5BCEC8E8FEC8EB6EC8AB7EC96B8E7AB83EB84BFC383EAB494EC8E90EC8AB2EE8A80E9A5A4E4B783EA99B3E689B0E689B1E6808BEC8EA4E2AB85E98D85E4A383E99F82EB8382EAA5A1E18F83E985B9EC8AA5E2A382EB89B4E6898BE688A0E49090E28888E38884E29484E3A982E78F83EA8383E8989AE59C94E580B9E38B85E98F83EBA98CEC8AB3EE8A80EA9B83EA9990EC8EA8E68383EAB1B0E1B8A8E69B82EAB5B8E1B8A3EC8ABEEC8AAAE3B9A3E2BBA2E882A0EC8AA6E789B3E3A0B3EE8A80EA898DCF82EA8584EC8E94EC8E84EC8E98CB82EA8F83E88783EA85A8EC8AB0E3BC9DE1B58DE49C87EC8AA3EC8E81E2B09EE4B1BBEC8ABDE6A782EA9CBDE6B0B6EC8EBAEC8EB5EC8EBAEC8AA0E5A383EABB83E99B83EAAF83E88D8AEC8AA9EC8E9BEC8AA8EC8E86EC8E8DE4AB82EABF82EBB783E9ADABE59B82EA8B83E9A9AEEC8EB4EC8E80EC8E83EC8EA7EC8AA4EC96B8E38B83E9B382EA91A3E29C93E4BB83E988B2E18F82EB9BA2E88294EC8EB6EC8E83E7B090E2B198E5998AEC8EA8E4A4AAE48CA9EC8E92EC9693E295B5EE8A84EA8B82EB8783EB9385E98F82EAA782EA9D8DE3B5A5EC8E88EE8A80E9BBA2E8829DE284B0E58B8BE898AFEC8EBCEC8EA8EC8E8DEC8E9FE7B383EAAF82EAB5BFE7A383EBB782EAB783EBBF83EB9B83E99597E3BF82EBA783EB8783EBB382EABD86EC8E97E3BB83E9A382EBAF83EB8BA2E8829CEC8E81EC8EA4DC80EC8AACE78B82EBA783EAA383E8A782EB9382EA97A2E882A1EC8AA1EC8E88EC8AA6E691B6EC8E83EC8E9FE5A0B1EE8A80E98F83EB8CACEE8A80E990A2E6A7A2E882BAEC8EA4E1859EC5A8EC8EA3E7B383EB9382EA8FA2E882B9EC8AB3E0BF82EAAB83E99DBFEC8EB5E5A383EB9F83EBAF83E8B783EA85B7EC8A81EC8AB6EC8E8AEC8EB0EC8AA2E49582EE8A80E9B084E1B0BAE6AB83E887A2E8829EEC8EBCE0B8800DEC8A8FE4A584E48594E1A5A1EC8E98EC8EA6EC8E90EC8E80EC8E90EC8ABCE68F82E8B4ABD180EC8E84EE8A80EA9B83E9A181EC8E88EC8E84E4A382EA9C90E5878BE898B0E29088E38382EAA089EC8AA8E38782EAB1B1E4B88CEC8A81E79785EBB782EA918EE6B385EA808CE4BB83EABB83EB808DEE8A80EA85A2EE8A80EBAB83EA8383EBA588E59385EBB883E4848EE28CBEE484AEE28C9EEC8E85E2BB82EA9F83EBB99CEC96B8E48B83EBA9A7EE8A80EA98AAEE8A80E9A8ACE38383EAB383EABF83E89782EBB783E9A782EB80BFE1B783E89DBBEC8E83EC8EBEE790BCEC8E9AEC8EAFEC8EB5EC8AA6E585ABE1A383E997A2E882A1EC8EADEC8E86EC8AB0E5849BE5918AEC8E9DE6A8B9E2A895EC96A1EC8A8DE78B82EB9D92E6B1B7E1AF82EA8DBAE2A4BAEC8EBFEC8E98E0BBA2E8829CEC8ABEE18382EBB98EE5B19BEC8EB8EE8A80E98C9EEC8EAAE28B83E98185E6A383EAA8A9EC8E93EC8E88E4A3A2E88298E190BCEC8E94EC8EB5E29383EA9F82E884AEE58FA2E8829AEE8A80EA8782EBA98CE1A4B2E295B9EC8E82EC8A90E4A5A2E69880E4A18EE29B82EABD9CE7AF83EA8783E99893E2BDBEEC8EB8EC8E9CE39F83EBBB83E98DB3EC8E9FEC8EB8EE8A80EA8786E989A7E3BF83EBAB83EB8F83E99DBEE7BF83EBBB83E88B83E98C80EC8EA4EE8A80E9B383E99B82EAAB83E89FA2E88299EC8AA1E4B3A2E882A6E28BA2E882BAE39C96E59F85E98B83EA9585E68CA5E29F83EB88A9EE8A80E98F82EB9988E0ABA2E88298D5A0EC8EBEEC8E91E79B83EBB1B6EC8EB5EC8EBAEC8AAFE0A887E3BC9DEC8ABFEC8EB0E4ADBFE6A487E6A199E48993E2988DE79783EAA18BEC8EACE38783EA88A9EC8EB7E493A2E882A6E3B783E9908CE491B4EC8E8EEE8A80EBA491E39491E388B1E39382EB84A6EC8AA9E49888EC8E82E1A09EEC8AB7EC8AB6E298B0EC8E92E1A783E99B83E99783E8AB83E8BB82EB8383E8BBA2E882B0EC8E81EC8AA1EC8AA1E6AB82EAB4BCEC8EB8EC8AB9EC8AAAEE8A80EA84ACEC8AB5EC8AAFEC8AABEC8AB5EE8A80EA9992EC8EAFE38F82EBA383EA848BEE8A80E98F82EA8383E9A195E6909CE28782E9B592EE8A80EBA5A2E19D8CE49997E3AF83EAB783EA84B8E3BB8BE899BBEC8AB3E785BCE3809DE1B783EB94BAEC8E93E7B9ABEC8E92EC8E9EE1B4B4E2AF82EBB59AEC8AA5E5AF82EAAF83EB99B6EC8E8BE58782EAAC9EEC8E97E2AB83E9B5B2EC8AB1E5B4ABE79B82EA8F83E9B591E5909FE1ACB2EC8AA9EC8EABE4A782E9B7A2E882A6EE8A80E9A5B9EC9693E3A0A6EC8EB3E0B491E0A383EA848BEC8EA1E4AF83EAB98BEC8EA6E4A499E78383EAB8B1EE8A80E9A382E98186E5ABA2E88294E2A4A9EE8A80E9A7A2E88299EE8A80EA8785E98B83EBA783E8898CCF8BE9B0B8E5BF82EBA383E9BBA2E892A2EC8ABDEC8E99E3A782EBB383E9A5B9EC8EBCE79B83EBBF83EBAB83E8BC8FEC8ABFEC8EB4EC8EA1E6ADBFEC8EB1E784BAE7AC9EEE8A80E9A994EE8A80E9A9A6E58CACEC8A9DEC8E84E4A49FE29F83E99F82EAB383E994B5E6ACB5E29FA2E88294EE8A80E9A4A2E18F83E983A2E8829EEE8A80EA9882EC9692E78D80E5AFA2E882B0EC8AAEEC8E9EEC96BDEC8ABEEC8EB4EC8E9BEC8E82EC8EB4EC8EA6EC8EB9EC8E86E2AD80E5AC81E393A2E882A1EC8E88E1B481EC8E84E29DA8E4BB82EAB889EC8AB2E1A383EB8783EA9B85EBB4ADE38490E394A9EC8AB5E2A0B1E187A2E8829DE78F83E8A489E6888DE18382EAA0B1E4B493EC96A1EC8AA6E48CA8EC8A8FEC8EA5E48382EAA5AAE2ABA2E892A2EC8AA3E6B0B3EC96A0E3B785E98B83E9B0BBE28FA2E88298E1858FE7A4B4EC8EB3EE8A80E99383E8B383E89783E9A382EA8783E9A383EA94B4E680A8EC8AA0EC8E98E58F82EB95A6EC8E8CEC8E86E4A1A7EC8E84E68783E8A083EC8E93EC8E91EC8E95EC8E91EC8EA0E780B2E3B385E98C8EE0BBA2E882A0EC8E91E790BAE3A383EAAB82EB9DA6EC8E83EC8EB6EC8AACEC8E9FEC96A1E390ABEC8ABDE59B82EBB59FEC8AABE790BAEC8EADE68782EAB783E9AB83E9AF82EAB5B4E6AF83E99581EC8AB5EC8E90EC8EA9E593A2E882A1EC8A9DEC8E9AEC8EA8EC8EAEE58C8FEC8AAAEE8A80EA83A2E882A2E3B3A2E8829DE391A1EC8A90EE8A80E9BB83E8B982E2A583ECAE86E1B783E899BCEC8E89E3B19DE4BD90E1B8B0EE8A80E9A090E7AB85EA8383E8AF82EA9383EA8382EA85A0EC8A81E180BEEE8A80E99189EE8A82EAB093E79DBFE68783E983A2E892A2EC8ABDE59785EBB783EBBF82EAA8B2EC8EBEEE8A80EBAB83E8AB83EBA383EA9B83EA9383E89B83EBAF83EBB783EAB99FC382E98383EB8F83E9A5A2EE8A80E9AB82EA9BA2E8829CE383A2E88298EE8A80E99383EBA785E98B83E8A1ADEC8E98EC8AABEC8E8BEC8E86E6898EE5BC88E5A0AAEC8EA4E0A49BE29C84E5AC84E6A382EBA5BBEC8EA5EC8E9DEC8E99E4AC9FEC8AB7EC8AAFEC8E9DE5BB83EBAB82EA8C98E6A383E8AD8CE2B0A0EC8EA2E6AB83E89382EA8B83E89197E49591EC8AABE0ABA2E882A0E39886E198A3E1BBA2E882A0EC8AA6EC8E92EC8EB0E1A382EB94B8EC8AB1E791A2E68F83E8A090E6909AEC8AA4E48382EA8C80E0A880E79480E2B7A2E8829EE7908DEC8EABC383E8B491E59BA2E892A2E3A08CEC8E8DE48CA0E1A383EBA490E3AF8BE89B83E9ABA2E8829EEC8E98EC9692EC8EB9E480B3E18782EB94A1EC8AB1E381B3E3A197E4BFA2E88299EC8AABD090EE8A80EA8B83EABCA1EC8E84EC8E84EC8E98E583A2E88299EC8AA1E490BEE1A383E89D87EC8E93EC8E91EC8E95E485BFE1988FEC8EB6EC8E94EC8EA9E49782EB8DA1E7BF82EABF83E9BF85EBB4BBEC8E8DE7BB82EBAF83E987A2E882B9E5AB83E88F83E9B58AEC8AB7EC8ABEEC8E9BEC8AAFEC8E97EC8ABAEC8AB5E5AB82EBBD91EC8EAEE3988BEC8A9DE59B82EA8782EB8F83EB9598EC8E85EE8A80E9A5A9EC8A9DEC8AA7E3A489D58BE78383EAA98BEC8EAEEC8EABE28B83EA8383E99195EC8AB1E19783E8A583E48F82EA99B4E3B782EAA783EAAC89E2A483E2A483E19490EC8E85E38885E48383E98B83E8BB85EBA383E9AF82EBADB1EC8AB3EC8E90E7B5ABEC8ABBEC8EB3EC9A92EC8EBAEC8EBEE7AD87E4BF83E9B18EE2B7A2E88294EE8A82EAB3A2E88293E4AB83EB8B82EBB187EC8E82E2918EEC8EA6E5A0A6E2BF83EB8F83EAAF83E9BB83EBABA2E8829AEC8AB9EE8A80E9B7A2E882A2EC8AB9EE8A80E9B783E8B086E2B1A5EC8AA0E48383EA9D99EC8AA0E2B783EB9782EABB82EBB1BBEC8EB4EE8A80EA8B82EBBF82EAAC8EEC8E9ED383EA91AEE280B6E38189EC8AABE197A2E88298E1819BEC8AB1E390A5E789A2EC8EA4EC8AAAEE8A80E99383E89D84EC8E9BE68B83E99383EA8B83E891A0E581A0E4A0A0EC8E8432E4B493E0A18AE49783EBA385EBB483E698BAEE8A82EAB0BAEC8E84EC96BDE5AB83EB90B9EC8EB5E1A48AE2A08AEC8E94EC96BEE4A78BE89BA2E8829AE6998FE48C9EE289B3E6A7A2E882BAE1BB83EA9C9AE38382EB90B9E0B498EC8EB3E2A5B5E180B2E2A782EB98B9EC8EB5E2A5B4E1A383EB8B83E880B8E3BB85EA848CE0BDA7EC8EA3E2AF83EA8DB8E6BC9CEC8EAFEC8A8DEC8EA3EC9A92E68782EB9383E99F83EAAF85E98887EC8E9DE78783E99383EAB9B7EC8E9AEC9A92E49B82EBB783E99F82EAB08DE3AB83E8B7A2E88298E68B83E9B383EB9592EC8ABBEC8ABEEC8E93EC8AAAE5BB83E9BB83EAB783E99587E79F82EAB783E9B487EC8A81EC8E85E783A2E8829AEC8E93EE8A82EAB091EC96B8E58D9FE19F82EA8783EA9089EC8A9DEE8A80EA98BAE0ADB5EE8A80E9A3A2E8829DE3B0B4E69192EC8E8AE58383E8AB82E98383EB8D80EC8EB0E58097E4A4AEEC8E93C383EA9480EC8E99ECAE86EC8EB6EC8ABEEC8ABFEC8E99E7BB83EA8F82EB8783E8989BE69DABE6BCB5EC8AA2E6BC83E7B382EB9DA1E6B383EBA0B4EC8EA3EC8AA1E38383E8ADB3E4ADBCE68783E9B59EE3AF83EA85AEE2B383EAA3A2E882B9E5A7A2E892A2E4AF83EAAC99EC96B8E294ACEC96A1E381A5E199A8E0AFA2E882A1EC8E8FEC8EBEEC8EA4EC8EA0EC8E8BEC8EBFE79B83EA8F83E8B0A1C382EAAC80E2B590EE8A80E9A5A4EC8E84E48F83E89382EA8F83E990B9EC8E8EE6B38BE9B18AEC8E9CE68383E8A1A5EC8E88E49783E9AB83E9B19BE48590E188A8EC8AA8EC8E86EC8AA9EC8E86EC8A90E49B83EA9C98EC8AADE1A488EC8EA8E18383EAA098EC8E9EE0A783EA8998E1A382EBA785E98CA5EC8E99EC9693EE8A80E9A4BBEE8A80E9AB83EBA094EC8ABBE4ABA2E88293E58899E68B82EA9782EBAB82EAA08DEC96BEE58BA2E882B9E38FA2E882BAE68386E98891EC8A8FE68382E8BC90E19CA9E58B8BE898ACEE8A80EA81ADE3AB83EA9F83E99F83EBB4BDEC8AB5EC8E8EEC9692EC8EA3EC9A92EC8E89EC8EB0E78383E99383E9B782E8BD9BE7AD91E6ACBCEC8EA8E4BB83EBAF83E984A8E1B98CEC8EA3EC8E81E5BB83E99385EBBB82EB93A2E882BAEC8AA3EC8AA8E39783EAB994DF83EB9592EC8ABBE599ACEC8EADE5B382EAAB82EB9383E8AB83E98782EBA7A2E882A1E39CA5EC8EB7E1A783EB8485E0A484EE8A80EBA997EC9693E68B82E8BF83E98D80EC8A90EE8A82EAB193E5BF82EB8180EC8E91E28CA5EC8EA9EC8EB2E7A783EBAFA2E882A1E1AB83E8B480EC8AB2EC8E9CEC96B8EC8ABDE58783EABB82EBB9B9EC8AAEEC8EBEEC8E86EC8EA5EC8EA6E5BCBDE79B83EB85A9C3A2E88293E2B385E98F83EB9D90ECAE9CEC8E80E6858EEC8EA4EC8E97EC9692EC8AB5E0B5A3E7B783E9959CEC8E8BEE8A80EB8383E89785E98F83E8A382EA9D98EC8E92E29782EBBB82E885BDEC9A92EC8AA7C783E8AB83E8BF85EBBB82EBAB83EBA783EAB383E8AF83EBBC8EEC8AB0EC8E932FE0A3A2E88293EC8EA3EC96A1E2BDA9EC8E80ECAE86E49F82E98382EA95B2E28094E1A484EC96A1CB83E9A4AAE5BF85EA80B4E4AF83E9A782EABC84E1AC84E0AB85EBB484EC9A92E78FA2E882B901E48782EA8189EC8AB1E0B495E6A581EC8ABAE5A9A1EC8E94E599B2EE8A80EA85ACE78383EAB091EC8E8DE59B83EBBBA2E88AACE58887E19783EB8782EBA3A2E8829CE7A990EC8E9AEC8EB7E78783EAAB83E8B0A1EC8E84E595BDE2B78BE9B0A7EC8AA8EC8E8BEC8AA9E0BCA6EC8AA3EC8AABEC8EB1E68383EABDA0E799ADE7BF83EBAB83EBA1A8E78383E9A1AFEC8E8DDB82E8B782EBB59EE78F83E9B1ABE0BB83EA8F83E9B8ACE1BB83EAB383EB9782EBADBBE58782EB9383E99F83EAA783E8B383EAAB82EBAF83EBB58EE79783E9A382EAB383EB9383E8A8BBEC8AADEC8EA2E79B82EAB592EC8E98EC8E9DEC8ABCEC8AB8EC8AB3EC8AB0E7B383E98B83E98983EC9A92DBA2E88299E29884E4AD90EC8EA2E18F83EAB089E198B0EC8EA2E0A783EA84B3EC8EA6E7889EE383A2E88298E280ACE680A2EE8A80E9B586EC8E9AEC8E94E48D83D09AE4B882EE8A80E9B5ADEC8E87EC8AAFEE8A80E98D9AEC8AAFE5BF82EAA383EBBF83EA95B6EC8EADE7AF82EBA783E8949D72E6A5BDEC8E8DEC8E87EC8E89E19189E2B59BE2AF82EA9F83EAB3A2E8829CEC8AA7EC8E8CEC8A8DE29782EB8785EA8783EA8F83E8ACB9EE8A80E9A18FEC8E93EC8AB4EE8A80EA8493E0B889E4B785EA8482E28383EBBF83E9898BE1BF85E989BAEC8E9FC783E9A88AE18BA2E882B9CB82EA9CA4E4B5B0EC8EAAEC8EAAEC8E84E69F83E9A383EA9B83E89383EA8B83E89382EA8B83EB8C80EC8A8DEC8E8FEC8AA1E78C8CEC8AB8E0BBA2E882A0E29B83E99098EE8A80EA808CCFA2E8829AE284A3E580A0E2A382EB84A6E0A783E99099EC8AB5E39382EAB09FE5BFA2E882A2E28782EAA383E8B7A2E8829DEE8A80EA8187E1B186E1B383E887A2E8829AE3A5B0E48D87EE8A80EA999DE1A5B2E2A592E39B83EA8F85E98F83E9A091EC8AAAE38DAAE18382EAA09BE39382EA8383E89C9FEC96A0EC8AA1EE8A80EB8382EA80A4EC8E98EC8E80EC8E90D9B1EC8EBFE680B6EC8AB9E39B85EA8382E8BF83E89B83EB8591EC8E9CEC8E9BEC8EAFE79F83EB9B83E9AF83EB95B1EC8AA7E1A783EB9F82EA8F83E8A782EA80BBE595A7E39383E9A09FEC8EB6EC8EB7EC8ABAEC8EADE585BBE79D90E2BF83EB958AEC8E9BEC8A9DEC8A9DEC8E8DEC8E96EC8E96EC8EA5EC8EBAEC8EA6EC8AA5E6AB82EA9783E99382EA8783E99093E288A1E7A7A2E8829AE28087E48F83EB9783EBB5BCE4A8BDE4918DE489ACEC8E8EE3B783E8999CE2B983EC8AAEEC8A90EE8A80E9BB83EBA992EE8A80EA838BE9B08726EE8A80EBA782EA9783EA9C9BEC8ABDEC8EAFE5B0ACE7B782EA8F83E9ADBBE18FA2E88AACEE8A80E9B096E5A783EB8588EC8EA8E18DAFE5A4AEEC8E9CE69782EAB785EBA1B6E4BB85E98DB6E39896EC8EB4EC8EA5E0B19FE4A382EB83A2E8829DEC8E8FE1888EE794ADEC8EAAE78F83EAB081EC8A90E1A383E891BFE2AB82EBB383E8BC83E2B58BE4A7A2E88299E38785EBA0B3E5AD90EE8A80EBA9A0E48CB0EC8EAFE3A0B0EC8AA6E199B4EE8A80EBA580E58DBDE2AFA2E8829AE1B382EA9199E4A0B3EC8AB0E29B82EB84A6E39580EC8AA0E49891EC8EA4E0A1B2EC8AB5E2ACAAEC8EA9E48F83EBB497EC9692E7A084E3A5B7E48BA2E8829DE78FA2E88294EE8A80EBA78BE9B385EBA382EABB83EBAF83E9A382EBB4A3E69383E9BFA2E892A2EC8A81EC8E8AE2AC90EC8E94EE8A80EA88B4EC8AA0EC8E98E59785EBB484EC8AA7E2BB83E88CA6EC8E85E39898EC8A8FEC8AAFEC8E86EC8EB1EC8EBEE6A1B8E38385EBB48FE49B86E98B83E88DAEE7ACB2EC8EAAE5BF83EAA4B5EE8A80EA8783EBB783E999A8EC8E94EC8A9DE2A5ACE1A48DEC8EB6EC8EA3EC8E9EEC8AA4EC8E9BEC96BDEE8A80EBAB82EB959EEC8ABDEC8E9AE2AC96EC8E9AEC8E9BEE8A80EBAB83E8B782EAB783E8AF83EB9783E8AC97EC8E8AEE8A80EA8B83EAB782EB99A1E694A8E0BCA8EC8EB1D58BE38385E98C90E3B185EE8A80EB8382EABCA1DCB1DCB3E49C88EC96B8E58987E394B8EC8EA7EC8A81E18089EC8E86E5B0A6E48B82EA80A5EC8EAEE3AB83E9B78BE899BAEC8E9FE2A894EC8ABEE3A89BE7B88FEE8A82EAB382EA97A2E88AACEC8AACE291A9E2A8ADEC8E82E795ABEC8EA9EE8A80E9B782EB8DBEEC8E8AE5A4BFE6A782EABCADEC8EA8EC8E8BE1A5BDE2A783EA91A9E0BF82EBACAEEC8AB1E0B5ACEC8EABEC8E9CEC8E97EE8A82EAB383EB9F83E89F83EB9DAECCADE0A591EC96A0EC8E81EC8A90E1859FE1819FE2A783E8B890E1ABA2E8829EEC8E98E48B82EBA084E1AF85E988B8EE8A80E9A783EBADAAE6AB82EAA782EBA9ABE480A2EC8AA0EC8E96E48BA2E882B0E39385EA80B5EC96BDEC8AA0E591B7E78CBCE1A1ADE0A0ADE69782EBA0A8E1A59AEC8E83E29982E29B83E88486E69CB6E69D8AEC8EA9EC8EB6E381B6E28382EB9194EC8AADE284B1E38382EB8F83EA99A1E6B783EAB383E8BB82EBAF85EBBB83E8B383E9BF82EA8F82EABB82E8B5A3EC8A8FE18487E0B0A7E49F83E88F83EA8783E885A4E7B0B4E1B89DEC8EB6EC8AA3E4A4BFEC96A1E79785EA8782EA8F83EB99AEE6BC98E4B487EC8EADEC8AB1EC8AAAE79783E9B3A2E882BAEC8EB5EC8AA3E58782EBBCB7E6B8B7DB82EAB5BAE5B383E9AB83EAA59CEC8ABEE5B382EBADBCEC8AB1E78B83EBA582EC8EB1EC8E82E28FA2E882BAEC8EABE29F83EABCA5EC8E9CE69783E8B1A7EC8E84EC8AA7E2A1A0E3A181E5A38BE89B8BE89BA2E882A1ECAE9CE2BD85E58B83EB8BA2E8829EE489ADE2A583EC8E81E48D84E6B783E8999CEC8E8CE7B782EA8085E4BB83EBAB82EA8783E88F82EA8F83EABC97E2B8BFE79F83EAA783EA8BA2E8829CD382EABCA5EC8E99E5AB85EA85A6E588B4E3B383EAA782EABB85EBB9B2E398B6EC8AACEC8A8DE18F83EA9986EC96BDE2BDA7EC8EB8E58B85EA81A5E48BA2E88299EC8EB4E4A5A0EC8EA3EC8E80EC8AA6E4A589EE8A80E9B0B6EC8E8FE780B570EE8A80E9AB83EA8C84E28B83E88783E9B383E9A782EA8C9EEE8A80E9BBA2E882A0EC8E9AEC8E8BE2A5B5E280B4E283A2E88298EE8A80E9B499E0A08BD382EA9486EC8EB8EC9693E78980EC8AAEE6A88DEC8AA1C782EA8782EA9785EA8383E88B82EAA782EABD88E0A382EBA493E0AD91E1A492E6B190E69191E69383EAA383E9B095E791AEE4849CEC8E87E4AF83E8B383EA8F82EBBB82EB9898E78498E78885EC8EB1E5949CEE8A80EA9890E19F83E889B9EC8AB0EE8A80E9B8A2E4AF83EAB783EAA383EBAF83E88DB8EC8ABFE19F83E8B7A2E882A0EC8E83EC8AA3E5B9AFE2BDAAE4BCBAEC8AB5E3A383E9AB82E8B783EA8F83E999B4E1A18DE49F86E98B83EBB783E8A783EB8383EB838BE9B088E1B8B4EE8A80EBAB83E88D86E6B590EC8E9CEC8AA9E6BD9FE2B9ADE5B4AAE5B8BEEC8AB7E79783EA8783E987A2E882B9E5AFA2E882BAE494A1E6B4AAE3B383E88583EC8E81E18BA2E88299EE8A80EA8484E7AF8BE89B82EAA189EC8AA8EC8AA2EC8EA0E0A586E1B0A1E7B185EC8ABDE1A5B1E38383EB9490E4B881E2B783E9AF85EBB782EBB996EC8E9DEC8EBAEC8EB2EC8E99DCA7E2999CE0A783EBA58AE481B2E1A7A2E88293E5BF82EB8F83E998B7EC9693E18DABEC8E96EC8EBAEC8AAAEC8AB9EE8A80E98F83EA8F82EAAD99EC8AB6EE8A80E9A5A6EE8A80EBA481EC8E89E3A0A8EC8AB0EC8AB1E29CB4EC8E8BEC8E86EC8A81E0B9BDEC8A9DEE8A80EA9B85E98FA2E8829EE1B0A7D089E2A783EB9089E0A098E4BB82EAA095EC9A92E58887C382EAA782EA91A7E491B5EE8A80EA8B83E98B86E98BA2E88AACE48CA0EE8A80E9A1A6E680A4E39382EAA383E98183E1BB83EBACB5E3A982E3ABA2E8829EE188A3EC8A81EE8A80E9A382E98383E888A6E58190E29382E8BD9DE2BBA2E882B9E687A2E882BAE687A2E882BAE687A2E8829CE38C93E68581EC8AA8EC96BDEC8AA8E4BB82EAA782EA9592EE8A80E98FA2E8829DE7B383E9988EEC8EB6EE8A80EA89A7EC8A8FEC8AB1C491EC8E87EC8E98E68184E2B783EB9CAEE3A38BE9B0BDE38783EAA383EABB83EB9782EBADBBEC8EA3EC8EA1EE8A80EA899EE39383EAADB6EC8AA6EC8EADEC8E9DE48782EB8F83E99099EC8EB7EC8EB6EC8AA2EC8E96E680B2E3B898EC8A8FE0BBA2E882A1EC8EB1EC8EBEEC8AA0EC8AB7E3BC9CE5B1A9E39FA2E882A0EC8A8DEC8E9DE6BB82EAA590EC8E9FEC8ABCEC8AB8E78F83EBA783E98B83E8BB82EBA783E89CAEE5B4B8EC8ABFEC8EB9EC8EA8E28F83EA9D97E59D8EE38B83EAA5A2EC8EAEE28DAAE18F83EAB8AAE4A191EC8EB9E2B981E48B85EBB5BDE498BCE4A8BDE490BCE4A892EC9692E7A3A2E8829DDFA2E8829EEC8AA7C783E8A8B4EC8AA3EC8AAFE5918AEC8E8FEC8E9EE7AD8FEC8E9DE487A2E882B9E4A782EB9B85E98CA4EC8E99EC8ABCE5B198E39597EC8E96EC8E8DEC8EB5EE8A80E9B383E8BB83E8A585EC8AB1EC8AB4EC8AA8EC8AAFEC8EA5EC8EA5E58B85EA8383EA999CECAE9CEC8AB0EC8AA1E6BCA1E59D87EE8A80E98FA2E8829EEC8AB6E4B9BCEC96A0EE8A80EA89A1E1A382EAA183EC8AA0EC8E8FE597A2E88299E184BBE488A4E1909AE78383EAA8A3E6A9A2E6B383E9B1A1EC8E90E4A3A2E882BAEC8AA7EC8AAAE18783EA9190E18F85EBA382EAB4B5E48B83EBA89DEC8E99ECAE86E18BA2E8829CEC8E91EC8AB9EC8EABEC8AA8E48B83E88385E98F82EBA984EC8EADEC8A81EC96A0E78B82EAA383EAB099EC8AB3E19783E99593EC8AB5E598B3E58D9DE0BD86E3AB83E887A2E88299E38DBBE1B9BFE58383E9A993EC8E9CEC8E9BE59F86E98B82EB8783E99FA2E892A2E0BB82EBA9BBEC8A8DEC8E9DE7BB82EA9F83E9A597EC8AA0E785B0E7A0ADE1BB83E8BBA2E882A0EC8E83EC9A92E585BCEC8E94EC8EADE4B09BEC8EB5E5BB82EB8F83E99B82EAAD95E5ABA2E882A6E4AF83E89783EB8C8FEC96B8E3BF83EBAF83EA8383E9A5B3E69F83E8B8BEE79383EABF83EBB48FE3BF83EB8383E89783E88383E8BD8AE1A4A0E391B7EC8EB5E1A783EB84A4E4B4B0E19088EC9693EE8A80E9A4B4EC8E89EC8AB1EC8E8FECAE86E4BD89CB82EA8C84EC8E85E1B8A2E2B893E2A782EA80A5E4BDBFEC8ABEE5A8AEE3B5A1E3A383EB9FA2E8829EE7B0B1E28382EAA4B4E4B782EABF83E9A4ABE1AF83E99B83E9ABA2E882A0EC8AB5EC8AB1E28997EE8A80E98F83EBA383E98B82EB8B82EBBBA2E8829DE18F83EBA48CEC8E8BEC8ABAE2A382EB83A2E88298EC8AABE28D87E28383E98F83EA889EEE8A80EBABA2E882A1E78783EBB58FE79DA2E29782EB98A9E39C84EC8EB9D087E6ABA2E8829AE285A4E488A8EE8A80EA8B82EBBF82EA9484E58BA2E8829EE7938BE898B8E49882E48F83EB8CB8E690B3EC8AAFEC8AB5EE8A80EA80BFEE8A80EA8B85EA838BE9B1B2EC8AB3EC8AB0EC9A92ECAE86E7AC87EC8ABEE3A783EB9CB0EC96BEE39F83EBAF82E9B782EAA782EAA383E88385EA8593EE8A80E99383E8B783E89F82EA8CA5EC8AA8E4B7A2E88298EC8AA1E491B0E39785EBA091EC8AB2E484BFEC96A1EC8A8DDBA2E882A1EC9A92EC8EAEEC96BEE18B82EA85BAEC8A9DE784B7E1AB82EB9F83EAA9B1EC8E94E1A48DEC8EA3EC8EBDE484BCEC8A9DE4B08FEC8E87EC8AA3EC8EBDEC8EB1EC8EA8E78383E9B383E9ACBBE1A8BFE3BB83EAA58DE2AFA2E882A6EC8E9DE2BF85EBB9B9EC8EA4EC8EBEEC8EBBE1B8BCE79783EAAB83EABB83EB9783EB9493EE8A80EBA48BEC8AABE684B2E69F83E9ADA9E498BCEC8AA6E3BBA2E88299EC8EB9EC8E8AE584A5E3A382EA80A8EC8AA4E2A382EA91B0E3B8B9E1A58EE38383EA90B2EC8EA6E58B83EAA881EC8E8DE3BDB1EC8EB7E79B82EBA5B0E59783E99D8FEE8A80E9B8A2EC96B8EC8AA0EC8EA9E39383E8BCACEE8A84EA898BE1AF83E8BB83EBAB82EAAB82EBA782EB9B82EAB382EABF83EA9199E6BB83E9A598E5B3A2E8829DEC8EB9E0B383E8AC84E39383EAA5A0EC8E8FE29385EBB981E3B58EE5B586E3B186CC84E1B5A5E6BCA3E69383E8BCA5E7B383EAB1A1EC8EA4E28F83EAA383E8B783EAB584E69191E691A1E6B48EE0B9B3EE8A80E9B085EC8EA9EC96B8EC8EBEEC9692E1B488EC8A8DE3AF83E8A3A2E882B9EC8A90EC8AAEE4A8B9EC8E8FE0B4ABE2B981E5B18AE3B582E5B383E8B09CE489ACEC8AA5E6958BEC8EACE2A783E88B82EA9F83EAB980EC8E9DEC8A8DEC8AA2EE8A80EBABA2E88299E1A082EC8EABE0A088E59783EAACBBE4A782E9B783EBBC8FE68B82EBA382EBB382E88783E88FA2E88293EC8AA2EE8A80E9B0800049E4958EE49382EAB982E683A2E8829A'), 'Mike.Hillyer@sakilastaff.com', 1, 1, 'Mike', '8cb2237d0679ca88db6464eac60da96345513964', '2006-02-15 04:57:16');
insert into sakila.staff (staff_id, first_name, last_name, address_id, picture, email, store_id, active, username, password, last_update) values (2, 'Jon', 'Stephens', 4, null, 'Jon.Stephens@sakilastaff.com', 2, 1, 'Jon', '8cb2237d0679ca88db6464eac60da96345513964', '2006-02-15 04:57:16');
insert into sakila.address (address_id, address, address2, district, city_id, postal_code, phone, last_update) values (3, '23 Workhaven Lane', null, 'Alberta', 300, null, null, '2006-02-15 04:45:30');
insert into sakila.address (address_id, address, address2, district, city_id, postal_code, phone, last_update) values (4, '1411 Lillydale Drive', null, 'QLD', 576, null, null, '2006-02-15 04:45:30');
insert into sakila.address (address_id, address, address2, district, city_id, postal_code, phone, last_update) values (5, '1913 Hanoi Way', null, 'Nagasaki', 463, null, null, '2006-02-15 04:45:30');
insert into sakila.address (address_id, address, address2, district, city_id, postal_code, phone, last_update) values (6, '1121 Loja Avenue', null, 'California', 449, null, null, '2006-02-15 04:45:30');
insert into sakila.address (address_id, address, address2, district, city_id, postal_code, phone, last_update) values (7, '692 Joliet Street', null, 'Attika', 38, null, null, '2006-02-15 04:45:30');
insert into sakila.address (address_id, address, address2, district, city_id, postal_code, phone, last_update) values (8, '1566 Inegl Manor', null, 'Mandalay', 349, null, null, '2006-02-15 04:45:30');
insert into sakila.address (address_id, address, address2, district, city_id, postal_code, phone, last_update) values (9, '53 Idfu Parkway', null, 'Nantou', 361, null, null, '2006-02-15 04:45:30');
insert into sakila.address (address_id, address, address2, district, city_id, postal_code, phone, last_update) values (12, '478 Joliet Way', null, 'Hamilton', 200, null, null, '2006-02-15 04:45:30');
insert into sakila.address (address_id, address, address2, district, city_id, postal_code, phone, last_update) values (13, '613 Korolev Drive', null, 'Masqat', 329, null, null, '2006-02-15 04:45:30');
insert into sakila.address (address_id, address, address2, district, city_id, postal_code, phone, last_update) values (15, '1542 Tarlac Parkway', null, 'Kanagawa', 440, null, null, '2006-02-15 04:45:30');
insert into sakila.address (address_id, address, address2, district, city_id, postal_code, phone, last_update) values (16, '808 Bhopal Manor', null, 'Haryana', 582, null, null, '2006-02-15 04:45:30');
insert into sakila.address (address_id, address, address2, district, city_id, postal_code, phone, last_update) values (17, '270 Amroha Parkway', null, 'Osmaniye', 384, null, null, '2006-02-15 04:45:30');
insert into sakila.address (address_id, address, address2, district, city_id, postal_code, phone, last_update) values (18, '770 Bydgoszcz Avenue', null, 'California', 120, null, null, '2006-02-15 04:45:30');
insert into sakila.address (address_id, address, address2, district, city_id, postal_code, phone, last_update) values (19, '419 Iligan Lane', null, 'Madhya Pradesh', 76, null, null, '2006-02-15 04:45:30');
insert into sakila.address (address_id, address, address2, district, city_id, postal_code, phone, last_update) values (20, '360 Toulouse Parkway', null, 'England', 495, null, null, '2006-02-15 04:45:30');
insert into sakila.address (address_id, address, address2, district, city_id, postal_code, phone, last_update) values (21, '270 Toulon Boulevard', null, 'Kalmykia', 156, null, null, '2006-02-15 04:45:30');
insert into sakila.address (address_id, address, address2, district, city_id, postal_code, phone, last_update) values (23, '1417 Lancaster Avenue', null, 'Northern Cape', 267, null, null, '2006-02-15 04:45:30');
insert into sakila.address (address_id, address, address2, district, city_id, postal_code, phone, last_update) values (24, '1688 Okara Way', null, 'Nothwest Border Prov', 327, null, null, '2006-02-15 04:45:30');
insert into sakila.address (address_id, address, address2, district, city_id, postal_code, phone, last_update) values (25, '262 A Corua (La Corua) Parkway', null, 'Dhaka', 525, null, null, '2006-02-15 04:45:30');
insert into sakila.address (address_id, address, address2, district, city_id, postal_code, phone, last_update) values (28, '96 Tafuna Way', null, 'Crdoba', 128, null, null, '2006-02-15 04:45:30');
insert into sakila.address (address_id, address, address2, district, city_id, postal_code, phone, last_update) values (29, '934 San Felipe de Puerto Plata Street', null, 'Sind', 472, null, null, '2006-02-15 04:45:30');
insert into sakila.address (address_id, address, address2, district, city_id, postal_code, phone, last_update) values (30, '18 Duisburg Boulevard', null, null, 121, null, null, '2006-02-15 04:45:30');
insert into sakila.address (address_id, address, address2, district, city_id, postal_code, phone, last_update) values (31, '217 Botshabelo Place', null, 'Southern Mindanao', 138, null, null, '2006-02-15 04:45:30');
insert into sakila.address (address_id, address, address2, district, city_id, postal_code, phone, last_update) values (33, '786 Aurora Avenue', null, 'Yamaguchi', 474, null, null, '2006-02-15 04:45:30');
insert into sakila.address (address_id, address, address2, district, city_id, postal_code, phone, last_update) values (34, '1668 Anpolis Street', null, 'Taipei', 316, null, null, '2006-02-15 04:45:30');
insert into sakila.address (address_id, address, address2, district, city_id, postal_code, phone, last_update) values (38, '61 Tama Street', null, 'Okayama', 284, null, null, '2006-02-15 04:45:30');
insert into sakila.address (address_id, address, address2, district, city_id, postal_code, phone, last_update) values (39, '391 Callao Drive', null, 'Midi-Pyrnes', 544, null, null, '2006-02-15 04:45:30');
insert into sakila.address (address_id, address, address2, district, city_id, postal_code, phone, last_update) values (41, '1440 Fukuyama Loop', null, 'Henan', 362, null, null, '2006-02-15 04:45:30');
insert into sakila.address (address_id, address, address2, district, city_id, postal_code, phone, last_update) values (42, '269 Cam Ranh Parkway', null, 'Chisinau', 115, null, null, '2006-02-15 04:45:30');
insert into sakila.address (address_id, address, address2, district, city_id, postal_code, phone, last_update) values (43, '306 Antofagasta Place', null, 'Esprito Santo', 569, null, null, '2006-02-15 04:45:30');
insert into sakila.address (address_id, address, address2, district, city_id, postal_code, phone, last_update) values (44, '671 Graz Street', null, 'Oriental', 353, null, null, '2006-02-15 04:45:30');
insert into sakila.address (address_id, address, address2, district, city_id, postal_code, phone, last_update) values (45, '42 Brindisi Place', null, 'Yerevan', 586, null, null, '2006-02-15 04:45:30');
insert into sakila.address (address_id, address, address2, district, city_id, postal_code, phone, last_update) values (48, '1998 Halifax Drive', null, 'Lipetsk', 308, null, null, '2006-02-15 04:45:30');
insert into sakila.address (address_id, address, address2, district, city_id, postal_code, phone, last_update) values (49, '1718 Valencia Street', null, 'Antofagasta', 27, null, null, '2006-02-15 04:45:30');
insert into sakila.address (address_id, address, address2, district, city_id, postal_code, phone, last_update) values (50, '46 Pjatigorsk Lane', null, 'Moscow (City)', 343, null, null, '2006-02-15 04:45:30');
insert into sakila.address (address_id, address, address2, district, city_id, postal_code, phone, last_update) values (53, '725 Isesaki Place', null, 'Mekka', 237, null, null, '2006-02-15 04:45:30');
insert into sakila.address (address_id, address, address2, district, city_id, postal_code, phone, last_update) values (54, '115 Hidalgo Parkway', null, 'Khartum', 379, null, null, '2006-02-15 04:45:30');
insert into sakila.address (address_id, address, address2, district, city_id, postal_code, phone, last_update) values (55, '1135 Izumisano Parkway', null, 'California', 171, null, null, '2006-02-15 04:45:30');
insert into sakila.address (address_id, address, address2, district, city_id, postal_code, phone, last_update) values (57, '17 Kabul Boulevard', null, 'Chiba', 355, null, null, '2006-02-15 04:45:30');
insert into sakila.address (address_id, address, address2, district, city_id, postal_code, phone, last_update) values (58, '1964 Allappuzha (Alleppey) Street', null, 'Yamaguchi', 227, null, null, '2006-02-15 04:45:30');
insert into sakila.address (address_id, address, address2, district, city_id, postal_code, phone, last_update) values (60, '1668 Saint Louis Place', null, 'Tahiti', 397, null, null, '2006-02-15 04:45:30');
insert into sakila.address (address_id, address, address2, district, city_id, postal_code, phone, last_update) values (61, '943 Tokat Street', null, 'Vaduz', 560, null, null, '2006-02-15 04:45:30');
insert into sakila.address (address_id, address, address2, district, city_id, postal_code, phone, last_update) values (62, '1114 Liepaja Street', null, 'Sarawak', 282, null, null, '2006-02-15 04:45:30');
insert into sakila.address (address_id, address, address2, district, city_id, postal_code, phone, last_update) values (64, '81 Hodeida Way', null, 'Rajasthan', 231, null, null, '2006-02-15 04:45:30');
insert into sakila.address (address_id, address, address2, district, city_id, postal_code, phone, last_update) values (66, '1717 Guadalajara Lane', null, 'Missouri', 441, null, null, '2006-02-15 04:45:30');
insert into sakila.address (address_id, address, address2, district, city_id, postal_code, phone, last_update) values (67, '1214 Hanoi Way', null, 'Nebraska', 306, null, null, '2006-02-15 04:45:30');
insert into sakila.address (address_id, address, address2, district, city_id, postal_code, phone, last_update) values (69, '698 Otsu Street', null, 'Cayenne', 105, null, null, '2006-02-15 04:45:30');
insert into sakila.address (address_id, address, address2, district, city_id, postal_code, phone, last_update) values (70, '1150 Kimchon Manor', null, 'Skne ln', 321, null, null, '2006-02-15 04:45:30');
insert into sakila.address (address_id, address, address2, district, city_id, postal_code, phone, last_update) values (74, '1124 Buenaventura Drive', null, 'Mekka', 13, null, null, '2006-02-15 04:45:30');
insert into sakila.address (address_id, address, address2, district, city_id, postal_code, phone, last_update) values (75, '492 Cam Ranh Street', null, 'Eastern Visayas', 61, null, null, '2006-02-15 04:45:30');
insert into sakila.address (address_id, address, address2, district, city_id, postal_code, phone, last_update) values (76, '89 Allappuzha (Alleppey) Manor', null, 'National Capital Reg', 517, null, null, '2006-02-15 04:45:30');
insert into sakila.address (address_id, address, address2, district, city_id, postal_code, phone, last_update) values (77, '1947 Poos de Caldas Boulevard', null, 'Chiayi', 114, null, null, '2006-02-15 04:45:30');
insert into sakila.address (address_id, address, address2, district, city_id, postal_code, phone, last_update) values (78, '1206 Dos Quebradas Place', null, 'So Paulo', 431, null, null, '2006-02-15 04:45:30');
insert into sakila.address (address_id, address, address2, district, city_id, postal_code, phone, last_update) values (79, '1551 Rampur Lane', null, 'Changhwa', 108, null, null, '2006-02-15 04:45:30');
insert into sakila.address (address_id, address, address2, district, city_id, postal_code, phone, last_update) values (81, '1692 Ede Loop', null, 'So Paulo', 30, null, null, '2006-02-15 04:45:30');
insert into sakila.address (address_id, address, address2, district, city_id, postal_code, phone, last_update) values (82, '936 Salzburg Lane', null, 'Uttar Pradesh', 425, null, null, '2006-02-15 04:45:30');
insert into sakila.address (address_id, address, address2, district, city_id, postal_code, phone, last_update) values (84, '1888 Kabul Drive', null, 'Oyo & Osun', 217, null, null, '2006-02-15 04:45:30');
insert into sakila.address (address_id, address, address2, district, city_id, postal_code, phone, last_update) values (85, '320 Baiyin Parkway', null, 'Mahajanga', 319, null, null, '2006-02-15 04:45:30');
insert into sakila.address (address_id, address, address2, district, city_id, postal_code, phone, last_update) values (87, '929 Tallahassee Loop', null, 'Gauteng', 497, null, null, '2006-02-15 04:45:30');
insert into sakila.address (address_id, address, address2, district, city_id, postal_code, phone, last_update) values (88, '125 Citt del Vaticano Boulevard', null, 'Puebla', 40, null, null, '2006-02-15 04:45:30');
insert into sakila.address (address_id, address, address2, district, city_id, postal_code, phone, last_update) values (89, '1557 Ktahya Boulevard', null, 'England', 88, null, null, '2006-02-15 04:45:30');
insert into sakila.address (address_id, address, address2, district, city_id, postal_code, phone, last_update) values (90, '870 Ashqelon Loop', null, 'Songkhla', 489, null, null, '2006-02-15 04:45:30');
insert into sakila.address (address_id, address, address2, district, city_id, postal_code, phone, last_update) values (91, '1740 Portoviejo Avenue', null, 'Sucre', 480, null, null, '2006-02-15 04:45:30');
insert into sakila.address (address_id, address, address2, district, city_id, postal_code, phone, last_update) values (92, '1942 Ciparay Parkway', null, 'Cheju', 113, null, null, '2006-02-15 04:45:30');
insert into sakila.address (address_id, address, address2, district, city_id, postal_code, phone, last_update) values (93, '1926 El Alto Avenue', null, 'Buenos Aires', 289, null, null, '2006-02-15 04:45:30');
insert into sakila.address (address_id, address, address2, district, city_id, postal_code, phone, last_update) values (94, '1952 Chatsworth Drive', null, 'Guangdong', 332, null, null, '2006-02-15 04:45:30');
insert into sakila.address (address_id, address, address2, district, city_id, postal_code, phone, last_update) values (95, '1370 Le Mans Avenue', null, 'Brunei and Muara', 53, null, null, '2006-02-15 04:45:30');
insert into sakila.address (address_id, address, address2, district, city_id, postal_code, phone, last_update) values (96, '984 Effon-Alaiye Avenue', null, 'Gois', 183, null, null, '2006-02-15 04:45:30');
insert into sakila.address (address_id, address, address2, district, city_id, postal_code, phone, last_update) values (100, '1308 Arecibo Way', null, 'Georgia', 41, null, null, '2006-02-15 04:45:30');
insert into sakila.address (address_id, address, address2, district, city_id, postal_code, phone, last_update) values (102, '669 Firozabad Loop', null, 'Abu Dhabi', 12, null, null, '2006-02-15 04:45:30');
insert into sakila.address (address_id, address, address2, district, city_id, postal_code, phone, last_update) values (104, '1913 Kamakura Place', null, 'Lipetsk', 238, null, null, '2006-02-15 04:45:30');
insert into sakila.address (address_id, address, address2, district, city_id, postal_code, phone, last_update) values (106, '659 Vaduz Drive', null, 'Ha Darom', 34, null, null, '2006-02-15 04:45:30');
insert into sakila.address (address_id, address, address2, district, city_id, postal_code, phone, last_update) values (107, '1177 Jelets Way', null, 'Kwara & Kogi', 220, null, null, '2006-02-15 04:45:30');
insert into sakila.address (address_id, address, address2, district, city_id, postal_code, phone, last_update) values (109, '454 Nakhon Sawan Boulevard', null, 'Funafuti', 173, null, null, '2006-02-15 04:45:30');
insert into sakila.address (address_id, address, address2, district, city_id, postal_code, phone, last_update) values (110, '1867 San Juan Bautista Tuxtepec Avenue', null, 'Ivanovo', 225, null, null, '2006-02-15 04:45:30');
insert into sakila.address (address_id, address, address2, district, city_id, postal_code, phone, last_update) values (111, '1532 Dzerzinsk Way', null, 'Buenos Aires', 334, null, null, '2006-02-15 04:45:30');
insert into sakila.address (address_id, address, address2, district, city_id, postal_code, phone, last_update) values (115, '1378 Alvorada Avenue', null, 'Distrito Federal', 102, null, null, '2006-02-15 04:45:30');
insert into sakila.address (address_id, address, address2, district, city_id, postal_code, phone, last_update) values (117, '1079 Tel Aviv-Jaffa Boulevard', null, 'Sucre', 132, null, null, '2006-02-15 04:45:30');
insert into sakila.address (address_id, address, address2, district, city_id, postal_code, phone, last_update) values (119, '1107 Nakhon Sawan Avenue', null, 'Mxico', 365, null, null, '2006-02-15 04:45:30');
insert into sakila.address (address_id, address, address2, district, city_id, postal_code, phone, last_update) values (120, '544 Malm Parkway', null, 'Central Java', 403, null, null, '2006-02-15 04:45:30');
insert into sakila.address (address_id, address, address2, district, city_id, postal_code, phone, last_update) values (122, '333 Goinia Way', null, 'Texas', 185, null, null, '2006-02-15 04:45:30');
insert into sakila.address (address_id, address, address2, district, city_id, postal_code, phone, last_update) values (123, '1987 Coacalco de Berriozbal Loop', null, 'al-Qalyubiya', 476, null, null, '2006-02-15 04:45:30');
insert into sakila.address (address_id, address, address2, district, city_id, postal_code, phone, last_update) values (125, '211 Chiayi Drive', null, 'Uttar Pradesh', 164, null, null, '2006-02-15 04:45:30');
insert into sakila.address (address_id, address, address2, district, city_id, postal_code, phone, last_update) values (126, '1175 Tanauan Way', null, 'Lima', 305, null, null, '2006-02-15 04:45:30');
insert into sakila.address (address_id, address, address2, district, city_id, postal_code, phone, last_update) values (127, '117 Boa Vista Way', null, 'Uttar Pradesh', 566, null, null, '2006-02-15 04:45:30');
insert into sakila.address (address_id, address, address2, district, city_id, postal_code, phone, last_update) values (129, '569 Baicheng Lane', null, 'Gauteng', 85, null, null, '2006-02-15 04:45:30');
insert into sakila.address (address_id, address, address2, district, city_id, postal_code, phone, last_update) values (130, '1666 Qomsheh Drive', null, 'So Paulo', 410, null, null, '2006-02-15 04:45:30');
insert into sakila.address (address_id, address, address2, district, city_id, postal_code, phone, last_update) values (131, '801 Hagonoy Drive', null, 'Smolensk', 484, null, null, '2006-02-15 04:45:30');
insert into sakila.address (address_id, address, address2, district, city_id, postal_code, phone, last_update) values (132, '1050 Garden Grove Avenue', null, 'Slaskie', 236, null, null, '2006-02-15 04:45:30');
insert into sakila.address (address_id, address, address2, district, city_id, postal_code, phone, last_update) values (133, '1854 Tieli Street', null, 'Shandong', 302, null, null, '2006-02-15 04:45:30');
insert into sakila.address (address_id, address, address2, district, city_id, postal_code, phone, last_update) values (135, '1752 So Leopoldo Parkway', null, 'Taka-Karpatia', 345, null, null, '2006-02-15 04:45:30');
insert into sakila.address (address_id, address, address2, district, city_id, postal_code, phone, last_update) values (136, '898 Belm Manor', null, 'Free State', 87, null, null, '2006-02-15 04:45:30');
insert into sakila.address (address_id, address, address2, district, city_id, postal_code, phone, last_update) values (138, '765 Southampton Drive', null, 'al-Qalyubiya', 421, null, null, '2006-02-15 04:45:30');
insert into sakila.address (address_id, address, address2, district, city_id, postal_code, phone, last_update) values (139, '943 Johannesburg Avenue', null, 'Maharashtra', 417, null, null, '2006-02-15 04:45:30');
insert into sakila.address (address_id, address, address2, district, city_id, postal_code, phone, last_update) values (142, '1587 Sullana Lane', null, 'Inner Mongolia', 207, null, null, '2006-02-15 04:45:30');
insert into sakila.address (address_id, address, address2, district, city_id, postal_code, phone, last_update) values (145, '928 Jaffna Loop', null, 'Hiroshima', 172, null, null, '2006-02-15 04:45:30');
insert into sakila.address (address_id, address, address2, district, city_id, postal_code, phone, last_update) values (148, '1027 Songkhla Manor', null, 'Minsk', 340, null, null, '2006-02-15 04:45:30');
insert into sakila.address (address_id, address, address2, district, city_id, postal_code, phone, last_update) values (149, '999 Sanaa Loop', null, 'Gauteng', 491, null, null, '2006-02-15 04:45:30');
insert into sakila.address (address_id, address, address2, district, city_id, postal_code, phone, last_update) values (150, '879 Newcastle Way', null, 'Michigan', 499, null, null, '2006-02-15 04:45:30');
insert into sakila.address (address_id, address, address2, district, city_id, postal_code, phone, last_update) values (151, '1337 Lincoln Parkway', null, 'Saitama', 555, null, null, '2006-02-15 04:45:30');
insert into sakila.address (address_id, address, address2, district, city_id, postal_code, phone, last_update) values (152, '1952 Pune Lane', null, 'Saint-Denis', 442, null, null, '2006-02-15 04:45:30');
insert into sakila.address (address_id, address, address2, district, city_id, postal_code, phone, last_update) values (156, '1963 Moscow Place', null, 'Assam', 354, null, null, '2006-02-15 04:45:30');
insert into sakila.address (address_id, address, address2, district, city_id, postal_code, phone, last_update) values (161, '1386 Nakhon Sawan Boulevard', null, 'Pyongyang-si', 420, null, null, '2006-02-15 04:45:30');
insert into sakila.address (address_id, address, address2, district, city_id, postal_code, phone, last_update) values (162, '369 Papeete Way', null, 'North Carolina', 187, null, null, '2006-02-15 04:45:30');
insert into sakila.address (address_id, address, address2, district, city_id, postal_code, phone, last_update) values (163, '1440 Compton Place', null, 'North Austria', 307, null, null, '2006-02-15 04:45:30');
insert into sakila.address (address_id, address, address2, district, city_id, postal_code, phone, last_update) values (164, '1623 Baha Blanca Manor', null, 'Moskova', 310, null, null, '2006-02-15 04:45:30');
insert into sakila.address (address_id, address, address2, district, city_id, postal_code, phone, last_update) values (165, '97 Shimoga Avenue', null, 'Tel Aviv', 533, null, null, '2006-02-15 04:45:30');
insert into sakila.address (address_id, address, address2, district, city_id, postal_code, phone, last_update) values (167, '1287 Xiangfan Boulevard', null, 'Gifu', 253, null, null, '2006-02-15 04:45:30');
insert into sakila.address (address_id, address, address2, district, city_id, postal_code, phone, last_update) values (168, '842 Salzburg Lane', null, 'Adana', 529, null, null, '2006-02-15 04:45:30');
insert into sakila.address (address_id, address, address2, district, city_id, postal_code, phone, last_update) values (169, '154 Tallahassee Loop', null, 'Xinxiang', 199, null, null, '2006-02-15 04:45:30');
insert into sakila.address (address_id, address, address2, district, city_id, postal_code, phone, last_update) values (170, '710 San Felipe del Progreso Avenue', null, 'Lilongwe', 304, null, null, '2006-02-15 04:45:30');
insert into sakila.address (address_id, address, address2, district, city_id, postal_code, phone, last_update) values (171, '1540 Wroclaw Drive', null, 'Maharashtra', 107, null, null, '2006-02-15 04:45:30');
insert into sakila.address (address_id, address, address2, district, city_id, postal_code, phone, last_update) values (173, '1294 Firozabad Drive', null, 'Jiangxi', 407, null, null, '2006-02-15 04:45:30');
insert into sakila.address (address_id, address, address2, district, city_id, postal_code, phone, last_update) values (174, '1877 Ezhou Lane', null, 'Rajasthan', 550, null, null, '2006-02-15 04:45:30');
insert into sakila.address (address_id, address, address2, district, city_id, postal_code, phone, last_update) values (175, '316 Uruapan Street', null, 'Perak', 223, null, null, '2006-02-15 04:45:30');
insert into sakila.address (address_id, address, address2, district, city_id, postal_code, phone, last_update) values (176, '29 Pyongyang Loop', null, 'Batman', 58, null, null, '2006-02-15 04:45:30');
insert into sakila.address (address_id, address, address2, district, city_id, postal_code, phone, last_update) values (177, '1010 Klerksdorp Way', null, 'Steiermark', 186, null, null, '2006-02-15 04:45:30');
insert into sakila.address (address_id, address, address2, district, city_id, postal_code, phone, last_update) values (179, '431 Xiangtan Avenue', null, 'Kerala', 18, null, null, '2006-02-15 04:45:30');
insert into sakila.address (address_id, address, address2, district, city_id, postal_code, phone, last_update) values (180, '757 Rustenburg Avenue', null, 'Skikda', 483, null, null, '2006-02-15 04:45:30');
insert into sakila.address (address_id, address, address2, district, city_id, postal_code, phone, last_update) values (181, '146 Johannesburg Way', null, 'Tamaulipas', 330, null, null, '2006-02-15 04:45:30');
insert into sakila.address (address_id, address, address2, district, city_id, postal_code, phone, last_update) values (182, '1891 Rizhao Boulevard', null, 'So Paulo', 456, null, null, '2006-02-15 04:45:30');
insert into sakila.address (address_id, address, address2, district, city_id, postal_code, phone, last_update) values (183, '1089 Iwatsuki Avenue', null, 'Kirov', 270, null, null, '2006-02-15 04:45:30');
insert into sakila.address (address_id, address, address2, district, city_id, postal_code, phone, last_update) values (184, '1410 Benin City Parkway', null, 'Risaralda', 405, null, null, '2006-02-15 04:45:30');
insert into sakila.address (address_id, address, address2, district, city_id, postal_code, phone, last_update) values (185, '682 Garden Grove Place', null, 'Tennessee', 333, null, null, '2006-02-15 04:45:30');
insert into sakila.address (address_id, address, address2, district, city_id, postal_code, phone, last_update) values (186, '533 al-Ayn Boulevard', null, 'California', 126, null, null, '2006-02-15 04:45:30');
insert into sakila.address (address_id, address, address2, district, city_id, postal_code, phone, last_update) values (187, '1839 Szkesfehrvr Parkway', null, 'Gois', 317, null, null, '2006-02-15 04:45:30');
insert into sakila.address (address_id, address, address2, district, city_id, postal_code, phone, last_update) values (190, '435 0 Way', null, 'West Bengali', 195, null, null, '2006-02-15 04:45:30');
insert into sakila.address (address_id, address, address2, district, city_id, postal_code, phone, last_update) values (191, '140 Chiayi Parkway', null, 'Sumy', 506, null, null, '2006-02-15 04:45:30');
insert into sakila.address (address_id, address, address2, district, city_id, postal_code, phone, last_update) values (193, '891 Novi Sad Manor', null, 'Ontario', 383, null, null, '2006-02-15 04:45:30');
insert into sakila.address (address_id, address, address2, district, city_id, postal_code, phone, last_update) values (195, '1077 San Felipe de Puerto Plata Place', null, 'Rostov-na-Donu', 369, null, null, '2006-02-15 04:45:30');
insert into sakila.address (address_id, address, address2, district, city_id, postal_code, phone, last_update) values (196, '9 San Miguel de Tucumn Manor', null, 'Uttar Pradesh', 169, null, null, '2006-02-15 04:45:30');
insert into sakila.address (address_id, address, address2, district, city_id, postal_code, phone, last_update) values (197, '447 Surakarta Loop', null, 'Nyanza', 271, null, null, '2006-02-15 04:45:30');
insert into sakila.address (address_id, address, address2, district, city_id, postal_code, phone, last_update) values (198, '345 Oshawa Boulevard', null, 'Tokyo-to', 204, null, null, '2006-02-15 04:45:30');
insert into sakila.address (address_id, address, address2, district, city_id, postal_code, phone, last_update) values (201, '817 Bradford Loop', null, 'Jiangsu', 109, null, null, '2006-02-15 04:45:30');
insert into sakila.address (address_id, address, address2, district, city_id, postal_code, phone, last_update) values (202, '955 Bamenda Way', null, 'Ondo & Ekiti', 218, null, null, '2006-02-15 04:45:30');
insert into sakila.address (address_id, address, address2, district, city_id, postal_code, phone, last_update) values (204, '387 Mwene-Ditu Drive', null, 'Ahal', 35, null, null, '2006-02-15 04:45:30');
insert into sakila.address (address_id, address, address2, district, city_id, postal_code, phone, last_update) values (205, '68 Molodetno Manor', null, 'Nordrhein-Westfalen', 575, null, null, '2006-02-15 04:45:30');
insert into sakila.address (address_id, address, address2, district, city_id, postal_code, phone, last_update) values (208, '1215 Pyongyang Parkway', null, 'Usak', 557, null, null, '2006-02-15 04:45:30');
insert into sakila.address (address_id, address, address2, district, city_id, postal_code, phone, last_update) values (210, '1304 s-Hertogenbosch Way', null, 'Santa Catarina', 83, null, null, '2006-02-15 04:45:30');
insert into sakila.address (address_id, address, address2, district, city_id, postal_code, phone, last_update) values (213, '43 Dadu Avenue', null, 'Rajasthan', 74, null, null, '2006-02-15 04:45:30');
insert into sakila.address (address_id, address, address2, district, city_id, postal_code, phone, last_update) values (214, '751 Lima Loop', null, 'Aden', 7, null, null, '2006-02-15 04:45:30');
insert into sakila.address (address_id, address, address2, district, city_id, postal_code, phone, last_update) values (217, '1001 Miyakonojo Lane', null, 'Taizz', 518, null, null, '2006-02-15 04:45:30');
insert into sakila.address (address_id, address, address2, district, city_id, postal_code, phone, last_update) values (219, '1229 Valencia Parkway', null, 'Haskovo', 498, null, null, '2006-02-15 04:45:30');
insert into sakila.address (address_id, address, address2, district, city_id, postal_code, phone, last_update) values (220, '1201 Qomsheh Manor', null, 'Gois', 28, null, null, '2006-02-15 04:45:30');
insert into sakila.address (address_id, address, address2, district, city_id, postal_code, phone, last_update) values (221, '866 Shivapuri Manor', null, 'Uttar Pradesh', 448, null, null, '2006-02-15 04:45:30');
insert into sakila.address (address_id, address, address2, district, city_id, postal_code, phone, last_update) values (222, '1168 Najafabad Parkway', null, 'Kabol', 251, null, null, '2006-02-15 04:45:30');
insert into sakila.address (address_id, address, address2, district, city_id, postal_code, phone, last_update) values (223, '1244 Allappuzha (Alleppey) Place', null, 'Buenos Aires', 567, null, null, '2006-02-15 04:45:30');
insert into sakila.address (address_id, address, address2, district, city_id, postal_code, phone, last_update) values (224, '1842 Luzinia Boulevard', null, 'Zanzibar West', 593, null, null, '2006-02-15 04:45:30');
insert into sakila.address (address_id, address, address2, district, city_id, postal_code, phone, last_update) values (225, '1926 Gingoog Street', null, 'Sisilia', 511, null, null, '2006-02-15 04:45:30');
insert into sakila.address (address_id, address, address2, district, city_id, postal_code, phone, last_update) values (226, '810 Palghat (Palakkad) Boulevard', null, 'Jaroslavl', 235, null, null, '2006-02-15 04:45:30');
insert into sakila.address (address_id, address, address2, district, city_id, postal_code, phone, last_update) values (228, '60 Poos de Caldas Street', null, 'Rajasthan', 243, null, null, '2006-02-15 04:45:30');
insert into sakila.address (address_id, address, address2, district, city_id, postal_code, phone, last_update) values (229, '1014 Loja Manor', null, 'Tamil Nadu', 22, null, null, '2006-02-15 04:45:30');
insert into sakila.address (address_id, address, address2, district, city_id, postal_code, phone, last_update) values (230, '201 Effon-Alaiye Way', null, 'Asuncin', 37, null, null, '2006-02-15 04:45:30');
insert into sakila.address (address_id, address, address2, district, city_id, postal_code, phone, last_update) values (231, '430 Alessandria Loop', null, 'Saarland', 439, null, null, '2006-02-15 04:45:30');
insert into sakila.address (address_id, address, address2, district, city_id, postal_code, phone, last_update) values (234, '1256 Bislig Boulevard', null, 'Botosani', 86, null, null, '2006-02-15 04:45:30');
insert into sakila.address (address_id, address, address2, district, city_id, postal_code, phone, last_update) values (235, '954 Kimchon Place', null, 'West Bengali', 559, null, null, '2006-02-15 04:45:30');
insert into sakila.address (address_id, address, address2, district, city_id, postal_code, phone, last_update) values (237, '1736 Cavite Place', null, 'Qina', 216, null, null, '2006-02-15 04:45:30');
insert into sakila.address (address_id, address, address2, district, city_id, postal_code, phone, last_update) values (238, '346 Skikda Parkway', null, 'Hawalli', 233, null, null, '2006-02-15 04:45:30');
insert into sakila.address (address_id, address, address2, district, city_id, postal_code, phone, last_update) values (239, '98 Stara Zagora Boulevard', null, 'Valle', 96, null, null, '2006-02-15 04:45:30');
insert into sakila.address (address_id, address, address2, district, city_id, postal_code, phone, last_update) values (240, '1479 Rustenburg Boulevard', null, 'Southern Tagalog', 527, null, null, '2006-02-15 04:45:30');
insert into sakila.address (address_id, address, address2, district, city_id, postal_code, phone, last_update) values (241, '647 A Corua (La Corua) Street', null, 'Chollanam', 357, null, null, '2006-02-15 04:45:30');
insert into sakila.address (address_id, address, address2, district, city_id, postal_code, phone, last_update) values (242, '1964 Gijn Manor', null, 'Karnataka', 473, null, null, '2006-02-15 04:45:30');
insert into sakila.address (address_id, address, address2, district, city_id, postal_code, phone, last_update) values (244, '1148 Saarbrcken Parkway', null, 'Fukushima', 226, null, null, '2006-02-15 04:45:30');
insert into sakila.address (address_id, address, address2, district, city_id, postal_code, phone, last_update) values (245, '1103 Bilbays Parkway', null, 'Hubei', 578, null, null, '2006-02-15 04:45:30');
insert into sakila.address (address_id, address, address2, district, city_id, postal_code, phone, last_update) values (246, '1246 Boksburg Parkway', null, 'Hebei', 422, null, null, '2006-02-15 04:45:30');
insert into sakila.address (address_id, address, address2, district, city_id, postal_code, phone, last_update) values (248, '582 Papeete Loop', null, 'Central Visayas', 294, null, null, '2006-02-15 04:45:30');
insert into sakila.address (address_id, address, address2, district, city_id, postal_code, phone, last_update) values (249, '300 Junan Street', null, 'Kyonggi', 553, null, null, '2006-02-15 04:45:30');
insert into sakila.address (address_id, address, address2, district, city_id, postal_code, phone, last_update) values (250, '829 Grand Prairie Way', null, 'Paran', 328, null, null, '2006-02-15 04:45:30');
insert into sakila.address (address_id, address, address2, district, city_id, postal_code, phone, last_update) values (251, '1473 Changhwa Parkway', null, 'Mxico', 124, null, null, '2006-02-15 04:45:30');
insert into sakila.address (address_id, address, address2, district, city_id, postal_code, phone, last_update) values (252, '1309 Weifang Street', null, 'Florida', 520, null, null, '2006-02-15 04:45:30');
insert into sakila.address (address_id, address, address2, district, city_id, postal_code, phone, last_update) values (253, '1760 Oshawa Manor', null, 'Tianjin', 535, null, null, '2006-02-15 04:45:30');
insert into sakila.address (address_id, address, address2, district, city_id, postal_code, phone, last_update) values (254, '786 Stara Zagora Way', null, 'Oyo & Osun', 390, null, null, '2006-02-15 04:45:30');
insert into sakila.address (address_id, address, address2, district, city_id, postal_code, phone, last_update) values (256, '1497 Yuzhou Drive', null, 'England', 312, null, null, '2006-02-15 04:45:30');
insert into sakila.address (address_id, address, address2, district, city_id, postal_code, phone, last_update) values (259, '1338 Zalantun Lane', null, 'Minas Gerais', 413, null, null, '2006-02-15 04:45:30');
insert into sakila.address (address_id, address, address2, district, city_id, postal_code, phone, last_update) values (261, '51 Laredo Avenue', null, 'Sagaing', 342, null, null, '2006-02-15 04:45:30');
insert into sakila.address (address_id, address, address2, district, city_id, postal_code, phone, last_update) values (262, '771 Yaound Manor', null, 'Sofala', 64, null, null, '2006-02-15 04:45:30');
insert into sakila.address (address_id, address, address2, district, city_id, postal_code, phone, last_update) values (263, '532 Toulon Street', null, 'Santiago', 460, null, null, '2006-02-15 04:45:30');
insert into sakila.address (address_id, address, address2, district, city_id, postal_code, phone, last_update) values (264, '1027 Banjul Place', null, 'West Bengali', 197, null, null, '2006-02-15 04:45:30');
insert into sakila.address (address_id, address, address2, district, city_id, postal_code, phone, last_update) values (269, '446 Kirovo-Tepetsk Lane', null, 'Osaka', 203, null, null, '2006-02-15 04:45:30');
insert into sakila.address (address_id, address, address2, district, city_id, postal_code, phone, last_update) values (270, '682 Halisahar Place', null, 'Severn Morava', 378, null, null, '2006-02-15 04:45:30');
insert into sakila.address (address_id, address, address2, district, city_id, postal_code, phone, last_update) values (271, '1587 Loja Manor', null, 'Salzburg', 447, null, null, '2006-02-15 04:45:30');
insert into sakila.address (address_id, address, address2, district, city_id, postal_code, phone, last_update) values (272, '1762 Paarl Parkway', null, 'Hunan', 298, null, null, '2006-02-15 04:45:30');
insert into sakila.address (address_id, address, address2, district, city_id, postal_code, phone, last_update) values (273, '1519 Ilorin Place', null, 'Kerala', 395, null, null, '2006-02-15 04:45:30');
insert into sakila.address (address_id, address, address2, district, city_id, postal_code, phone, last_update) values (274, '920 Kumbakonam Loop', null, 'California', 446, null, null, '2006-02-15 04:45:30');
insert into sakila.address (address_id, address, address2, district, city_id, postal_code, phone, last_update) values (276, '1675 Xiangfan Manor', null, 'Tamil Nadu', 283, null, null, '2006-02-15 04:45:30');
insert into sakila.address (address_id, address, address2, district, city_id, postal_code, phone, last_update) values (277, '85 San Felipe de Puerto Plata Drive', null, 'Shandong', 584, null, null, '2006-02-15 04:45:30');
insert into sakila.address (address_id, address, address2, district, city_id, postal_code, phone, last_update) values (278, '144 South Hill Loop', null, 'Guanajuato', 445, null, null, '2006-02-15 04:45:30');
insert into sakila.address (address_id, address, address2, district, city_id, postal_code, phone, last_update) values (280, '1980 Kamjanets-Podilskyi Street', null, 'Illinois', 404, null, null, '2006-02-15 04:45:30');
insert into sakila.address (address_id, address, address2, district, city_id, postal_code, phone, last_update) values (281, '1944 Bamenda Way', null, 'Michigan', 573, null, null, '2006-02-15 04:45:30');
insert into sakila.address (address_id, address, address2, district, city_id, postal_code, phone, last_update) values (282, '556 Baybay Manor', null, 'Oyo & Osun', 374, null, null, '2006-02-15 04:45:30');
insert into sakila.address (address_id, address, address2, district, city_id, postal_code, phone, last_update) values (283, '457 Tongliao Loop', null, 'Bursa', 222, null, null, '2006-02-15 04:45:30');
insert into sakila.address (address_id, address, address2, district, city_id, postal_code, phone, last_update) values (284, '600 Bradford Street', null, 'East Azerbaidzan', 514, null, null, '2006-02-15 04:45:30');
insert into sakila.address (address_id, address, address2, district, city_id, postal_code, phone, last_update) values (285, '1006 Santa Brbara dOeste Manor', null, 'Ondo & Ekiti', 389, null, null, '2006-02-15 04:45:30');
insert into sakila.address (address_id, address, address2, district, city_id, postal_code, phone, last_update) values (286, '1308 Sumy Loop', null, 'Fujian', 175, null, null, '2006-02-15 04:45:30');
insert into sakila.address (address_id, address, address2, district, city_id, postal_code, phone, last_update) values (287, '1405 Chisinau Place', null, 'Ponce', 411, null, null, '2006-02-15 04:45:30');
insert into sakila.address (address_id, address, address2, district, city_id, postal_code, phone, last_update) values (288, '226 Halifax Street', null, 'Xinxiang', 277, null, null, '2006-02-15 04:45:30');
insert into sakila.address (address_id, address, address2, district, city_id, postal_code, phone, last_update) values (289, '1279 Udine Parkway', null, 'Edo & Delta', 69, null, null, '2006-02-15 04:45:30');
insert into sakila.address (address_id, address, address2, district, city_id, postal_code, phone, last_update) values (290, '1336 Benin City Drive', null, 'Shiga', 386, null, null, '2006-02-15 04:45:30');
insert into sakila.address (address_id, address, address2, district, city_id, postal_code, phone, last_update) values (291, '1155 Liaocheng Place', null, 'Oyo & Osun', 152, null, null, '2006-02-15 04:45:30');
insert into sakila.address (address_id, address, address2, district, city_id, postal_code, phone, last_update) values (292, '1993 Tabuk Lane', null, 'Tamil Nadu', 522, null, null, '2006-02-15 04:45:30');
insert into sakila.address (address_id, address, address2, district, city_id, postal_code, phone, last_update) values (294, '1912 Allende Manor', null, 'Kowloon and New Kowl', 279, null, null, '2006-02-15 04:45:30');
insert into sakila.address (address_id, address, address2, district, city_id, postal_code, phone, last_update) values (295, '544 Tarsus Boulevard', null, 'Gurico', 562, null, null, '2006-02-15 04:45:30');
insert into sakila.address (address_id, address, address2, district, city_id, postal_code, phone, last_update) values (296, '1936 Cuman Avenue', null, 'Virginia', 433, null, null, '2006-02-15 04:45:30');
insert into sakila.address (address_id, address, address2, district, city_id, postal_code, phone, last_update) values (297, '1192 Tongliao Street', null, 'Sharja', 470, null, null, '2006-02-15 04:45:30');
insert into sakila.address (address_id, address, address2, district, city_id, postal_code, phone, last_update) values (299, '32 Pudukkottai Lane', null, 'Ohio', 140, null, null, '2006-02-15 04:45:30');
insert into sakila.address (address_id, address, address2, district, city_id, postal_code, phone, last_update) values (300, '661 Chisinau Lane', null, 'Pietari', 274, null, null, '2006-02-15 04:45:30');
insert into sakila.address (address_id, address, address2, district, city_id, postal_code, phone, last_update) values (301, '951 Stara Zagora Manor', null, 'Punjab', 400, null, null, '2006-02-15 04:45:30');
insert into sakila.address (address_id, address, address2, district, city_id, postal_code, phone, last_update) values (303, '898 Jining Lane', null, 'Pohjois-Pohjanmaa', 387, null, null, '2006-02-15 04:45:30');
insert into sakila.address (address_id, address, address2, district, city_id, postal_code, phone, last_update) values (304, '1635 Kuwana Boulevard', null, 'Hiroshima', 205, null, null, '2006-02-15 04:45:30');
insert into sakila.address (address_id, address, address2, district, city_id, postal_code, phone, last_update) values (306, '1883 Maikop Lane', null, 'Kaliningrad', 254, null, null, '2006-02-15 04:45:30');
insert into sakila.address (address_id, address, address2, district, city_id, postal_code, phone, last_update) values (307, '1908 Gaziantep Place', null, 'Liaoning', 536, null, null, '2006-02-15 04:45:30');
insert into sakila.address (address_id, address, address2, district, city_id, postal_code, phone, last_update) values (308, '687 Alessandria Parkway', null, 'Sanaa', 455, null, null, '2006-02-15 04:45:30');
insert into sakila.address (address_id, address, address2, district, city_id, postal_code, phone, last_update) values (309, '827 Yuncheng Drive', null, 'Callao', 99, null, null, '2006-02-15 04:45:30');
insert into sakila.address (address_id, address, address2, district, city_id, postal_code, phone, last_update) values (311, '715 So Bernardo do Campo Lane', null, 'Kedah', 507, null, null, '2006-02-15 04:45:30');
insert into sakila.address (address_id, address, address2, district, city_id, postal_code, phone, last_update) values (312, '1354 Siegen Street', null, 'Rio de Janeiro', 25, null, null, '2006-02-15 04:45:30');
insert into sakila.address (address_id, address, address2, district, city_id, postal_code, phone, last_update) values (313, '1191 Sungai Petani Boulevard', null, 'Missouri', 262, null, null, '2006-02-15 04:45:30');
insert into sakila.address (address_id, address, address2, district, city_id, postal_code, phone, last_update) values (314, '1224 Huejutla de Reyes Boulevard', null, 'Lombardia', 91, null, null, '2006-02-15 04:45:30');
insert into sakila.address (address_id, address, address2, district, city_id, postal_code, phone, last_update) values (315, '543 Bergamo Avenue', null, 'Minas Gerais', 215, null, null, '2006-02-15 04:45:30');
insert into sakila.address (address_id, address, address2, district, city_id, postal_code, phone, last_update) values (316, '746 Joliet Lane', null, 'Kursk', 286, null, null, '2006-02-15 04:45:30');
insert into sakila.address (address_id, address, address2, district, city_id, postal_code, phone, last_update) values (317, '780 Kimberley Way', null, 'Tabuk', 515, null, null, '2006-02-15 04:45:30');
insert into sakila.address (address_id, address, address2, district, city_id, postal_code, phone, last_update) values (319, '1957 Yantai Lane', null, 'So Paulo', 490, null, null, '2006-02-15 04:45:30');
insert into sakila.address (address_id, address, address2, district, city_id, postal_code, phone, last_update) values (321, '651 Pathankot Loop', null, 'Maharashtra', 336, null, null, '2006-02-15 04:45:30');
insert into sakila.address (address_id, address, address2, district, city_id, postal_code, phone, last_update) values (324, '1145 Vilnius Manor', null, 'Mxico', 451, null, null, '2006-02-15 04:45:30');
insert into sakila.address (address_id, address, address2, district, city_id, postal_code, phone, last_update) values (327, '1427 A Corua (La Corua) Place', null, 'Buenos Aires', 45, null, null, '2006-02-15 04:45:30');
insert into sakila.address (address_id, address, address2, district, city_id, postal_code, phone, last_update) values (328, '479 San Felipe del Progreso Avenue', null, 'Morelos', 130, null, null, '2006-02-15 04:45:30');
insert into sakila.address (address_id, address, address2, district, city_id, postal_code, phone, last_update) values (329, '867 Benin City Avenue', null, 'Henan', 591, null, null, '2006-02-15 04:45:30');
insert into sakila.address (address_id, address, address2, district, city_id, postal_code, phone, last_update) values (330, '981 Kumbakonam Place', null, 'Distrito Federal', 89, null, null, '2006-02-15 04:45:30');
insert into sakila.address (address_id, address, address2, district, city_id, postal_code, phone, last_update) values (331, '1016 Iwakuni Street', null, 'St George', 269, null, null, '2006-02-15 04:45:30');
insert into sakila.address (address_id, address, address2, district, city_id, postal_code, phone, last_update) values (332, '663 Baha Blanca Parkway', null, 'Adana', 5, null, null, '2006-02-15 04:45:30');
insert into sakila.address (address_id, address, address2, district, city_id, postal_code, phone, last_update) values (333, '1860 Taguig Loop', null, 'West Java', 119, null, null, '2006-02-15 04:45:30');
insert into sakila.address (address_id, address, address2, district, city_id, postal_code, phone, last_update) values (334, '1816 Bydgoszcz Loop', null, 'Dhaka', 234, null, null, '2006-02-15 04:45:30');
insert into sakila.address (address_id, address, address2, district, city_id, postal_code, phone, last_update) values (337, '1838 Tabriz Lane', null, 'Dhaka', 143, null, null, '2006-02-15 04:45:30');
insert into sakila.address (address_id, address, address2, district, city_id, postal_code, phone, last_update) values (339, '503 Sogamoso Loop', null, 'Sumqayit', 505, null, null, '2006-02-15 04:45:30');
insert into sakila.address (address_id, address, address2, district, city_id, postal_code, phone, last_update) values (340, '507 Smolensk Loop', null, 'Sousse', 492, null, null, '2006-02-15 04:45:30');
insert into sakila.address (address_id, address, address2, district, city_id, postal_code, phone, last_update) values (341, '1920 Weifang Avenue', null, 'Uttar Pradesh', 427, null, null, '2006-02-15 04:45:30');
insert into sakila.address (address_id, address, address2, district, city_id, postal_code, phone, last_update) values (344, '1909 Benguela Lane', null, 'Henan', 581, null, null, '2006-02-15 04:45:30');
insert into sakila.address (address_id, address, address2, district, city_id, postal_code, phone, last_update) values (345, '68 Ponce Parkway', null, 'Hanoi', 201, null, null, '2006-02-15 04:45:30');
insert into sakila.address (address_id, address, address2, district, city_id, postal_code, phone, last_update) values (346, '1217 Konotop Avenue', null, 'Gelderland', 151, null, null, '2006-02-15 04:45:30');
insert into sakila.address (address_id, address, address2, district, city_id, postal_code, phone, last_update) values (347, '1293 Nam Dinh Way', null, 'Roraima', 84, null, null, '2006-02-15 04:45:30');
insert into sakila.address (address_id, address, address2, district, city_id, postal_code, phone, last_update) values (349, '1516 Escobar Drive', null, 'Tongatapu', 370, null, null, '2006-02-15 04:45:30');
insert into sakila.address (address_id, address, address2, district, city_id, postal_code, phone, last_update) values (350, '1628 Nagareyama Lane', null, 'Central', 453, null, null, '2006-02-15 04:45:30');
insert into sakila.address (address_id, address, address2, district, city_id, postal_code, phone, last_update) values (351, '1157 Nyeri Loop', null, 'Adygea', 320, null, null, '2006-02-15 04:45:30');
insert into sakila.address (address_id, address, address2, district, city_id, postal_code, phone, last_update) values (352, '1673 Tangail Drive', null, 'Daugavpils', 137, null, null, '2006-02-15 04:45:30');
insert into sakila.address (address_id, address, address2, district, city_id, postal_code, phone, last_update) values (353, '381 Kabul Way', null, 'Taipei', 209, null, null, '2006-02-15 04:45:30');
insert into sakila.address (address_id, address, address2, district, city_id, postal_code, phone, last_update) values (354, '953 Hodeida Street', null, 'Southern Tagalog', 221, null, null, '2006-02-15 04:45:30');
insert into sakila.address (address_id, address, address2, district, city_id, postal_code, phone, last_update) values (355, '469 Nakhon Sawan Street', null, 'Tuvassia', 531, null, null, '2006-02-15 04:45:30');
insert into sakila.address (address_id, address, address2, district, city_id, postal_code, phone, last_update) values (356, '1378 Beira Loop', null, 'Krasnojarsk', 597, null, null, '2006-02-15 04:45:30');
insert into sakila.address (address_id, address, address2, district, city_id, postal_code, phone, last_update) values (357, '1641 Changhwa Place', null, 'Nord-Ouest', 52, null, null, '2006-02-15 04:45:30');
insert into sakila.address (address_id, address, address2, district, city_id, postal_code, phone, last_update) values (358, '1698 Southport Loop', null, 'Hidalgo', 393, null, null, '2006-02-15 04:45:30');
insert into sakila.address (address_id, address, address2, district, city_id, postal_code, phone, last_update) values (359, '519 Nyeri Manor', null, 'So Paulo', 461, null, null, '2006-02-15 04:45:30');
insert into sakila.address (address_id, address, address2, district, city_id, postal_code, phone, last_update) values (362, '482 Kowloon and New Kowloon Manor', null, 'Bratislava', 90, null, null, '2006-02-15 04:45:30');
insert into sakila.address (address_id, address, address2, district, city_id, postal_code, phone, last_update) values (364, '1623 Kingstown Drive', null, 'Buenos Aires', 20, null, null, '2006-02-15 04:45:30');
insert into sakila.address (address_id, address, address2, district, city_id, postal_code, phone, last_update) values (365, '1009 Zanzibar Lane', null, 'Arecibo', 32, null, null, '2006-02-15 04:45:30');
insert into sakila.address (address_id, address, address2, district, city_id, postal_code, phone, last_update) values (367, '1163 London Parkway', null, 'Par', 66, null, null, '2006-02-15 04:45:30');
insert into sakila.address (address_id, address, address2, district, city_id, postal_code, phone, last_update) values (369, '817 Laredo Avenue', null, 'Jalisco', 188, null, null, '2006-02-15 04:45:30');
insert into sakila.address (address_id, address, address2, district, city_id, postal_code, phone, last_update) values (370, '1565 Tangail Manor', null, 'Okinawa', 377, null, null, '2006-02-15 04:45:30');
insert into sakila.address (address_id, address, address2, district, city_id, postal_code, phone, last_update) values (371, '1912 Emeishan Drive', null, 'Balikesir', 50, null, null, '2006-02-15 04:45:30');
insert into sakila.address (address_id, address, address2, district, city_id, postal_code, phone, last_update) values (374, '433 Florencia Street', null, 'Chihuahua', 250, null, null, '2006-02-15 04:45:30');
insert into sakila.address (address_id, address, address2, district, city_id, postal_code, phone, last_update) values (376, '1061 Ede Avenue', null, 'Southern Tagalog', 98, null, null, '2006-02-15 04:45:30');
insert into sakila.address (address_id, address, address2, district, city_id, postal_code, phone, last_update) values (378, '1191 Tandil Drive', null, 'Southern Tagalog', 523, null, null, '2006-02-15 04:45:30');
insert into sakila.address (address_id, address, address2, district, city_id, postal_code, phone, last_update) values (379, '1133 Rizhao Avenue', null, 'Pernambuco', 572, null, null, '2006-02-15 04:45:30');
insert into sakila.address (address_id, address, address2, district, city_id, postal_code, phone, last_update) values (380, '1519 Santiago de los Caballeros Loop', null, 'East Kasai', 348, null, null, '2006-02-15 04:45:30');
insert into sakila.address (address_id, address, address2, district, city_id, postal_code, phone, last_update) values (381, '1618 Olomouc Manor', null, 'Kurgan', 285, null, null, '2006-02-15 04:45:30');
insert into sakila.address (address_id, address, address2, district, city_id, postal_code, phone, last_update) values (382, '220 Hidalgo Drive', null, 'Kermanshah', 265, null, null, '2006-02-15 04:45:30');
insert into sakila.address (address_id, address, address2, district, city_id, postal_code, phone, last_update) values (383, '686 Donostia-San Sebastin Lane', null, 'Guangdong', 471, null, null, '2006-02-15 04:45:30');
insert into sakila.address (address_id, address, address2, district, city_id, postal_code, phone, last_update) values (384, '97 Mogiljov Lane', null, 'Gujarat', 73, null, null, '2006-02-15 04:45:30');
insert into sakila.address (address_id, address, address2, district, city_id, postal_code, phone, last_update) values (385, '1642 Charlotte Amalie Drive', null, 'Slaskie', 549, null, null, '2006-02-15 04:45:30');
insert into sakila.address (address_id, address, address2, district, city_id, postal_code, phone, last_update) values (386, '1368 Maracabo Boulevard', null, null, 493, null, null, '2006-02-15 04:45:30');
insert into sakila.address (address_id, address, address2, district, city_id, postal_code, phone, last_update) values (387, '401 Sucre Boulevard', null, 'New Hampshire', 322, null, null, '2006-02-15 04:45:30');
insert into sakila.address (address_id, address, address2, district, city_id, postal_code, phone, last_update) values (390, '102 Chapra Drive', null, 'Ibaragi', 521, null, null, '2006-02-15 04:45:30');
insert into sakila.address (address_id, address, address2, district, city_id, postal_code, phone, last_update) values (391, '1793 Meixian Place', null, 'Hmelnytskyi', 258, null, null, '2006-02-15 04:45:30');
insert into sakila.address (address_id, address, address2, district, city_id, postal_code, phone, last_update) values (392, '514 Ife Way', null, 'Shaba', 315, null, null, '2006-02-15 04:45:30');
insert into sakila.address (address_id, address, address2, district, city_id, postal_code, phone, last_update) values (393, '717 Changzhou Lane', null, 'Southern Tagalog', 104, null, null, '2006-02-15 04:45:30');
insert into sakila.address (address_id, address, address2, district, city_id, postal_code, phone, last_update) values (395, '1337 Mit Ghamr Avenue', null, 'Nakhon Sawan', 358, null, null, '2006-02-15 04:45:30');
insert into sakila.address (address_id, address, address2, district, city_id, postal_code, phone, last_update) values (397, '614 Pak Kret Street', null, 'Addis Abeba', 6, null, null, '2006-02-15 04:45:30');
insert into sakila.address (address_id, address, address2, district, city_id, postal_code, phone, last_update) values (398, '954 Lapu-Lapu Way', null, 'Moskova', 278, null, null, '2006-02-15 04:45:30');
insert into sakila.address (address_id, address, address2, district, city_id, postal_code, phone, last_update) values (399, '331 Bydgoszcz Parkway', null, 'Asturia', 181, null, null, '2006-02-15 04:45:30');
insert into sakila.address (address_id, address, address2, district, city_id, postal_code, phone, last_update) values (400, '1152 Citrus Heights Manor', null, 'al-Qadarif', 15, null, null, '2006-02-15 04:45:30');
insert into sakila.address (address_id, address, address2, district, city_id, postal_code, phone, last_update) values (401, '168 Cianjur Manor', null, 'Saitama', 228, null, null, '2006-02-15 04:45:30');
insert into sakila.address (address_id, address, address2, district, city_id, postal_code, phone, last_update) values (402, '616 Hagonoy Avenue', null, 'Krasnojarsk', 39, null, null, '2006-02-15 04:45:30');
insert into sakila.address (address_id, address, address2, district, city_id, postal_code, phone, last_update) values (403, '1190 0 Place', null, 'Rio Grande do Sul', 44, null, null, '2006-02-15 04:45:30');
insert into sakila.address (address_id, address, address2, district, city_id, postal_code, phone, last_update) values (405, '530 Lausanne Lane', null, 'Texas', 135, null, null, '2006-02-15 04:45:30');
insert into sakila.address (address_id, address, address2, district, city_id, postal_code, phone, last_update) values (408, '990 Etawah Loop', null, 'Tamil Nadu', 564, null, null, '2006-02-15 04:45:30');
insert into sakila.address (address_id, address, address2, district, city_id, postal_code, phone, last_update) values (409, '1266 Laredo Parkway', null, 'Saitama', 380, null, null, '2006-02-15 04:45:30');
insert into sakila.address (address_id, address, address2, district, city_id, postal_code, phone, last_update) values (410, '88 Nagaon Manor', null, 'Buenos Aires', 524, null, null, '2006-02-15 04:45:30');
insert into sakila.address (address_id, address, address2, district, city_id, postal_code, phone, last_update) values (411, '264 Bhimavaram Manor', null, 'St Thomas', 111, null, null, '2006-02-15 04:45:30');
insert into sakila.address (address_id, address, address2, district, city_id, postal_code, phone, last_update) values (412, '1639 Saarbrcken Drive', null, 'North West', 437, null, null, '2006-02-15 04:45:30');
insert into sakila.address (address_id, address, address2, district, city_id, postal_code, phone, last_update) values (413, '692 Amroha Drive', null, 'Northern', 230, null, null, '2006-02-15 04:45:30');
insert into sakila.address (address_id, address, address2, district, city_id, postal_code, phone, last_update) values (414, '1936 Lapu-Lapu Parkway', null, 'Bauchi & Gombe', 141, null, null, '2006-02-15 04:45:30');
insert into sakila.address (address_id, address, address2, district, city_id, postal_code, phone, last_update) values (416, '1445 Carmen Parkway', null, 'West Java', 117, null, null, '2006-02-15 04:45:30');
insert into sakila.address (address_id, address, address2, district, city_id, postal_code, phone, last_update) values (417, '791 Salinas Street', null, 'Punjab', 208, null, null, '2006-02-15 04:45:30');
insert into sakila.address (address_id, address, address2, district, city_id, postal_code, phone, last_update) values (419, '397 Sunnyvale Avenue', null, 'Guanajuato', 19, null, null, '2006-02-15 04:45:30');
insert into sakila.address (address_id, address, address2, district, city_id, postal_code, phone, last_update) values (421, '966 Arecibo Loop', null, 'Sind', 134, null, null, '2006-02-15 04:45:30');
insert into sakila.address (address_id, address, address2, district, city_id, postal_code, phone, last_update) values (422, '289 Santo Andr Manor', null, 'al-Sharqiya', 16, null, null, '2006-02-15 04:45:30');
insert into sakila.address (address_id, address, address2, district, city_id, postal_code, phone, last_update) values (423, '437 Chungho Drive', null, 'Puerto Plata', 450, null, null, '2006-02-15 04:45:30');
insert into sakila.address (address_id, address, address2, district, city_id, postal_code, phone, last_update) values (428, '1727 Matamoros Place', null, 'Sawhaj', 465, null, null, '2006-02-15 04:45:30');
insert into sakila.address (address_id, address, address2, district, city_id, postal_code, phone, last_update) values (429, '1269 Botosani Manor', null, 'Guangdong', 468, null, null, '2006-02-15 04:45:30');
insert into sakila.address (address_id, address, address2, district, city_id, postal_code, phone, last_update) values (430, '355 Vitria de Santo Anto Way', null, 'Oaxaca', 452, null, null, '2006-02-15 04:45:30');
insert into sakila.address (address_id, address, address2, district, city_id, postal_code, phone, last_update) values (432, '259 Ipoh Drive', null, 'So Paulo', 189, null, null, '2006-02-15 04:45:30');
insert into sakila.address (address_id, address, address2, district, city_id, postal_code, phone, last_update) values (433, '1823 Hoshiarpur Lane', null, 'Komi', 510, null, null, '2006-02-15 04:45:30');
insert into sakila.address (address_id, address, address2, district, city_id, postal_code, phone, last_update) values (434, '1404 Taguig Drive', null, 'Okayama', 547, null, null, '2006-02-15 04:45:30');
insert into sakila.address (address_id, address, address2, district, city_id, postal_code, phone, last_update) values (436, '287 Cuautla Boulevard', null, 'Chuquisaca', 501, null, null, '2006-02-15 04:45:30');
insert into sakila.address (address_id, address, address2, district, city_id, postal_code, phone, last_update) values (438, '596 Huixquilucan Place', null, 'Nampula', 351, null, null, '2006-02-15 04:45:30');
insert into sakila.address (address_id, address, address2, district, city_id, postal_code, phone, last_update) values (440, '722 Bradford Lane', null, 'Shandong', 249, null, null, '2006-02-15 04:45:30');
insert into sakila.address (address_id, address, address2, district, city_id, postal_code, phone, last_update) values (446, '1924 Shimonoseki Drive', null, 'Batna', 59, null, null, '2006-02-15 04:45:30');
insert into sakila.address (address_id, address, address2, district, city_id, postal_code, phone, last_update) values (447, '105 Dzerzinsk Manor', null, 'Inner Mongolia', 540, null, null, '2006-02-15 04:45:30');
insert into sakila.address (address_id, address, address2, district, city_id, postal_code, phone, last_update) values (448, '614 Denizli Parkway', null, 'Rio Grande do Sul', 486, null, null, '2006-02-15 04:45:30');
insert into sakila.address (address_id, address, address2, district, city_id, postal_code, phone, last_update) values (451, '1704 Tambaram Manor', null, 'West Bengali', 554, null, null, '2006-02-15 04:45:30');
insert into sakila.address (address_id, address, address2, district, city_id, postal_code, phone, last_update) values (452, '207 Cuernavaca Loop', null, 'Tatarstan', 352, null, null, '2006-02-15 04:45:30');
insert into sakila.address (address_id, address, address2, district, city_id, postal_code, phone, last_update) values (453, '319 Springs Loop', null, 'Baijeri', 160, null, null, '2006-02-15 04:45:30');
insert into sakila.address (address_id, address, address2, district, city_id, postal_code, phone, last_update) values (455, '1947 Paarl Way', null, 'Central Java', 509, null, null, '2006-02-15 04:45:30');
insert into sakila.address (address_id, address, address2, district, city_id, postal_code, phone, last_update) values (456, '814 Simferopol Loop', null, 'Sinaloa', 154, null, null, '2006-02-15 04:45:30');
insert into sakila.address (address_id, address, address2, district, city_id, postal_code, phone, last_update) values (457, '535 Ahmadnagar Manor', null, 'Abu Dhabi', 3, null, null, '2006-02-15 04:45:30');
insert into sakila.address (address_id, address, address2, district, city_id, postal_code, phone, last_update) values (458, '138 Caracas Boulevard', null, 'Zulia', 326, null, null, '2006-02-15 04:45:30');
insert into sakila.address (address_id, address, address2, district, city_id, postal_code, phone, last_update) values (459, '251 Florencia Drive', null, 'Michoacn de Ocampo', 556, null, null, '2006-02-15 04:45:30');
insert into sakila.address (address_id, address, address2, district, city_id, postal_code, phone, last_update) values (461, '1889 Valparai Way', null, 'Ziguinchor', 600, null, null, '2006-02-15 04:45:30');
insert into sakila.address (address_id, address, address2, district, city_id, postal_code, phone, last_update) values (462, '1485 Bratislava Place', null, 'Illinois', 435, null, null, '2006-02-15 04:45:30');
insert into sakila.address (address_id, address, address2, district, city_id, postal_code, phone, last_update) values (464, '76 Kermanshah Manor', null, 'Esfahan', 423, null, null, '2006-02-15 04:45:30');
insert into sakila.address (address_id, address, address2, district, city_id, postal_code, phone, last_update) values (465, '734 Tanshui Avenue', null, 'Caquet', 170, null, null, '2006-02-15 04:45:30');
insert into sakila.address (address_id, address, address2, district, city_id, postal_code, phone, last_update) values (468, '1844 Usak Avenue', null, 'Nova Scotia', 196, null, null, '2006-02-15 04:45:30');
insert into sakila.address (address_id, address, address2, district, city_id, postal_code, phone, last_update) values (473, '1257 Guadalajara Street', null, 'Karnataka', 78, null, null, '2006-02-15 04:45:30');
insert into sakila.address (address_id, address, address2, district, city_id, postal_code, phone, last_update) values (474, '1469 Plock Lane', null, 'Galicia', 388, null, null, '2006-02-15 04:45:30');
insert into sakila.address (address_id, address, address2, district, city_id, postal_code, phone, last_update) values (475, '434 Ourense (Orense) Manor', null, 'Hodeida', 206, null, null, '2006-02-15 04:45:30');
insert into sakila.address (address_id, address, address2, district, city_id, postal_code, phone, last_update) values (478, '1078 Stara Zagora Drive', null, 'Aceh', 301, null, null, '2006-02-15 04:45:30');
insert into sakila.address (address_id, address, address2, district, city_id, postal_code, phone, last_update) values (479, '1854 Okara Boulevard', null, 'Drenthe', 158, null, null, '2006-02-15 04:45:30');
insert into sakila.address (address_id, address, address2, district, city_id, postal_code, phone, last_update) values (484, '98 Pyongyang Boulevard', null, 'Ohio', 11, null, null, '2006-02-15 04:45:30');
insert into sakila.address (address_id, address, address2, district, city_id, postal_code, phone, last_update) values (485, '984 Novoterkassk Loop', null, 'Gaziantep', 180, null, null, '2006-02-15 04:45:30');
insert into sakila.address (address_id, address, address2, district, city_id, postal_code, phone, last_update) values (486, '64 Korla Street', null, 'Mwanza', 347, null, null, '2006-02-15 04:45:30');
insert into sakila.address (address_id, address, address2, district, city_id, postal_code, phone, last_update) values (487, '1785 So Bernardo do Campo Street', null, 'Veracruz', 125, null, null, '2006-02-15 04:45:30');
insert into sakila.address (address_id, address, address2, district, city_id, postal_code, phone, last_update) values (492, '185 Mannheim Lane', null, 'Stavropol', 408, null, null, '2006-02-15 04:45:30');
insert into sakila.address (address_id, address, address2, district, city_id, postal_code, phone, last_update) values (495, '656 Matamoros Drive', null, 'Boyac', 487, null, null, '2006-02-15 04:45:30');
insert into sakila.address (address_id, address, address2, district, city_id, postal_code, phone, last_update) values (496, '775 ostka Drive', null, 'al-Daqahliya', 337, null, null, '2006-02-15 04:45:30');
insert into sakila.address (address_id, address, address2, district, city_id, postal_code, phone, last_update) values (497, '1013 Tabuk Boulevard', null, 'West Bengali', 261, null, null, '2006-02-15 04:45:30');
insert into sakila.address (address_id, address, address2, district, city_id, postal_code, phone, last_update) values (498, '319 Plock Parkway', null, 'Istanbul', 504, null, null, '2006-02-15 04:45:30');
insert into sakila.address (address_id, address, address2, district, city_id, postal_code, phone, last_update) values (499, '1954 Kowloon and New Kowloon Way', null, 'Chimborazo', 434, null, null, '2006-02-15 04:45:30');
insert into sakila.address (address_id, address, address2, district, city_id, postal_code, phone, last_update) values (502, '1515 Korla Way', null, 'England', 589, null, null, '2006-02-15 04:45:30');
insert into sakila.address (address_id, address, address2, district, city_id, postal_code, phone, last_update) values (503, '1416 San Juan Bautista Tuxtepec Avenue', null, 'Zufar', 444, null, null, '2006-02-15 04:45:30');
insert into sakila.address (address_id, address, address2, district, city_id, postal_code, phone, last_update) values (504, '1 Valle de Santiago Avenue', null, 'Apulia', 93, null, null, '2006-02-15 04:45:30');
insert into sakila.address (address_id, address, address2, district, city_id, postal_code, phone, last_update) values (505, '519 Brescia Parkway', null, 'East Java', 318, null, null, '2006-02-15 04:45:30');
insert into sakila.address (address_id, address, address2, district, city_id, postal_code, phone, last_update) values (506, '414 Mandaluyong Street', null, 'Lubelskie', 314, null, null, '2006-02-15 04:45:30');
insert into sakila.address (address_id, address, address2, district, city_id, postal_code, phone, last_update) values (509, '786 Matsue Way', null, 'Illinois', 245, null, null, '2006-02-15 04:45:30');
insert into sakila.address (address_id, address, address2, district, city_id, postal_code, phone, last_update) values (510, '48 Maracabo Place', null, 'Central Luzon', 519, null, null, '2006-02-15 04:45:30');
insert into sakila.address (address_id, address, address2, district, city_id, postal_code, phone, last_update) values (513, '758 Korolev Parkway', null, 'Andhra Pradesh', 568, null, null, '2006-02-15 04:45:30');
insert into sakila.address (address_id, address, address2, district, city_id, postal_code, phone, last_update) values (514, '1747 Rustenburg Place', null, 'Bihar', 110, null, null, '2006-02-15 04:45:30');
insert into sakila.address (address_id, address, address2, district, city_id, postal_code, phone, last_update) values (515, '886 Tonghae Place', null, 'Volgograd', 259, null, null, '2006-02-15 04:45:30');
insert into sakila.address (address_id, address, address2, district, city_id, postal_code, phone, last_update) values (519, '962 Tama Loop', null, null, 583, null, null, '2006-02-15 04:45:30');
insert into sakila.address (address_id, address, address2, district, city_id, postal_code, phone, last_update) values (520, '1778 Gijn Manor', null, 'Hubei', 594, null, null, '2006-02-15 04:45:30');
insert into sakila.address (address_id, address, address2, district, city_id, postal_code, phone, last_update) values (521, '568 Dhule (Dhulia) Loop', null, 'Coquimbo', 127, null, null, '2006-02-15 04:45:30');
insert into sakila.address (address_id, address, address2, district, city_id, postal_code, phone, last_update) values (522, '1768 Udine Loop', null, 'Battambang', 60, null, null, '2006-02-15 04:45:30');
insert into sakila.address (address_id, address, address2, district, city_id, postal_code, phone, last_update) values (523, '608 Birgunj Parkway', null, 'Taipei', 116, null, null, '2006-02-15 04:45:30');
insert into sakila.address (address_id, address, address2, district, city_id, postal_code, phone, last_update) values (524, '680 A Corua (La Corua) Manor', null, 'Sivas', 482, null, null, '2006-02-15 04:45:30');
insert into sakila.address (address_id, address, address2, district, city_id, postal_code, phone, last_update) values (526, '617 Klerksdorp Place', null, 'Khanh Hoa', 366, null, null, '2006-02-15 04:45:30');
insert into sakila.address (address_id, address, address2, district, city_id, postal_code, phone, last_update) values (528, '1176 Southend-on-Sea Manor', null, 'Southern Tagalog', 458, null, null, '2006-02-15 04:45:30');
insert into sakila.address (address_id, address, address2, district, city_id, postal_code, phone, last_update) values (529, '600 Purnea (Purnia) Avenue', null, 'Nghe An', 571, null, null, '2006-02-15 04:45:30');
insert into sakila.address (address_id, address, address2, district, city_id, postal_code, phone, last_update) values (531, '1986 Sivas Place', null, 'Friuli-Venezia Giuli', 551, null, null, '2006-02-15 04:45:30');
insert into sakila.address (address_id, address, address2, district, city_id, postal_code, phone, last_update) values (532, '1427 Tabuk Place', null, 'Florida', 101, null, null, '2006-02-15 04:45:30');
insert into sakila.address (address_id, address, address2, district, city_id, postal_code, phone, last_update) values (533, '556 Asuncin Way', null, 'Mogiljov', 339, null, null, '2006-02-15 04:45:30');
insert into sakila.address (address_id, address, address2, district, city_id, postal_code, phone, last_update) values (534, '486 Ondo Parkway', null, 'Benguela', 67, null, null, '2006-02-15 04:45:30');
insert into sakila.address (address_id, address, address2, district, city_id, postal_code, phone, last_update) values (535, '635 Brest Manor', null, 'Andhra Pradesh', 75, null, null, '2006-02-15 04:45:30');
insert into sakila.address (address_id, address, address2, district, city_id, postal_code, phone, last_update) values (536, '166 Jinchang Street', null, 'Buenos Aires', 165, null, null, '2006-02-15 04:45:30');
insert into sakila.address (address_id, address, address2, district, city_id, postal_code, phone, last_update) values (537, '958 Sagamihara Lane', null, 'Mie', 287, null, null, '2006-02-15 04:45:30');
insert into sakila.address (address_id, address, address2, district, city_id, postal_code, phone, last_update) values (538, '1817 Livorno Way', null, 'Khanh Hoa', 100, null, null, '2006-02-15 04:45:30');
insert into sakila.address (address_id, address, address2, district, city_id, postal_code, phone, last_update) values (539, '1332 Gaziantep Lane', null, 'Shandong', 80, null, null, '2006-02-15 04:45:30');
insert into sakila.address (address_id, address, address2, district, city_id, postal_code, phone, last_update) values (540, '949 Allende Lane', null, 'Uttar Pradesh', 24, null, null, '2006-02-15 04:45:30');
insert into sakila.address (address_id, address, address2, district, city_id, postal_code, phone, last_update) values (541, '195 Ilorin Street', null, 'Chari-Baguirmi', 363, null, null, '2006-02-15 04:45:30');
insert into sakila.address (address_id, address, address2, district, city_id, postal_code, phone, last_update) values (542, '193 Bhusawal Place', null, 'Kang-won', 539, null, null, '2006-02-15 04:45:30');
insert into sakila.address (address_id, address, address2, district, city_id, postal_code, phone, last_update) values (543, '43 Vilnius Manor', null, 'Colorado', 42, null, null, '2006-02-15 04:45:30');
insert into sakila.address (address_id, address, address2, district, city_id, postal_code, phone, last_update) values (544, '183 Haiphong Street', null, 'Jilin', 46, null, null, '2006-02-15 04:45:30');
insert into sakila.address (address_id, address, address2, district, city_id, postal_code, phone, last_update) values (546, '191 Jos Azueta Parkway', null, 'Ruse', 436, null, null, '2006-02-15 04:45:30');
insert into sakila.address (address_id, address, address2, district, city_id, postal_code, phone, last_update) values (547, '379 Lublin Parkway', null, 'Toscana', 309, null, null, '2006-02-15 04:45:30');
insert into sakila.address (address_id, address, address2, district, city_id, postal_code, phone, last_update) values (548, '1658 Cuman Loop', null, 'Sumatera Selatan', 396, null, null, '2006-02-15 04:45:30');
insert into sakila.address (address_id, address, address2, district, city_id, postal_code, phone, last_update) values (549, '454 Qinhuangdao Drive', null, 'Tadla-Azilal', 68, null, null, '2006-02-15 04:45:30');
insert into sakila.address (address_id, address, address2, district, city_id, postal_code, phone, last_update) values (553, '1421 Quilmes Lane', null, 'Ishikawa', 260, null, null, '2006-02-15 04:45:30');
insert into sakila.address (address_id, address, address2, district, city_id, postal_code, phone, last_update) values (554, '947 Trshavn Place', null, 'Central Luzon', 528, null, null, '2006-02-15 04:45:30');
insert into sakila.address (address_id, address, address2, district, city_id, postal_code, phone, last_update) values (556, '346 Cam Ranh Avenue', null, 'Zhejiang', 599, null, null, '2006-02-15 04:45:30');
insert into sakila.address (address_id, address, address2, district, city_id, postal_code, phone, last_update) values (557, '1407 Pachuca de Soto Place', null, 'Rio Grande do Sul', 21, null, null, '2006-02-15 04:45:30');
insert into sakila.address (address_id, address, address2, district, city_id, postal_code, phone, last_update) values (558, '904 Clarksville Drive', null, 'Zhejiang', 193, null, null, '2006-02-15 04:45:30');
insert into sakila.address (address_id, address, address2, district, city_id, postal_code, phone, last_update) values (559, '1917 Kumbakonam Parkway', null, 'Vojvodina', 368, null, null, '2006-02-15 04:45:30');
insert into sakila.address (address_id, address, address2, district, city_id, postal_code, phone, last_update) values (560, '1447 Imus Place', null, 'Gujarat', 426, null, null, '2006-02-15 04:45:30');
insert into sakila.address (address_id, address, address2, district, city_id, postal_code, phone, last_update) values (562, '869 Shikarpur Way', null, 'England', 496, null, null, '2006-02-15 04:45:30');
insert into sakila.address (address_id, address, address2, district, city_id, postal_code, phone, last_update) values (563, '1059 Yuncheng Avenue', null, 'Vilna', 570, null, null, '2006-02-15 04:45:30');
insert into sakila.address (address_id, address, address2, district, city_id, postal_code, phone, last_update) values (564, '505 Madiun Boulevard', null, 'Dolnoslaskie', 577, null, null, '2006-02-15 04:45:30');
insert into sakila.address (address_id, address, address2, district, city_id, postal_code, phone, last_update) values (565, '1741 Hoshiarpur Boulevard', null, 'al-Sharqiya', 79, null, null, '2006-02-15 04:45:30');
insert into sakila.address (address_id, address, address2, district, city_id, postal_code, phone, last_update) values (566, '1229 Varanasi (Benares) Manor', null, 'Buenos Aires', 43, null, null, '2006-02-15 04:45:30');
insert into sakila.address (address_id, address, address2, district, city_id, postal_code, phone, last_update) values (567, '1894 Boa Vista Way', null, 'Texas', 178, null, null, '2006-02-15 04:45:30');
insert into sakila.address (address_id, address, address2, district, city_id, postal_code, phone, last_update) values (568, '1342 Sharja Way', null, 'Sokoto & Kebbi & Zam', 488, null, null, '2006-02-15 04:45:30');
insert into sakila.address (address_id, address, address2, district, city_id, postal_code, phone, last_update) values (569, '1342 Abha Boulevard', null, 'Bukarest', 95, null, null, '2006-02-15 04:45:30');
insert into sakila.address (address_id, address, address2, district, city_id, postal_code, phone, last_update) values (571, '1746 Faaa Way', null, 'Huanuco', 214, null, null, '2006-02-15 04:45:30');
insert into sakila.address (address_id, address, address2, district, city_id, postal_code, phone, last_update) values (573, '1407 Surakarta Manor', null, 'Moskova', 466, null, null, '2006-02-15 04:45:30');
insert into sakila.address (address_id, address, address2, district, city_id, postal_code, phone, last_update) values (575, '1052 Pathankot Avenue', null, 'Sichuan', 299, null, null, '2006-02-15 04:45:30');
insert into sakila.address (address_id, address, address2, district, city_id, postal_code, phone, last_update) values (577, '1501 Pangkal Pinang Avenue', null, 'Mazowieckie', 409, null, null, '2006-02-15 04:45:30');
insert into sakila.address (address_id, address, address2, district, city_id, postal_code, phone, last_update) values (578, '1405 Hagonoy Avenue', null, 'Slaskie', 133, null, null, '2006-02-15 04:45:30');
insert into sakila.address (address_id, address, address2, district, city_id, postal_code, phone, last_update) values (579, '521 San Juan Bautista Tuxtepec Place', null, 'Qaraghandy', 598, null, null, '2006-02-15 04:45:30');
insert into sakila.address (address_id, address, address2, district, city_id, postal_code, phone, last_update) values (580, '923 Tangail Boulevard', null, 'Tokyo-to', 10, null, null, '2006-02-15 04:45:30');
insert into sakila.address (address_id, address, address2, district, city_id, postal_code, phone, last_update) values (581, '186 Skikda Lane', null, 'Morelos', 131, null, null, '2006-02-15 04:45:30');
insert into sakila.address (address_id, address, address2, district, city_id, postal_code, phone, last_update) values (582, '1568 Celaya Parkway', null, 'Kaohsiung', 168, null, null, '2006-02-15 04:45:30');
insert into sakila.address (address_id, address, address2, district, city_id, postal_code, phone, last_update) values (583, '1489 Kakamigahara Lane', null, 'Taipei', 526, null, null, '2006-02-15 04:45:30');
insert into sakila.address (address_id, address, address2, district, city_id, postal_code, phone, last_update) values (584, '1819 Alessandria Loop', null, 'Campeche', 103, null, null, '2006-02-15 04:45:30');
insert into sakila.address (address_id, address, address2, district, city_id, postal_code, phone, last_update) values (585, '1208 Tama Loop', null, 'Ninawa', 344, null, null, '2006-02-15 04:45:30');
insert into sakila.address (address_id, address, address2, district, city_id, postal_code, phone, last_update) values (586, '951 Springs Lane', null, 'Central Mindanao', 219, null, null, '2006-02-15 04:45:30');
insert into sakila.address (address_id, address, address2, district, city_id, postal_code, phone, last_update) values (587, '760 Miyakonojo Drive', null, 'Guerrero', 246, null, null, '2006-02-15 04:45:30');
insert into sakila.address (address_id, address, address2, district, city_id, postal_code, phone, last_update) values (590, '247 Jining Parkway', null, 'Banjul', 54, null, null, '2006-02-15 04:45:30');
insert into sakila.address (address_id, address, address2, district, city_id, postal_code, phone, last_update) values (592, '1923 Stara Zagora Lane', null, 'Nantou', 546, null, null, '2006-02-15 04:45:30');
insert into sakila.address (address_id, address, address2, district, city_id, postal_code, phone, last_update) values (593, '1402 Zanzibar Boulevard', null, 'Guanajuato', 106, null, null, '2006-02-15 04:45:30');
insert into sakila.address (address_id, address, address2, district, city_id, postal_code, phone, last_update) values (594, '1464 Kursk Parkway', null, 'Shandong', 574, null, null, '2006-02-15 04:45:30');
insert into sakila.address (address_id, address, address2, district, city_id, postal_code, phone, last_update) values (595, '1074 Sanaa Parkway', null, 'Loja', 311, null, null, '2006-02-15 04:45:30');
insert into sakila.address (address_id, address, address2, district, city_id, postal_code, phone, last_update) values (596, '1759 Niznekamsk Avenue', null, 'al-Manama', 14, null, null, '2006-02-15 04:45:30');
insert into sakila.address (address_id, address, address2, district, city_id, postal_code, phone, last_update) values (599, '1895 Zhezqazghan Drive', null, 'California', 177, null, null, '2006-02-15 04:45:30');
insert into sakila.address (address_id, address, address2, district, city_id, postal_code, phone, last_update) values (600, '1837 Kaduna Parkway', null, 'Inner Mongolia', 241, null, null, '2006-02-15 04:45:30');
insert into sakila.address (address_id, address, address2, district, city_id, postal_code, phone, last_update) values (601, '844 Bucuresti Place', null, 'Liaoning', 242, null, null, '2006-02-15 04:45:30');
insert into sakila.address (address_id, address, address2, district, city_id, postal_code, phone, last_update) values (603, '1103 Quilmes Boulevard', null, 'Piura', 503, null, null, '2006-02-15 04:45:30');
insert into sakila.address (address_id, address, address2, district, city_id, postal_code, phone, last_update) values (604, '1331 Usak Boulevard', null, 'Vaud', 296, null, null, '2006-02-15 04:45:30');
insert into sakila.city (city_id, city, country_id, last_update) values (300, 'Lethbridge', 20, '2006-02-15 04:45:25');
insert into sakila.city (city_id, city, country_id, last_update) values (576, 'Woodridge', 8, '2006-02-15 04:45:25');
insert into sakila.city (city_id, city, country_id, last_update) values (3, 'Abu Dhabi', 101, '2006-02-15 04:45:25');
insert into sakila.city (city_id, city, country_id, last_update) values (5, 'Adana', 97, '2006-02-15 04:45:25');
insert into sakila.city (city_id, city, country_id, last_update) values (6, 'Addis Abeba', 31, '2006-02-15 04:45:25');
insert into sakila.city (city_id, city, country_id, last_update) values (7, 'Aden', 107, '2006-02-15 04:45:25');
insert into sakila.city (city_id, city, country_id, last_update) values (10, 'Akishima', 50, '2006-02-15 04:45:25');
insert into sakila.city (city_id, city, country_id, last_update) values (11, 'Akron', 103, '2006-02-15 04:45:25');
insert into sakila.city (city_id, city, country_id, last_update) values (12, 'al-Ayn', 101, '2006-02-15 04:45:25');
insert into sakila.city (city_id, city, country_id, last_update) values (13, 'al-Hawiya', 82, '2006-02-15 04:45:25');
insert into sakila.city (city_id, city, country_id, last_update) values (14, 'al-Manama', 11, '2006-02-15 04:45:25');
insert into sakila.city (city_id, city, country_id, last_update) values (15, 'al-Qadarif', 89, '2006-02-15 04:45:25');
insert into sakila.city (city_id, city, country_id, last_update) values (16, 'al-Qatif', 82, '2006-02-15 04:45:25');
insert into sakila.city (city_id, city, country_id, last_update) values (18, 'Allappuzha (Alleppey)', 44, '2006-02-15 04:45:25');
insert into sakila.city (city_id, city, country_id, last_update) values (19, 'Allende', 60, '2006-02-15 04:45:25');
insert into sakila.city (city_id, city, country_id, last_update) values (20, 'Almirante Brown', 6, '2006-02-15 04:45:25');
insert into sakila.city (city_id, city, country_id, last_update) values (21, 'Alvorada', 15, '2006-02-15 04:45:25');
insert into sakila.city (city_id, city, country_id, last_update) values (22, 'Ambattur', 44, '2006-02-15 04:45:25');
insert into sakila.city (city_id, city, country_id, last_update) values (24, 'Amroha', 44, '2006-02-15 04:45:25');
insert into sakila.city (city_id, city, country_id, last_update) values (25, 'Angra dos Reis', 15, '2006-02-15 04:45:25');
insert into sakila.city (city_id, city, country_id, last_update) values (27, 'Antofagasta', 22, '2006-02-15 04:45:25');
insert into sakila.city (city_id, city, country_id, last_update) values (28, 'Aparecida de Goinia', 15, '2006-02-15 04:45:25');
insert into sakila.city (city_id, city, country_id, last_update) values (30, 'Araatuba', 15, '2006-02-15 04:45:25');
insert into sakila.city (city_id, city, country_id, last_update) values (32, 'Arecibo', 77, '2006-02-15 04:45:25');
insert into sakila.city (city_id, city, country_id, last_update) values (34, 'Ashdod', 48, '2006-02-15 04:45:25');
insert into sakila.city (city_id, city, country_id, last_update) values (35, 'Ashgabat', 98, '2006-02-15 04:45:25');
insert into sakila.city (city_id, city, country_id, last_update) values (37, 'Asuncin', 73, '2006-02-15 04:45:25');
insert into sakila.city (city_id, city, country_id, last_update) values (38, 'Athenai', 39, '2006-02-15 04:45:25');
insert into sakila.city (city_id, city, country_id, last_update) values (39, 'Atinsk', 80, '2006-02-15 04:45:25');
insert into sakila.city (city_id, city, country_id, last_update) values (40, 'Atlixco', 60, '2006-02-15 04:45:25');
insert into sakila.city (city_id, city, country_id, last_update) values (41, 'Augusta-Richmond County', 103, '2006-02-15 04:45:25');
insert into sakila.city (city_id, city, country_id, last_update) values (42, 'Aurora', 103, '2006-02-15 04:45:25');
insert into sakila.city (city_id, city, country_id, last_update) values (43, 'Avellaneda', 6, '2006-02-15 04:45:25');
insert into sakila.city (city_id, city, country_id, last_update) values (44, 'Bag', 15, '2006-02-15 04:45:25');
insert into sakila.city (city_id, city, country_id, last_update) values (45, 'Baha Blanca', 6, '2006-02-15 04:45:25');
insert into sakila.city (city_id, city, country_id, last_update) values (46, 'Baicheng', 23, '2006-02-15 04:45:25');
insert into sakila.city (city_id, city, country_id, last_update) values (50, 'Balikesir', 97, '2006-02-15 04:45:25');
insert into sakila.city (city_id, city, country_id, last_update) values (52, 'Bamenda', 19, '2006-02-15 04:45:25');
insert into sakila.city (city_id, city, country_id, last_update) values (53, 'Bandar Seri Begawan', 16, '2006-02-15 04:45:25');
insert into sakila.city (city_id, city, country_id, last_update) values (54, 'Banjul', 37, '2006-02-15 04:45:25');
insert into sakila.city (city_id, city, country_id, last_update) values (58, 'Batman', 97, '2006-02-15 04:45:25');
insert into sakila.city (city_id, city, country_id, last_update) values (59, 'Batna', 2, '2006-02-15 04:45:25');
insert into sakila.city (city_id, city, country_id, last_update) values (60, 'Battambang', 18, '2006-02-15 04:45:25');
insert into sakila.city (city_id, city, country_id, last_update) values (61, 'Baybay', 75, '2006-02-15 04:45:25');
insert into sakila.city (city_id, city, country_id, last_update) values (64, 'Beira', 63, '2006-02-15 04:45:25');
insert into sakila.city (city_id, city, country_id, last_update) values (66, 'Belm', 15, '2006-02-15 04:45:25');
insert into sakila.city (city_id, city, country_id, last_update) values (67, 'Benguela', 4, '2006-02-15 04:45:25');
insert into sakila.city (city_id, city, country_id, last_update) values (68, 'Beni-Mellal', 62, '2006-02-15 04:45:25');
insert into sakila.city (city_id, city, country_id, last_update) values (69, 'Benin City', 69, '2006-02-15 04:45:25');
insert into sakila.city (city_id, city, country_id, last_update) values (73, 'Bhavnagar', 44, '2006-02-15 04:45:25');
insert into sakila.city (city_id, city, country_id, last_update) values (74, 'Bhilwara', 44, '2006-02-15 04:45:25');
insert into sakila.city (city_id, city, country_id, last_update) values (75, 'Bhimavaram', 44, '2006-02-15 04:45:25');
insert into sakila.city (city_id, city, country_id, last_update) values (76, 'Bhopal', 44, '2006-02-15 04:45:25');
insert into sakila.city (city_id, city, country_id, last_update) values (78, 'Bijapur', 44, '2006-02-15 04:45:25');
insert into sakila.city (city_id, city, country_id, last_update) values (79, 'Bilbays', 29, '2006-02-15 04:45:25');
insert into sakila.city (city_id, city, country_id, last_update) values (80, 'Binzhou', 23, '2006-02-15 04:45:25');
insert into sakila.city (city_id, city, country_id, last_update) values (83, 'Blumenau', 15, '2006-02-15 04:45:25');
insert into sakila.city (city_id, city, country_id, last_update) values (84, 'Boa Vista', 15, '2006-02-15 04:45:25');
insert into sakila.city (city_id, city, country_id, last_update) values (85, 'Boksburg', 85, '2006-02-15 04:45:25');
insert into sakila.city (city_id, city, country_id, last_update) values (86, 'Botosani', 78, '2006-02-15 04:45:25');
insert into sakila.city (city_id, city, country_id, last_update) values (87, 'Botshabelo', 85, '2006-02-15 04:45:25');
insert into sakila.city (city_id, city, country_id, last_update) values (88, 'Bradford', 102, '2006-02-15 04:45:25');
insert into sakila.city (city_id, city, country_id, last_update) values (89, 'Braslia', 15, '2006-02-15 04:45:25');
insert into sakila.city (city_id, city, country_id, last_update) values (90, 'Bratislava', 84, '2006-02-15 04:45:25');
insert into sakila.city (city_id, city, country_id, last_update) values (91, 'Brescia', 49, '2006-02-15 04:45:25');
insert into sakila.city (city_id, city, country_id, last_update) values (93, 'Brindisi', 49, '2006-02-15 04:45:25');
insert into sakila.city (city_id, city, country_id, last_update) values (95, 'Bucuresti', 78, '2006-02-15 04:45:25');
insert into sakila.city (city_id, city, country_id, last_update) values (96, 'Buenaventura', 24, '2006-02-15 04:45:25');
insert into sakila.city (city_id, city, country_id, last_update) values (98, 'Cabuyao', 75, '2006-02-15 04:45:25');
insert into sakila.city (city_id, city, country_id, last_update) values (99, 'Callao', 74, '2006-02-15 04:45:25');
insert into sakila.city (city_id, city, country_id, last_update) values (100, 'Cam Ranh', 105, '2006-02-15 04:45:25');
insert into sakila.city (city_id, city, country_id, last_update) values (101, 'Cape Coral', 103, '2006-02-15 04:45:25');
insert into sakila.city (city_id, city, country_id, last_update) values (102, 'Caracas', 104, '2006-02-15 04:45:25');
insert into sakila.city (city_id, city, country_id, last_update) values (103, 'Carmen', 60, '2006-02-15 04:45:25');
insert into sakila.city (city_id, city, country_id, last_update) values (104, 'Cavite', 75, '2006-02-15 04:45:25');
insert into sakila.city (city_id, city, country_id, last_update) values (105, 'Cayenne', 35, '2006-02-15 04:45:25');
insert into sakila.city (city_id, city, country_id, last_update) values (106, 'Celaya', 60, '2006-02-15 04:45:25');
insert into sakila.city (city_id, city, country_id, last_update) values (107, 'Chandrapur', 44, '2006-02-15 04:45:25');
insert into sakila.city (city_id, city, country_id, last_update) values (108, 'Changhwa', 92, '2006-02-15 04:45:25');
insert into sakila.city (city_id, city, country_id, last_update) values (109, 'Changzhou', 23, '2006-02-15 04:45:25');
insert into sakila.city (city_id, city, country_id, last_update) values (110, 'Chapra', 44, '2006-02-15 04:45:25');
insert into sakila.city (city_id, city, country_id, last_update) values (111, 'Charlotte Amalie', 106, '2006-02-15 04:45:25');
insert into sakila.city (city_id, city, country_id, last_update) values (113, 'Cheju', 86, '2006-02-15 04:45:25');
insert into sakila.city (city_id, city, country_id, last_update) values (114, 'Chiayi', 92, '2006-02-15 04:45:25');
insert into sakila.city (city_id, city, country_id, last_update) values (115, 'Chisinau', 61, '2006-02-15 04:45:25');
insert into sakila.city (city_id, city, country_id, last_update) values (116, 'Chungho', 92, '2006-02-15 04:45:25');
insert into sakila.city (city_id, city, country_id, last_update) values (117, 'Cianjur', 45, '2006-02-15 04:45:25');
insert into sakila.city (city_id, city, country_id, last_update) values (119, 'Ciparay', 45, '2006-02-15 04:45:25');
insert into sakila.city (city_id, city, country_id, last_update) values (120, 'Citrus Heights', 103, '2006-02-15 04:45:25');
insert into sakila.city (city_id, city, country_id, last_update) values (121, 'Citt del Vaticano', 41, '2006-02-15 04:45:25');
insert into sakila.city (city_id, city, country_id, last_update) values (124, 'Coacalco de Berriozbal', 60, '2006-02-15 04:45:25');
insert into sakila.city (city_id, city, country_id, last_update) values (125, 'Coatzacoalcos', 60, '2006-02-15 04:45:25');
insert into sakila.city (city_id, city, country_id, last_update) values (126, 'Compton', 103, '2006-02-15 04:45:25');
insert into sakila.city (city_id, city, country_id, last_update) values (127, 'Coquimbo', 22, '2006-02-15 04:45:25');
insert into sakila.city (city_id, city, country_id, last_update) values (128, 'Crdoba', 6, '2006-02-15 04:45:25');
insert into sakila.city (city_id, city, country_id, last_update) values (130, 'Cuautla', 60, '2006-02-15 04:45:25');
insert into sakila.city (city_id, city, country_id, last_update) values (131, 'Cuernavaca', 60, '2006-02-15 04:45:25');
insert into sakila.city (city_id, city, country_id, last_update) values (132, 'Cuman', 104, '2006-02-15 04:45:25');
insert into sakila.city (city_id, city, country_id, last_update) values (133, 'Czestochowa', 76, '2006-02-15 04:45:25');
insert into sakila.city (city_id, city, country_id, last_update) values (134, 'Dadu', 72, '2006-02-15 04:45:25');
insert into sakila.city (city_id, city, country_id, last_update) values (135, 'Dallas', 103, '2006-02-15 04:45:25');
insert into sakila.city (city_id, city, country_id, last_update) values (137, 'Daugavpils', 54, '2006-02-15 04:45:25');
insert into sakila.city (city_id, city, country_id, last_update) values (138, 'Davao', 75, '2006-02-15 04:45:25');
insert into sakila.city (city_id, city, country_id, last_update) values (140, 'Dayton', 103, '2006-02-15 04:45:25');
insert into sakila.city (city_id, city, country_id, last_update) values (141, 'Deba Habe', 69, '2006-02-15 04:45:25');
insert into sakila.city (city_id, city, country_id, last_update) values (143, 'Dhaka', 12, '2006-02-15 04:45:25');
insert into sakila.city (city_id, city, country_id, last_update) values (151, 'Ede', 67, '2006-02-15 04:45:25');
insert into sakila.city (city_id, city, country_id, last_update) values (152, 'Effon-Alaiye', 69, '2006-02-15 04:45:25');
insert into sakila.city (city_id, city, country_id, last_update) values (154, 'El Fuerte', 60, '2006-02-15 04:45:25');
insert into sakila.city (city_id, city, country_id, last_update) values (156, 'Elista', 80, '2006-02-15 04:45:25');
insert into sakila.city (city_id, city, country_id, last_update) values (158, 'Emmen', 67, '2006-02-15 04:45:25');
insert into sakila.city (city_id, city, country_id, last_update) values (160, 'Erlangen', 38, '2006-02-15 04:45:25');
insert into sakila.city (city_id, city, country_id, last_update) values (164, 'Etawah', 44, '2006-02-15 04:45:25');
insert into sakila.city (city_id, city, country_id, last_update) values (165, 'Ezeiza', 6, '2006-02-15 04:45:25');
insert into sakila.city (city_id, city, country_id, last_update) values (168, 'Fengshan', 92, '2006-02-15 04:45:25');
insert into sakila.city (city_id, city, country_id, last_update) values (169, 'Firozabad', 44, '2006-02-15 04:45:25');
insert into sakila.city (city_id, city, country_id, last_update) values (170, 'Florencia', 24, '2006-02-15 04:45:25');
insert into sakila.city (city_id, city, country_id, last_update) values (171, 'Fontana', 103, '2006-02-15 04:45:25');
insert into sakila.city (city_id, city, country_id, last_update) values (172, 'Fukuyama', 50, '2006-02-15 04:45:25');
insert into sakila.city (city_id, city, country_id, last_update) values (173, 'Funafuti', 99, '2006-02-15 04:45:25');
insert into sakila.city (city_id, city, country_id, last_update) values (175, 'Fuzhou', 23, '2006-02-15 04:45:25');
insert into sakila.city (city_id, city, country_id, last_update) values (177, 'Garden Grove', 103, '2006-02-15 04:45:25');
insert into sakila.city (city_id, city, country_id, last_update) values (178, 'Garland', 103, '2006-02-15 04:45:25');
insert into sakila.city (city_id, city, country_id, last_update) values (180, 'Gaziantep', 97, '2006-02-15 04:45:25');
insert into sakila.city (city_id, city, country_id, last_update) values (181, 'Gijn', 87, '2006-02-15 04:45:25');
insert into sakila.city (city_id, city, country_id, last_update) values (183, 'Goinia', 15, '2006-02-15 04:45:25');
insert into sakila.city (city_id, city, country_id, last_update) values (185, 'Grand Prairie', 103, '2006-02-15 04:45:25');
insert into sakila.city (city_id, city, country_id, last_update) values (186, 'Graz', 9, '2006-02-15 04:45:25');
insert into sakila.city (city_id, city, country_id, last_update) values (187, 'Greensboro', 103, '2006-02-15 04:45:25');
insert into sakila.city (city_id, city, country_id, last_update) values (188, 'Guadalajara', 60, '2006-02-15 04:45:25');
insert into sakila.city (city_id, city, country_id, last_update) values (189, 'Guaruj', 15, '2006-02-15 04:45:25');
insert into sakila.city (city_id, city, country_id, last_update) values (193, 'Haining', 23, '2006-02-15 04:45:25');
insert into sakila.city (city_id, city, country_id, last_update) values (195, 'Haldia', 44, '2006-02-15 04:45:25');
insert into sakila.city (city_id, city, country_id, last_update) values (196, 'Halifax', 20, '2006-02-15 04:45:25');
insert into sakila.city (city_id, city, country_id, last_update) values (197, 'Halisahar', 44, '2006-02-15 04:45:25');
insert into sakila.city (city_id, city, country_id, last_update) values (199, 'Hami', 23, '2006-02-15 04:45:25');
insert into sakila.city (city_id, city, country_id, last_update) values (200, 'Hamilton', 68, '2006-02-15 04:45:25');
insert into sakila.city (city_id, city, country_id, last_update) values (201, 'Hanoi', 105, '2006-02-15 04:45:25');
insert into sakila.city (city_id, city, country_id, last_update) values (203, 'Higashiosaka', 50, '2006-02-15 04:45:25');
insert into sakila.city (city_id, city, country_id, last_update) values (204, 'Hino', 50, '2006-02-15 04:45:25');
insert into sakila.city (city_id, city, country_id, last_update) values (205, 'Hiroshima', 50, '2006-02-15 04:45:25');
insert into sakila.city (city_id, city, country_id, last_update) values (206, 'Hodeida', 107, '2006-02-15 04:45:25');
insert into sakila.city (city_id, city, country_id, last_update) values (207, 'Hohhot', 23, '2006-02-15 04:45:25');
insert into sakila.city (city_id, city, country_id, last_update) values (208, 'Hoshiarpur', 44, '2006-02-15 04:45:25');
insert into sakila.city (city_id, city, country_id, last_update) values (209, 'Hsichuh', 92, '2006-02-15 04:45:25');
insert into sakila.city (city_id, city, country_id, last_update) values (214, 'Hunuco', 74, '2006-02-15 04:45:25');
insert into sakila.city (city_id, city, country_id, last_update) values (215, 'Ibirit', 15, '2006-02-15 04:45:25');
insert into sakila.city (city_id, city, country_id, last_update) values (216, 'Idfu', 29, '2006-02-15 04:45:25');
insert into sakila.city (city_id, city, country_id, last_update) values (217, 'Ife', 69, '2006-02-15 04:45:25');
insert into sakila.city (city_id, city, country_id, last_update) values (218, 'Ikerre', 69, '2006-02-15 04:45:25');
insert into sakila.city (city_id, city, country_id, last_update) values (219, 'Iligan', 75, '2006-02-15 04:45:25');
insert into sakila.city (city_id, city, country_id, last_update) values (220, 'Ilorin', 69, '2006-02-15 04:45:25');
insert into sakila.city (city_id, city, country_id, last_update) values (221, 'Imus', 75, '2006-02-15 04:45:25');
insert into sakila.city (city_id, city, country_id, last_update) values (222, 'Inegl', 97, '2006-02-15 04:45:25');
insert into sakila.city (city_id, city, country_id, last_update) values (223, 'Ipoh', 59, '2006-02-15 04:45:25');
insert into sakila.city (city_id, city, country_id, last_update) values (225, 'Ivanovo', 80, '2006-02-15 04:45:25');
insert into sakila.city (city_id, city, country_id, last_update) values (226, 'Iwaki', 50, '2006-02-15 04:45:25');
insert into sakila.city (city_id, city, country_id, last_update) values (227, 'Iwakuni', 50, '2006-02-15 04:45:25');
insert into sakila.city (city_id, city, country_id, last_update) values (228, 'Iwatsuki', 50, '2006-02-15 04:45:25');
insert into sakila.city (city_id, city, country_id, last_update) values (230, 'Jaffna', 88, '2006-02-15 04:45:25');
insert into sakila.city (city_id, city, country_id, last_update) values (231, 'Jaipur', 44, '2006-02-15 04:45:25');
insert into sakila.city (city_id, city, country_id, last_update) values (233, 'Jalib al-Shuyukh', 53, '2006-02-15 04:45:25');
insert into sakila.city (city_id, city, country_id, last_update) values (234, 'Jamalpur', 12, '2006-02-15 04:45:25');
insert into sakila.city (city_id, city, country_id, last_update) values (235, 'Jaroslavl', 80, '2006-02-15 04:45:25');
insert into sakila.city (city_id, city, country_id, last_update) values (236, 'Jastrzebie-Zdrj', 76, '2006-02-15 04:45:25');
insert into sakila.city (city_id, city, country_id, last_update) values (237, 'Jedda', 82, '2006-02-15 04:45:25');
insert into sakila.city (city_id, city, country_id, last_update) values (238, 'Jelets', 80, '2006-02-15 04:45:25');
insert into sakila.city (city_id, city, country_id, last_update) values (241, 'Jining', 23, '2006-02-15 04:45:25');
insert into sakila.city (city_id, city, country_id, last_update) values (242, 'Jinzhou', 23, '2006-02-15 04:45:25');
insert into sakila.city (city_id, city, country_id, last_update) values (243, 'Jodhpur', 44, '2006-02-15 04:45:25');
insert into sakila.city (city_id, city, country_id, last_update) values (245, 'Joliet', 103, '2006-02-15 04:45:25');
insert into sakila.city (city_id, city, country_id, last_update) values (246, 'Jos Azueta', 60, '2006-02-15 04:45:25');
insert into sakila.city (city_id, city, country_id, last_update) values (249, 'Junan', 23, '2006-02-15 04:45:25');
insert into sakila.city (city_id, city, country_id, last_update) values (250, 'Jurez', 60, '2006-02-15 04:45:25');
insert into sakila.city (city_id, city, country_id, last_update) values (251, 'Kabul', 1, '2006-02-15 04:45:25');
insert into sakila.city (city_id, city, country_id, last_update) values (253, 'Kakamigahara', 50, '2006-02-15 04:45:25');
insert into sakila.city (city_id, city, country_id, last_update) values (254, 'Kaliningrad', 80, '2006-02-15 04:45:25');
insert into sakila.city (city_id, city, country_id, last_update) values (258, 'Kamjanets-Podilskyi', 100, '2006-02-15 04:45:25');
insert into sakila.city (city_id, city, country_id, last_update) values (259, 'Kamyin', 80, '2006-02-15 04:45:25');
insert into sakila.city (city_id, city, country_id, last_update) values (260, 'Kanazawa', 50, '2006-02-15 04:45:25');
insert into sakila.city (city_id, city, country_id, last_update) values (261, 'Kanchrapara', 44, '2006-02-15 04:45:25');
insert into sakila.city (city_id, city, country_id, last_update) values (262, 'Kansas City', 103, '2006-02-15 04:45:25');
insert into sakila.city (city_id, city, country_id, last_update) values (265, 'Kermanshah', 46, '2006-02-15 04:45:25');
insert into sakila.city (city_id, city, country_id, last_update) values (267, 'Kimberley', 85, '2006-02-15 04:45:25');
insert into sakila.city (city_id, city, country_id, last_update) values (269, 'Kingstown', 81, '2006-02-15 04:45:25');
insert into sakila.city (city_id, city, country_id, last_update) values (270, 'Kirovo-Tepetsk', 80, '2006-02-15 04:45:25');
insert into sakila.city (city_id, city, country_id, last_update) values (271, 'Kisumu', 52, '2006-02-15 04:45:25');
insert into sakila.city (city_id, city, country_id, last_update) values (274, 'Kolpino', 80, '2006-02-15 04:45:25');
insert into sakila.city (city_id, city, country_id, last_update) values (277, 'Korla', 23, '2006-02-15 04:45:25');
insert into sakila.city (city_id, city, country_id, last_update) values (278, 'Korolev', 80, '2006-02-15 04:45:25');
insert into sakila.city (city_id, city, country_id, last_update) values (279, 'Kowloon and New Kowloon', 42, '2006-02-15 04:45:25');
insert into sakila.city (city_id, city, country_id, last_update) values (282, 'Kuching', 59, '2006-02-15 04:45:25');
insert into sakila.city (city_id, city, country_id, last_update) values (283, 'Kumbakonam', 44, '2006-02-15 04:45:25');
insert into sakila.city (city_id, city, country_id, last_update) values (284, 'Kurashiki', 50, '2006-02-15 04:45:25');
insert into sakila.city (city_id, city, country_id, last_update) values (285, 'Kurgan', 80, '2006-02-15 04:45:25');
insert into sakila.city (city_id, city, country_id, last_update) values (286, 'Kursk', 80, '2006-02-15 04:45:25');
insert into sakila.city (city_id, city, country_id, last_update) values (287, 'Kuwana', 50, '2006-02-15 04:45:25');
insert into sakila.city (city_id, city, country_id, last_update) values (289, 'La Plata', 6, '2006-02-15 04:45:25');
insert into sakila.city (city_id, city, country_id, last_update) values (294, 'Lapu-Lapu', 75, '2006-02-15 04:45:25');
insert into sakila.city (city_id, city, country_id, last_update) values (296, 'Lausanne', 91, '2006-02-15 04:45:25');
insert into sakila.city (city_id, city, country_id, last_update) values (298, 'Lengshuijiang', 23, '2006-02-15 04:45:25');
insert into sakila.city (city_id, city, country_id, last_update) values (299, 'Leshan', 23, '2006-02-15 04:45:25');
insert into sakila.city (city_id, city, country_id, last_update) values (301, 'Lhokseumawe', 45, '2006-02-15 04:45:25');
insert into sakila.city (city_id, city, country_id, last_update) values (302, 'Liaocheng', 23, '2006-02-15 04:45:25');
insert into sakila.city (city_id, city, country_id, last_update) values (304, 'Lilongwe', 58, '2006-02-15 04:45:25');
insert into sakila.city (city_id, city, country_id, last_update) values (305, 'Lima', 74, '2006-02-15 04:45:25');
insert into sakila.city (city_id, city, country_id, last_update) values (306, 'Lincoln', 103, '2006-02-15 04:45:25');
insert into sakila.city (city_id, city, country_id, last_update) values (307, 'Linz', 9, '2006-02-15 04:45:25');
insert into sakila.city (city_id, city, country_id, last_update) values (308, 'Lipetsk', 80, '2006-02-15 04:45:25');
insert into sakila.city (city_id, city, country_id, last_update) values (309, 'Livorno', 49, '2006-02-15 04:45:25');
insert into sakila.city (city_id, city, country_id, last_update) values (310, 'Ljubertsy', 80, '2006-02-15 04:45:25');
insert into sakila.city (city_id, city, country_id, last_update) values (311, 'Loja', 28, '2006-02-15 04:45:25');
insert into sakila.city (city_id, city, country_id, last_update) values (312, 'London', 102, '2006-02-15 04:45:25');
insert into sakila.city (city_id, city, country_id, last_update) values (314, 'Lublin', 76, '2006-02-15 04:45:25');
insert into sakila.city (city_id, city, country_id, last_update) values (315, 'Lubumbashi', 25, '2006-02-15 04:45:25');
insert into sakila.city (city_id, city, country_id, last_update) values (316, 'Lungtan', 92, '2006-02-15 04:45:25');
insert into sakila.city (city_id, city, country_id, last_update) values (317, 'Luzinia', 15, '2006-02-15 04:45:25');
insert into sakila.city (city_id, city, country_id, last_update) values (318, 'Madiun', 45, '2006-02-15 04:45:25');
insert into sakila.city (city_id, city, country_id, last_update) values (319, 'Mahajanga', 57, '2006-02-15 04:45:25');
insert into sakila.city (city_id, city, country_id, last_update) values (320, 'Maikop', 80, '2006-02-15 04:45:25');
insert into sakila.city (city_id, city, country_id, last_update) values (321, 'Malm', 90, '2006-02-15 04:45:25');
insert into sakila.city (city_id, city, country_id, last_update) values (322, 'Manchester', 103, '2006-02-15 04:45:25');
insert into sakila.city (city_id, city, country_id, last_update) values (326, 'Maracabo', 104, '2006-02-15 04:45:25');
insert into sakila.city (city_id, city, country_id, last_update) values (327, 'Mardan', 72, '2006-02-15 04:45:25');
insert into sakila.city (city_id, city, country_id, last_update) values (328, 'Maring', 15, '2006-02-15 04:45:25');
insert into sakila.city (city_id, city, country_id, last_update) values (329, 'Masqat', 71, '2006-02-15 04:45:25');
insert into sakila.city (city_id, city, country_id, last_update) values (330, 'Matamoros', 60, '2006-02-15 04:45:25');
insert into sakila.city (city_id, city, country_id, last_update) values (332, 'Meixian', 23, '2006-02-15 04:45:25');
insert into sakila.city (city_id, city, country_id, last_update) values (333, 'Memphis', 103, '2006-02-15 04:45:25');
insert into sakila.city (city_id, city, country_id, last_update) values (334, 'Merlo', 6, '2006-02-15 04:45:25');
insert into sakila.city (city_id, city, country_id, last_update) values (336, 'Miraj', 44, '2006-02-15 04:45:25');
insert into sakila.city (city_id, city, country_id, last_update) values (337, 'Mit Ghamr', 29, '2006-02-15 04:45:25');
insert into sakila.city (city_id, city, country_id, last_update) values (339, 'Mogiljov', 13, '2006-02-15 04:45:25');
insert into sakila.city (city_id, city, country_id, last_update) values (340, 'Molodetno', 13, '2006-02-15 04:45:25');
insert into sakila.city (city_id, city, country_id, last_update) values (342, 'Monywa', 64, '2006-02-15 04:45:25');
insert into sakila.city (city_id, city, country_id, last_update) values (343, 'Moscow', 80, '2006-02-15 04:45:25');
insert into sakila.city (city_id, city, country_id, last_update) values (344, 'Mosul', 47, '2006-02-15 04:45:25');
insert into sakila.city (city_id, city, country_id, last_update) values (345, 'Mukateve', 100, '2006-02-15 04:45:25');
insert into sakila.city (city_id, city, country_id, last_update) values (347, 'Mwanza', 93, '2006-02-15 04:45:25');
insert into sakila.city (city_id, city, country_id, last_update) values (348, 'Mwene-Ditu', 25, '2006-02-15 04:45:25');
insert into sakila.city (city_id, city, country_id, last_update) values (349, 'Myingyan', 64, '2006-02-15 04:45:25');
insert into sakila.city (city_id, city, country_id, last_update) values (351, 'Naala-Porto', 63, '2006-02-15 04:45:25');
insert into sakila.city (city_id, city, country_id, last_update) values (352, 'Nabereznyje Telny', 80, '2006-02-15 04:45:25');
insert into sakila.city (city_id, city, country_id, last_update) values (353, 'Nador', 62, '2006-02-15 04:45:25');
insert into sakila.city (city_id, city, country_id, last_update) values (354, 'Nagaon', 44, '2006-02-15 04:45:25');
insert into sakila.city (city_id, city, country_id, last_update) values (355, 'Nagareyama', 50, '2006-02-15 04:45:25');
insert into sakila.city (city_id, city, country_id, last_update) values (357, 'Naju', 86, '2006-02-15 04:45:25');
insert into sakila.city (city_id, city, country_id, last_update) values (358, 'Nakhon Sawan', 94, '2006-02-15 04:45:25');
insert into sakila.city (city_id, city, country_id, last_update) values (361, 'Nantou', 92, '2006-02-15 04:45:25');
insert into sakila.city (city_id, city, country_id, last_update) values (362, 'Nanyang', 23, '2006-02-15 04:45:25');
insert into sakila.city (city_id, city, country_id, last_update) values (363, 'NDjamna', 21, '2006-02-15 04:45:25');
insert into sakila.city (city_id, city, country_id, last_update) values (365, 'Nezahualcyotl', 60, '2006-02-15 04:45:25');
insert into sakila.city (city_id, city, country_id, last_update) values (366, 'Nha Trang', 105, '2006-02-15 04:45:25');
insert into sakila.city (city_id, city, country_id, last_update) values (368, 'Novi Sad', 108, '2006-02-15 04:45:25');
insert into sakila.city (city_id, city, country_id, last_update) values (369, 'Novoterkassk', 80, '2006-02-15 04:45:25');
insert into sakila.city (city_id, city, country_id, last_update) values (370, 'Nukualofa', 95, '2006-02-15 04:45:25');
insert into sakila.city (city_id, city, country_id, last_update) values (374, 'Ogbomosho', 69, '2006-02-15 04:45:25');
insert into sakila.city (city_id, city, country_id, last_update) values (377, 'Okinawa', 50, '2006-02-15 04:45:25');
insert into sakila.city (city_id, city, country_id, last_update) values (378, 'Olomouc', 26, '2006-02-15 04:45:25');
insert into sakila.city (city_id, city, country_id, last_update) values (379, 'Omdurman', 89, '2006-02-15 04:45:25');
insert into sakila.city (city_id, city, country_id, last_update) values (380, 'Omiya', 50, '2006-02-15 04:45:25');
insert into sakila.city (city_id, city, country_id, last_update) values (383, 'Oshawa', 20, '2006-02-15 04:45:25');
insert into sakila.city (city_id, city, country_id, last_update) values (384, 'Osmaniye', 97, '2006-02-15 04:45:25');
insert into sakila.city (city_id, city, country_id, last_update) values (386, 'Otsu', 50, '2006-02-15 04:45:25');
insert into sakila.city (city_id, city, country_id, last_update) values (387, 'Oulu', 33, '2006-02-15 04:45:25');
insert into sakila.city (city_id, city, country_id, last_update) values (388, 'Ourense (Orense)', 87, '2006-02-15 04:45:25');
insert into sakila.city (city_id, city, country_id, last_update) values (389, 'Owo', 69, '2006-02-15 04:45:25');
insert into sakila.city (city_id, city, country_id, last_update) values (390, 'Oyo', 69, '2006-02-15 04:45:25');
insert into sakila.city (city_id, city, country_id, last_update) values (393, 'Pachuca de Soto', 60, '2006-02-15 04:45:25');
insert into sakila.city (city_id, city, country_id, last_update) values (395, 'Palghat (Palakkad)', 44, '2006-02-15 04:45:25');
insert into sakila.city (city_id, city, country_id, last_update) values (396, 'Pangkal Pinang', 45, '2006-02-15 04:45:25');
insert into sakila.city (city_id, city, country_id, last_update) values (397, 'Papeete', 36, '2006-02-15 04:45:25');
insert into sakila.city (city_id, city, country_id, last_update) values (400, 'Patiala', 44, '2006-02-15 04:45:25');
insert into sakila.city (city_id, city, country_id, last_update) values (403, 'Pemalang', 45, '2006-02-15 04:45:25');
insert into sakila.city (city_id, city, country_id, last_update) values (404, 'Peoria', 103, '2006-02-15 04:45:25');
insert into sakila.city (city_id, city, country_id, last_update) values (405, 'Pereira', 24, '2006-02-15 04:45:25');
insert into sakila.city (city_id, city, country_id, last_update) values (407, 'Pingxiang', 23, '2006-02-15 04:45:25');
insert into sakila.city (city_id, city, country_id, last_update) values (408, 'Pjatigorsk', 80, '2006-02-15 04:45:25');
insert into sakila.city (city_id, city, country_id, last_update) values (409, 'Plock', 76, '2006-02-15 04:45:25');
insert into sakila.city (city_id, city, country_id, last_update) values (410, 'Po', 15, '2006-02-15 04:45:25');
insert into sakila.city (city_id, city, country_id, last_update) values (411, 'Ponce', 77, '2006-02-15 04:45:25');
insert into sakila.city (city_id, city, country_id, last_update) values (413, 'Poos de Caldas', 15, '2006-02-15 04:45:25');
insert into sakila.city (city_id, city, country_id, last_update) values (417, 'Pune', 44, '2006-02-15 04:45:25');
insert into sakila.city (city_id, city, country_id, last_update) values (420, 'Pyongyang', 70, '2006-02-15 04:45:25');
insert into sakila.city (city_id, city, country_id, last_update) values (421, 'Qalyub', 29, '2006-02-15 04:45:25');
insert into sakila.city (city_id, city, country_id, last_update) values (422, 'Qinhuangdao', 23, '2006-02-15 04:45:25');
insert into sakila.city (city_id, city, country_id, last_update) values (423, 'Qomsheh', 46, '2006-02-15 04:45:25');
insert into sakila.city (city_id, city, country_id, last_update) values (425, 'Rae Bareli', 44, '2006-02-15 04:45:25');
insert into sakila.city (city_id, city, country_id, last_update) values (426, 'Rajkot', 44, '2006-02-15 04:45:25');
insert into sakila.city (city_id, city, country_id, last_update) values (427, 'Rampur', 44, '2006-02-15 04:45:25');
insert into sakila.city (city_id, city, country_id, last_update) values (431, 'Rio Claro', 15, '2006-02-15 04:45:25');
insert into sakila.city (city_id, city, country_id, last_update) values (433, 'Roanoke', 103, '2006-02-15 04:45:25');
insert into sakila.city (city_id, city, country_id, last_update) values (434, 'Robamba', 28, '2006-02-15 04:45:25');
insert into sakila.city (city_id, city, country_id, last_update) values (435, 'Rockford', 103, '2006-02-15 04:45:25');
insert into sakila.city (city_id, city, country_id, last_update) values (436, 'Ruse', 17, '2006-02-15 04:45:25');
insert into sakila.city (city_id, city, country_id, last_update) values (437, 'Rustenburg', 85, '2006-02-15 04:45:25');
insert into sakila.city (city_id, city, country_id, last_update) values (439, 'Saarbrcken', 38, '2006-02-15 04:45:25');
insert into sakila.city (city_id, city, country_id, last_update) values (440, 'Sagamihara', 50, '2006-02-15 04:45:25');
insert into sakila.city (city_id, city, country_id, last_update) values (441, 'Saint Louis', 103, '2006-02-15 04:45:25');
insert into sakila.city (city_id, city, country_id, last_update) values (442, 'Saint-Denis', 79, '2006-02-15 04:45:25');
insert into sakila.city (city_id, city, country_id, last_update) values (444, 'Salala', 71, '2006-02-15 04:45:25');
insert into sakila.city (city_id, city, country_id, last_update) values (445, 'Salamanca', 60, '2006-02-15 04:45:25');
insert into sakila.city (city_id, city, country_id, last_update) values (446, 'Salinas', 103, '2006-02-15 04:45:25');
insert into sakila.city (city_id, city, country_id, last_update) values (447, 'Salzburg', 9, '2006-02-15 04:45:25');
insert into sakila.city (city_id, city, country_id, last_update) values (448, 'Sambhal', 44, '2006-02-15 04:45:25');
insert into sakila.city (city_id, city, country_id, last_update) values (449, 'San Bernardino', 103, '2006-02-15 04:45:25');
insert into sakila.city (city_id, city, country_id, last_update) values (450, 'San Felipe de Puerto Plata', 27, '2006-02-15 04:45:25');
insert into sakila.city (city_id, city, country_id, last_update) values (451, 'San Felipe del Progreso', 60, '2006-02-15 04:45:25');
insert into sakila.city (city_id, city, country_id, last_update) values (452, 'San Juan Bautista Tuxtepec', 60, '2006-02-15 04:45:25');
insert into sakila.city (city_id, city, country_id, last_update) values (453, 'San Lorenzo', 73, '2006-02-15 04:45:25');
insert into sakila.city (city_id, city, country_id, last_update) values (455, 'Sanaa', 107, '2006-02-15 04:45:25');
insert into sakila.city (city_id, city, country_id, last_update) values (456, 'Santa Brbara dOeste', 15, '2006-02-15 04:45:25');
insert into sakila.city (city_id, city, country_id, last_update) values (458, 'Santa Rosa', 75, '2006-02-15 04:45:25');
insert into sakila.city (city_id, city, country_id, last_update) values (460, 'Santiago de los Caballeros', 27, '2006-02-15 04:45:25');
insert into sakila.city (city_id, city, country_id, last_update) values (461, 'Santo Andr', 15, '2006-02-15 04:45:25');
insert into sakila.city (city_id, city, country_id, last_update) values (463, 'Sasebo', 50, '2006-02-15 04:45:25');
insert into sakila.city (city_id, city, country_id, last_update) values (465, 'Sawhaj', 29, '2006-02-15 04:45:25');
insert into sakila.city (city_id, city, country_id, last_update) values (466, 'Serpuhov', 80, '2006-02-15 04:45:25');
insert into sakila.city (city_id, city, country_id, last_update) values (468, 'Shanwei', 23, '2006-02-15 04:45:25');
insert into sakila.city (city_id, city, country_id, last_update) values (470, 'Sharja', 101, '2006-02-15 04:45:25');
insert into sakila.city (city_id, city, country_id, last_update) values (471, 'Shenzhen', 23, '2006-02-15 04:45:25');
insert into sakila.city (city_id, city, country_id, last_update) values (472, 'Shikarpur', 72, '2006-02-15 04:45:25');
insert into sakila.city (city_id, city, country_id, last_update) values (473, 'Shimoga', 44, '2006-02-15 04:45:25');
insert into sakila.city (city_id, city, country_id, last_update) values (474, 'Shimonoseki', 50, '2006-02-15 04:45:25');
insert into sakila.city (city_id, city, country_id, last_update) values (476, 'Shubra al-Khayma', 29, '2006-02-15 04:45:25');
insert into sakila.city (city_id, city, country_id, last_update) values (480, 'Sincelejo', 24, '2006-02-15 04:45:25');
insert into sakila.city (city_id, city, country_id, last_update) values (482, 'Sivas', 97, '2006-02-15 04:45:25');
insert into sakila.city (city_id, city, country_id, last_update) values (483, 'Skikda', 2, '2006-02-15 04:45:25');
insert into sakila.city (city_id, city, country_id, last_update) values (484, 'Smolensk', 80, '2006-02-15 04:45:25');
insert into sakila.city (city_id, city, country_id, last_update) values (486, 'So Leopoldo', 15, '2006-02-15 04:45:25');
insert into sakila.city (city_id, city, country_id, last_update) values (487, 'Sogamoso', 24, '2006-02-15 04:45:25');
insert into sakila.city (city_id, city, country_id, last_update) values (488, 'Sokoto', 69, '2006-02-15 04:45:25');
insert into sakila.city (city_id, city, country_id, last_update) values (489, 'Songkhla', 94, '2006-02-15 04:45:25');
insert into sakila.city (city_id, city, country_id, last_update) values (490, 'Sorocaba', 15, '2006-02-15 04:45:25');
insert into sakila.city (city_id, city, country_id, last_update) values (491, 'Soshanguve', 85, '2006-02-15 04:45:25');
insert into sakila.city (city_id, city, country_id, last_update) values (492, 'Sousse', 96, '2006-02-15 04:45:25');
insert into sakila.city (city_id, city, country_id, last_update) values (493, 'South Hill', 5, '2006-02-15 04:45:25');
insert into sakila.city (city_id, city, country_id, last_update) values (495, 'Southend-on-Sea', 102, '2006-02-15 04:45:25');
insert into sakila.city (city_id, city, country_id, last_update) values (496, 'Southport', 102, '2006-02-15 04:45:25');
insert into sakila.city (city_id, city, country_id, last_update) values (497, 'Springs', 85, '2006-02-15 04:45:25');
insert into sakila.city (city_id, city, country_id, last_update) values (498, 'Stara Zagora', 17, '2006-02-15 04:45:25');
insert into sakila.city (city_id, city, country_id, last_update) values (499, 'Sterling Heights', 103, '2006-02-15 04:45:25');
insert into sakila.city (city_id, city, country_id, last_update) values (501, 'Sucre', 14, '2006-02-15 04:45:25');
insert into sakila.city (city_id, city, country_id, last_update) values (503, 'Sullana', 74, '2006-02-15 04:45:25');
insert into sakila.city (city_id, city, country_id, last_update) values (504, 'Sultanbeyli', 97, '2006-02-15 04:45:25');
insert into sakila.city (city_id, city, country_id, last_update) values (505, 'Sumqayit', 10, '2006-02-15 04:45:25');
insert into sakila.city (city_id, city, country_id, last_update) values (506, 'Sumy', 100, '2006-02-15 04:45:25');
insert into sakila.city (city_id, city, country_id, last_update) values (507, 'Sungai Petani', 59, '2006-02-15 04:45:25');
insert into sakila.city (city_id, city, country_id, last_update) values (509, 'Surakarta', 45, '2006-02-15 04:45:25');
insert into sakila.city (city_id, city, country_id, last_update) values (510, 'Syktyvkar', 80, '2006-02-15 04:45:25');
insert into sakila.city (city_id, city, country_id, last_update) values (511, 'Syrakusa', 49, '2006-02-15 04:45:25');
insert into sakila.city (city_id, city, country_id, last_update) values (514, 'Tabriz', 46, '2006-02-15 04:45:25');
insert into sakila.city (city_id, city, country_id, last_update) values (515, 'Tabuk', 82, '2006-02-15 04:45:25');
insert into sakila.city (city_id, city, country_id, last_update) values (517, 'Taguig', 75, '2006-02-15 04:45:25');
insert into sakila.city (city_id, city, country_id, last_update) values (518, 'Taizz', 107, '2006-02-15 04:45:25');
insert into sakila.city (city_id, city, country_id, last_update) values (519, 'Talavera', 75, '2006-02-15 04:45:25');
insert into sakila.city (city_id, city, country_id, last_update) values (520, 'Tallahassee', 103, '2006-02-15 04:45:25');
insert into sakila.city (city_id, city, country_id, last_update) values (521, 'Tama', 50, '2006-02-15 04:45:25');
insert into sakila.city (city_id, city, country_id, last_update) values (522, 'Tambaram', 44, '2006-02-15 04:45:25');
insert into sakila.city (city_id, city, country_id, last_update) values (523, 'Tanauan', 75, '2006-02-15 04:45:25');
insert into sakila.city (city_id, city, country_id, last_update) values (524, 'Tandil', 6, '2006-02-15 04:45:25');
insert into sakila.city (city_id, city, country_id, last_update) values (525, 'Tangail', 12, '2006-02-15 04:45:25');
insert into sakila.city (city_id, city, country_id, last_update) values (526, 'Tanshui', 92, '2006-02-15 04:45:25');
insert into sakila.city (city_id, city, country_id, last_update) values (527, 'Tanza', 75, '2006-02-15 04:45:25');
insert into sakila.city (city_id, city, country_id, last_update) values (528, 'Tarlac', 75, '2006-02-15 04:45:25');
insert into sakila.city (city_id, city, country_id, last_update) values (529, 'Tarsus', 97, '2006-02-15 04:45:25');
insert into sakila.city (city_id, city, country_id, last_update) values (531, 'Teboksary', 80, '2006-02-15 04:45:25');
insert into sakila.city (city_id, city, country_id, last_update) values (533, 'Tel Aviv-Jaffa', 48, '2006-02-15 04:45:25');
insert into sakila.city (city_id, city, country_id, last_update) values (535, 'Tianjin', 23, '2006-02-15 04:45:25');
insert into sakila.city (city_id, city, country_id, last_update) values (536, 'Tiefa', 23, '2006-02-15 04:45:25');
insert into sakila.city (city_id, city, country_id, last_update) values (539, 'Tonghae', 86, '2006-02-15 04:45:25');
insert into sakila.city (city_id, city, country_id, last_update) values (540, 'Tongliao', 23, '2006-02-15 04:45:25');
insert into sakila.city (city_id, city, country_id, last_update) values (544, 'Toulouse', 34, '2006-02-15 04:45:25');
insert into sakila.city (city_id, city, country_id, last_update) values (546, 'Tsaotun', 92, '2006-02-15 04:45:25');
insert into sakila.city (city_id, city, country_id, last_update) values (547, 'Tsuyama', 50, '2006-02-15 04:45:25');
insert into sakila.city (city_id, city, country_id, last_update) values (549, 'Tychy', 76, '2006-02-15 04:45:25');
insert into sakila.city (city_id, city, country_id, last_update) values (550, 'Udaipur', 44, '2006-02-15 04:45:25');
insert into sakila.city (city_id, city, country_id, last_update) values (551, 'Udine', 49, '2006-02-15 04:45:25');
insert into sakila.city (city_id, city, country_id, last_update) values (553, 'Uijongbu', 86, '2006-02-15 04:45:25');
insert into sakila.city (city_id, city, country_id, last_update) values (554, 'Uluberia', 44, '2006-02-15 04:45:25');
insert into sakila.city (city_id, city, country_id, last_update) values (555, 'Urawa', 50, '2006-02-15 04:45:25');
insert into sakila.city (city_id, city, country_id, last_update) values (556, 'Uruapan', 60, '2006-02-15 04:45:25');
insert into sakila.city (city_id, city, country_id, last_update) values (557, 'Usak', 97, '2006-02-15 04:45:25');
insert into sakila.city (city_id, city, country_id, last_update) values (559, 'Uttarpara-Kotrung', 44, '2006-02-15 04:45:25');
insert into sakila.city (city_id, city, country_id, last_update) values (560, 'Vaduz', 55, '2006-02-15 04:45:25');
insert into sakila.city (city_id, city, country_id, last_update) values (562, 'Valle de la Pascua', 104, '2006-02-15 04:45:25');
insert into sakila.city (city_id, city, country_id, last_update) values (564, 'Valparai', 44, '2006-02-15 04:45:25');
insert into sakila.city (city_id, city, country_id, last_update) values (566, 'Varanasi (Benares)', 44, '2006-02-15 04:45:25');
insert into sakila.city (city_id, city, country_id, last_update) values (567, 'Vicente Lpez', 6, '2006-02-15 04:45:25');
insert into sakila.city (city_id, city, country_id, last_update) values (568, 'Vijayawada', 44, '2006-02-15 04:45:25');
insert into sakila.city (city_id, city, country_id, last_update) values (569, 'Vila Velha', 15, '2006-02-15 04:45:25');
insert into sakila.city (city_id, city, country_id, last_update) values (570, 'Vilnius', 56, '2006-02-15 04:45:25');
insert into sakila.city (city_id, city, country_id, last_update) values (571, 'Vinh', 105, '2006-02-15 04:45:25');
insert into sakila.city (city_id, city, country_id, last_update) values (572, 'Vitria de Santo Anto', 15, '2006-02-15 04:45:25');
insert into sakila.city (city_id, city, country_id, last_update) values (573, 'Warren', 103, '2006-02-15 04:45:25');
insert into sakila.city (city_id, city, country_id, last_update) values (574, 'Weifang', 23, '2006-02-15 04:45:25');
insert into sakila.city (city_id, city, country_id, last_update) values (575, 'Witten', 38, '2006-02-15 04:45:25');
insert into sakila.city (city_id, city, country_id, last_update) values (577, 'Wroclaw', 76, '2006-02-15 04:45:25');
insert into sakila.city (city_id, city, country_id, last_update) values (578, 'Xiangfan', 23, '2006-02-15 04:45:25');
insert into sakila.city (city_id, city, country_id, last_update) values (581, 'Xinxiang', 23, '2006-02-15 04:45:25');
insert into sakila.city (city_id, city, country_id, last_update) values (582, 'Yamuna Nagar', 44, '2006-02-15 04:45:25');
insert into sakila.city (city_id, city, country_id, last_update) values (583, 'Yangor', 65, '2006-02-15 04:45:25');
insert into sakila.city (city_id, city, country_id, last_update) values (584, 'Yantai', 23, '2006-02-15 04:45:25');
insert into sakila.city (city_id, city, country_id, last_update) values (586, 'Yerevan', 7, '2006-02-15 04:45:25');
insert into sakila.city (city_id, city, country_id, last_update) values (589, 'York', 102, '2006-02-15 04:45:25');
insert into sakila.city (city_id, city, country_id, last_update) values (591, 'Yuzhou', 23, '2006-02-15 04:45:25');
insert into sakila.city (city_id, city, country_id, last_update) values (593, 'Zanzibar', 93, '2006-02-15 04:45:25');
insert into sakila.city (city_id, city, country_id, last_update) values (594, 'Zaoyang', 23, '2006-02-15 04:45:25');
insert into sakila.city (city_id, city, country_id, last_update) values (597, 'Zeleznogorsk', 80, '2006-02-15 04:45:25');
insert into sakila.city (city_id, city, country_id, last_update) values (598, 'Zhezqazghan', 51, '2006-02-15 04:45:25');
insert into sakila.city (city_id, city, country_id, last_update) values (599, 'Zhoushan', 23, '2006-02-15 04:45:25');
insert into sakila.city (city_id, city, country_id, last_update) values (600, 'Ziguinchor', 83, '2006-02-15 04:45:25');
insert into sakila.country (country_id, country, last_update) values (8, 'Australia', '2006-02-15 04:44:00');
insert into sakila.country (country_id, country, last_update) values (20, 'Canada', '2006-02-15 04:44:00');
insert into sakila.country (country_id, country, last_update) values (1, 'Afghanistan', '2006-02-15 04:44:00');
insert into sakila.country (country_id, country, last_update) values (2, 'Algeria', '2006-02-15 04:44:00');
insert into sakila.country (country_id, country, last_update) values (4, 'Angola', '2006-02-15 04:44:00');
insert into sakila.country (country_id, country, last_update) values (5, 'Anguilla', '2006-02-15 04:44:00');
insert into sakila.country (country_id, country, last_update) values (6, 'Argentina', '2006-02-15 04:44:00');
insert into sakila.country (country_id, country, last_update) values (7, 'Armenia', '2006-02-15 04:44:00');
insert into sakila.country (country_id, country, last_update) values (9, 'Austria', '2006-02-15 04:44:00');
insert into sakila.country (country_id, country, last_update) values (10, 'Azerbaijan', '2006-02-15 04:44:00');
insert into sakila.country (country_id, country, last_update) values (11, 'Bahrain', '2006-02-15 04:44:00');
insert into sakila.country (country_id, country, last_update) values (12, 'Bangladesh', '2006-02-15 04:44:00');
insert into sakila.country (country_id, country, last_update) values (13, 'Belarus', '2006-02-15 04:44:00');
insert into sakila.country (country_id, country, last_update) values (14, 'Bolivia', '2006-02-15 04:44:00');
insert into sakila.country (country_id, country, last_update) values (15, 'Brazil', '2006-02-15 04:44:00');
insert into sakila.country (country_id, country, last_update) values (16, 'Brunei', '2006-02-15 04:44:00');
insert into sakila.country (country_id, country, last_update) values (17, 'Bulgaria', '2006-02-15 04:44:00');
insert into sakila.country (country_id, country, last_update) values (18, 'Cambodia', '2006-02-15 04:44:00');
insert into sakila.country (country_id, country, last_update) values (19, 'Cameroon', '2006-02-15 04:44:00');
insert into sakila.country (country_id, country, last_update) values (21, 'Chad', '2006-02-15 04:44:00');
insert into sakila.country (country_id, country, last_update) values (22, 'Chile', '2006-02-15 04:44:00');
insert into sakila.country (country_id, country, last_update) values (23, 'China', '2006-02-15 04:44:00');
insert into sakila.country (country_id, country, last_update) values (24, 'Colombia', '2006-02-15 04:44:00');
insert into sakila.country (country_id, country, last_update) values (25, 'Congo, The Democratic Republic of the', '2006-02-15 04:44:00');
insert into sakila.country (country_id, country, last_update) values (26, 'Czech Republic', '2006-02-15 04:44:00');
insert into sakila.country (country_id, country, last_update) values (27, 'Dominican Republic', '2006-02-15 04:44:00');
insert into sakila.country (country_id, country, last_update) values (28, 'Ecuador', '2006-02-15 04:44:00');
insert into sakila.country (country_id, country, last_update) values (29, 'Egypt', '2006-02-15 04:44:00');
insert into sakila.country (country_id, country, last_update) values (31, 'Ethiopia', '2006-02-15 04:44:00');
insert into sakila.country (country_id, country, last_update) values (33, 'Finland', '2006-02-15 04:44:00');
insert into sakila.country (country_id, country, last_update) values (34, 'France', '2006-02-15 04:44:00');
insert into sakila.country (country_id, country, last_update) values (35, 'French Guiana', '2006-02-15 04:44:00');
insert into sakila.country (country_id, country, last_update) values (36, 'French Polynesia', '2006-02-15 04:44:00');
insert into sakila.country (country_id, country, last_update) values (37, 'Gambia', '2006-02-15 04:44:00');
insert into sakila.country (country_id, country, last_update) values (38, 'Germany', '2006-02-15 04:44:00');
insert into sakila.country (country_id, country, last_update) values (39, 'Greece', '2006-02-15 04:44:00');
insert into sakila.country (country_id, country, last_update) values (41, 'Holy See (Vatican City State)', '2006-02-15 04:44:00');
insert into sakila.country (country_id, country, last_update) values (42, 'Hong Kong', '2006-02-15 04:44:00');
insert into sakila.country (country_id, country, last_update) values (44, 'India', '2006-02-15 04:44:00');
insert into sakila.country (country_id, country, last_update) values (45, 'Indonesia', '2006-02-15 04:44:00');
insert into sakila.country (country_id, country, last_update) values (46, 'Iran', '2006-02-15 04:44:00');
insert into sakila.country (country_id, country, last_update) values (47, 'Iraq', '2006-02-15 04:44:00');
insert into sakila.country (country_id, country, last_update) values (48, 'Israel', '2006-02-15 04:44:00');
insert into sakila.country (country_id, country, last_update) values (49, 'Italy', '2006-02-15 04:44:00');
insert into sakila.country (country_id, country, last_update) values (50, 'Japan', '2006-02-15 04:44:00');
insert into sakila.country (country_id, country, last_update) values (51, 'Kazakstan', '2006-02-15 04:44:00');
insert into sakila.country (country_id, country, last_update) values (52, 'Kenya', '2006-02-15 04:44:00');
insert into sakila.country (country_id, country, last_update) values (53, 'Kuwait', '2006-02-15 04:44:00');
insert into sakila.country (country_id, country, last_update) values (54, 'Latvia', '2006-02-15 04:44:00');
insert into sakila.country (country_id, country, last_update) values (55, 'Liechtenstein', '2006-02-15 04:44:00');
insert into sakila.country (country_id, country, last_update) values (56, 'Lithuania', '2006-02-15 04:44:00');
insert into sakila.country (country_id, country, last_update) values (57, 'Madagascar', '2006-02-15 04:44:00');
insert into sakila.country (country_id, country, last_update) values (58, 'Malawi', '2006-02-15 04:44:00');
insert into sakila.country (country_id, country, last_update) values (59, 'Malaysia', '2006-02-15 04:44:00');
insert into sakila.country (country_id, country, last_update) values (60, 'Mexico', '2006-02-15 04:44:00');
insert into sakila.country (country_id, country, last_update) values (61, 'Moldova', '2006-02-15 04:44:00');
insert into sakila.country (country_id, country, last_update) values (62, 'Morocco', '2006-02-15 04:44:00');
insert into sakila.country (country_id, country, last_update) values (63, 'Mozambique', '2006-02-15 04:44:00');
insert into sakila.country (country_id, country, last_update) values (64, 'Myanmar', '2006-02-15 04:44:00');
insert into sakila.country (country_id, country, last_update) values (65, 'Nauru', '2006-02-15 04:44:00');
insert into sakila.country (country_id, country, last_update) values (67, 'Netherlands', '2006-02-15 04:44:00');
insert into sakila.country (country_id, country, last_update) values (68, 'New Zealand', '2006-02-15 04:44:00');
insert into sakila.country (country_id, country, last_update) values (69, 'Nigeria', '2006-02-15 04:44:00');
insert into sakila.country (country_id, country, last_update) values (70, 'North Korea', '2006-02-15 04:44:00');
insert into sakila.country (country_id, country, last_update) values (71, 'Oman', '2006-02-15 04:44:00');
insert into sakila.country (country_id, country, last_update) values (72, 'Pakistan', '2006-02-15 04:44:00');
insert into sakila.country (country_id, country, last_update) values (73, 'Paraguay', '2006-02-15 04:44:00');
insert into sakila.country (country_id, country, last_update) values (74, 'Peru', '2006-02-15 04:44:00');
insert into sakila.country (country_id, country, last_update) values (75, 'Philippines', '2006-02-15 04:44:00');
insert into sakila.country (country_id, country, last_update) values (76, 'Poland', '2006-02-15 04:44:00');
insert into sakila.country (country_id, country, last_update) values (77, 'Puerto Rico', '2006-02-15 04:44:00');
insert into sakila.country (country_id, country, last_update) values (78, 'Romania', '2006-02-15 04:44:00');
insert into sakila.country (country_id, country, last_update) values (79, 'Runion', '2006-02-15 04:44:00');
insert into sakila.country (country_id, country, last_update) values (80, 'Russian Federation', '2006-02-15 04:44:00');
insert into sakila.country (country_id, country, last_update) values (81, 'Saint Vincent and the Grenadines', '2006-02-15 04:44:00');
insert into sakila.country (country_id, country, last_update) values (82, 'Saudi Arabia', '2006-02-15 04:44:00');
insert into sakila.country (country_id, country, last_update) values (83, 'Senegal', '2006-02-15 04:44:00');
insert into sakila.country (country_id, country, last_update) values (84, 'Slovakia', '2006-02-15 04:44:00');
insert into sakila.country (country_id, country, last_update) values (85, 'South Africa', '2006-02-15 04:44:00');
insert into sakila.country (country_id, country, last_update) values (86, 'South Korea', '2006-02-15 04:44:00');
insert into sakila.country (country_id, country, last_update) values (87, 'Spain', '2006-02-15 04:44:00');
insert into sakila.country (country_id, country, last_update) values (88, 'Sri Lanka', '2006-02-15 04:44:00');
insert into sakila.country (country_id, country, last_update) values (89, 'Sudan', '2006-02-15 04:44:00');
insert into sakila.country (country_id, country, last_update) values (90, 'Sweden', '2006-02-15 04:44:00');
insert into sakila.country (country_id, country, last_update) values (91, 'Switzerland', '2006-02-15 04:44:00');
insert into sakila.country (country_id, country, last_update) values (92, 'Taiwan', '2006-02-15 04:44:00');
insert into sakila.country (country_id, country, last_update) values (93, 'Tanzania', '2006-02-15 04:44:00');
insert into sakila.country (country_id, country, last_update) values (94, 'Thailand', '2006-02-15 04:44:00');
insert into sakila.country (country_id, country, last_update) values (95, 'Tonga', '2006-02-15 04:44:00');
insert into sakila.country (country_id, country, last_update) values (96, 'Tunisia', '2006-02-15 04:44:00');
insert into sakila.country (country_id, country, last_update) values (97, 'Turkey', '2006-02-15 04:44:00');
insert into sakila.country (country_id, country, last_update) values (98, 'Turkmenistan', '2006-02-15 04:44:00');
insert into sakila.country (country_id, country, last_update) values (99, 'Tuvalu', '2006-02-15 04:44:00');
insert into sakila.country (country_id, country, last_update) values (100, 'Ukraine', '2006-02-15 04:44:00');
insert into sakila.country (country_id, country, last_update) values (101, 'United Arab Emirates', '2006-02-15 04:44:00');
insert into sakila.country (country_id, country, last_update) values (102, 'United Kingdom', '2006-02-15 04:44:00');
insert into sakila.country (country_id, country, last_update) values (103, 'United States', '2006-02-15 04:44:00');
insert into sakila.country (country_id, country, last_update) values (104, 'Venezuela', '2006-02-15 04:44:00');
insert into sakila.country (country_id, country, last_update) values (105, 'Vietnam', '2006-02-15 04:44:00');
insert into sakila.country (country_id, country, last_update) values (106, 'Virgin Islands, U.S.', '2006-02-15 04:44:00');
insert into sakila.country (country_id, country, last_update) values (107, 'Yemen', '2006-02-15 04:44:00');
insert into sakila.country (country_id, country, last_update) values (108, 'Yugoslavia', '2006-02-15 04:44:00');
insert into sakila.rental (rental_id, rental_date, inventory_id, customer_id, return_date, staff_id, last_update) values (13, '2005-05-25 00:22:55', 2294, 334, '2005-05-30 04:28:55', 1, '2006-02-15 21:30:53');
insert into sakila.rental (rental_id, rental_date, inventory_id, customer_id, return_date, staff_id, last_update) values (21, '2005-05-25 01:59:46', 146, 388, '2005-05-26 01:01:46', 2, '2006-02-15 21:30:53');
insert into sakila.rental (rental_id, rental_date, inventory_id, customer_id, return_date, staff_id, last_update) values (29, '2005-05-25 03:47:12', 611, 44, '2005-05-30 00:31:12', 2, '2006-02-15 21:30:53');
insert into sakila.rental (rental_id, rental_date, inventory_id, customer_id, return_date, staff_id, last_update) values (53, '2005-05-25 07:19:16', 1255, 569, '2005-05-27 05:19:16', 2, '2006-02-15 21:30:53');
insert into sakila.rental (rental_id, rental_date, inventory_id, customer_id, return_date, staff_id, last_update) values (240, '2005-05-26 12:40:23', 3420, 103, '2005-06-04 07:22:23', 1, '2006-02-15 21:30:53');
insert into sakila.rental (rental_id, rental_date, inventory_id, customer_id, return_date, staff_id, last_update) values (241, '2005-05-26 12:49:01', 4438, 245, '2005-05-28 11:43:01', 2, '2006-02-15 21:30:53');
insert into sakila.rental (rental_id, rental_date, inventory_id, customer_id, return_date, staff_id, last_update) values (282, '2005-05-26 18:56:26', 4486, 282, '2005-06-01 16:32:26', 2, '2006-02-15 21:30:53');
insert into sakila.rental (rental_id, rental_date, inventory_id, customer_id, return_date, staff_id, last_update) values (318, '2005-05-26 23:37:39', 2559, 60, '2005-06-03 04:31:39', 2, '2006-02-15 21:30:53');
insert into sakila.rental (rental_id, rental_date, inventory_id, customer_id, return_date, staff_id, last_update) values (361, '2005-05-27 07:03:28', 6, 587, '2005-05-31 08:01:28', 1, '2006-02-15 21:30:53');
insert into sakila.rental (rental_id, rental_date, inventory_id, customer_id, return_date, staff_id, last_update) values (408, '2005-05-27 13:57:39', 1438, 84, '2005-05-28 11:57:39', 1, '2006-02-15 21:30:53');
insert into sakila.rental (rental_id, rental_date, inventory_id, customer_id, return_date, staff_id, last_update) values (411, '2005-05-27 14:14:14', 1434, 388, '2005-06-03 17:39:14', 1, '2006-02-15 21:30:53');
insert into sakila.rental (rental_id, rental_date, inventory_id, customer_id, return_date, staff_id, last_update) values (429, '2005-05-27 16:21:26', 129, 498, '2005-06-05 20:23:26', 2, '2006-02-15 21:30:53');
insert into sakila.rental (rental_id, rental_date, inventory_id, customer_id, return_date, staff_id, last_update) values (449, '2005-05-27 19:13:15', 2469, 172, '2005-06-04 01:08:15', 2, '2006-02-15 21:30:53');
insert into sakila.rental (rental_id, rental_date, inventory_id, customer_id, return_date, staff_id, last_update) values (495, '2005-05-28 00:40:48', 1007, 526, '2005-05-29 06:07:48', 1, '2006-02-15 21:30:53');
insert into sakila.rental (rental_id, rental_date, inventory_id, customer_id, return_date, staff_id, last_update) values (506, '2005-05-28 02:09:19', 667, 469, '2005-06-05 20:34:19', 1, '2006-02-15 21:30:53');
insert into sakila.rental (rental_id, rental_date, inventory_id, customer_id, return_date, staff_id, last_update) values (514, '2005-05-28 03:09:28', 1697, 597, '2005-06-05 00:49:28', 2, '2006-02-15 21:30:53');
insert into sakila.rental (rental_id, rental_date, inventory_id, customer_id, return_date, staff_id, last_update) values (528, '2005-05-28 04:30:05', 1655, 359, '2005-06-03 10:01:05', 2, '2006-02-15 21:30:53');
insert into sakila.rental (rental_id, rental_date, inventory_id, customer_id, return_date, staff_id, last_update) values (560, '2005-05-28 08:53:02', 644, 463, '2005-06-04 12:27:02', 2, '2006-02-15 21:30:53');
insert into sakila.rental (rental_id, rental_date, inventory_id, customer_id, return_date, staff_id, last_update) values (570, '2005-05-28 10:15:04', 1122, 21, '2005-05-30 08:32:04', 1, '2006-02-15 21:30:53');
insert into sakila.rental (rental_id, rental_date, inventory_id, customer_id, return_date, staff_id, last_update) values (607, '2005-05-28 15:02:41', 2561, 554, '2005-05-30 12:54:41', 2, '2006-02-15 21:30:53');
insert into sakila.rental (rental_id, rental_date, inventory_id, customer_id, return_date, staff_id, last_update) values (630, '2005-05-28 17:24:51', 1254, 417, '2005-06-05 20:05:51', 2, '2006-02-15 21:30:53');
insert into sakila.rental (rental_id, rental_date, inventory_id, customer_id, return_date, staff_id, last_update) values (650, '2005-05-28 19:45:40', 4384, 281, '2005-05-29 21:02:40', 1, '2006-02-15 21:30:53');
insert into sakila.rental (rental_id, rental_date, inventory_id, customer_id, return_date, staff_id, last_update) values (653, '2005-05-28 20:12:20', 126, 327, '2005-06-04 14:44:20', 2, '2006-02-15 21:30:53');
insert into sakila.rental (rental_id, rental_date, inventory_id, customer_id, return_date, staff_id, last_update) values (676, '2005-05-28 22:27:51', 2329, 490, '2005-05-29 20:36:51', 2, '2006-02-15 21:30:53');
insert into sakila.rental (rental_id, rental_date, inventory_id, customer_id, return_date, staff_id, last_update) values (703, '2005-05-29 02:29:36', 1123, 269, '2005-06-03 04:54:36', 2, '2006-02-15 21:30:53');
insert into sakila.rental (rental_id, rental_date, inventory_id, customer_id, return_date, staff_id, last_update) values (732, '2005-05-29 07:32:51', 2530, 447, '2005-05-30 10:08:51', 2, '2006-02-15 21:30:53');
insert into sakila.rental (rental_id, rental_date, inventory_id, customer_id, return_date, staff_id, last_update) values (735, '2005-05-29 08:08:13', 3421, 454, '2005-06-07 13:35:13', 1, '2006-02-15 21:30:53');
insert into sakila.rental (rental_id, rental_date, inventory_id, customer_id, return_date, staff_id, last_update) values (743, '2005-05-29 08:39:02', 2528, 548, '2005-06-06 08:42:02', 2, '2006-02-15 21:30:53');
insert into sakila.rental (rental_id, rental_date, inventory_id, customer_id, return_date, staff_id, last_update) values (761, '2005-05-29 11:09:01', 2342, 58, '2005-06-03 16:18:01', 2, '2006-02-15 21:30:53');
insert into sakila.rental (rental_id, rental_date, inventory_id, customer_id, return_date, staff_id, last_update) values (788, '2005-05-29 16:13:55', 763, 562, '2005-05-31 16:40:55', 1, '2006-02-15 21:30:53');
insert into sakila.rental (rental_id, rental_date, inventory_id, customer_id, return_date, staff_id, last_update) values (795, '2005-05-29 16:57:39', 609, 551, '2005-06-01 11:33:39', 2, '2006-02-15 21:30:53');
insert into sakila.rental (rental_id, rental_date, inventory_id, customer_id, return_date, staff_id, last_update) values (809, '2005-05-29 19:10:20', 2114, 222, '2005-06-05 19:05:20', 2, '2006-02-15 21:30:53');
insert into sakila.rental (rental_id, rental_date, inventory_id, customer_id, return_date, staff_id, last_update) values (828, '2005-05-29 22:14:55', 2468, 217, '2005-05-30 17:22:55', 1, '2006-02-15 21:30:53');
insert into sakila.rental (rental_id, rental_date, inventory_id, customer_id, return_date, staff_id, last_update) values (847, '2005-05-30 01:18:15', 4387, 380, '2005-06-06 20:20:15', 2, '2006-02-15 21:30:53');
insert into sakila.rental (rental_id, rental_date, inventory_id, customer_id, return_date, staff_id, last_update) values (855, '2005-05-30 02:00:28', 2527, 406, '2005-06-03 20:16:28', 2, '2006-02-15 21:30:53');
insert into sakila.rental (rental_id, rental_date, inventory_id, customer_id, return_date, staff_id, last_update) values (885, '2005-05-30 06:54:28', 646, 62, '2005-06-03 07:03:28', 2, '2006-02-15 21:30:53');
insert into sakila.rental (rental_id, rental_date, inventory_id, customer_id, return_date, staff_id, last_update) values (901, '2005-05-30 09:40:40', 760, 259, '2005-06-02 10:32:40', 1, '2006-02-15 21:30:53');
insert into sakila.rental (rental_id, rental_date, inventory_id, customer_id, return_date, staff_id, last_update) values (944, '2005-05-30 15:26:24', 151, 131, '2005-06-07 18:09:24', 2, '2006-02-15 21:30:53');
insert into sakila.rental (rental_id, rental_date, inventory_id, customer_id, return_date, staff_id, last_update) values (952, '2005-05-30 16:28:07', 4389, 311, '2005-06-02 16:12:07', 2, '2006-02-15 21:30:53');
insert into sakila.rental (rental_id, rental_date, inventory_id, customer_id, return_date, staff_id, last_update) values (956, '2005-05-30 17:30:28', 647, 296, '2005-06-07 13:54:28', 2, '2006-02-15 21:30:53');
insert into sakila.rental (rental_id, rental_date, inventory_id, customer_id, return_date, staff_id, last_update) values (968, '2005-05-30 19:20:03', 119, 576, '2005-05-31 18:17:03', 2, '2006-02-15 21:30:53');
insert into sakila.rental (rental_id, rental_date, inventory_id, customer_id, return_date, staff_id, last_update) values (972, '2005-05-30 20:21:07', 2, 411, '2005-06-06 00:36:07', 1, '2006-02-15 21:30:53');
insert into sakila.rental (rental_id, rental_date, inventory_id, customer_id, return_date, staff_id, last_update) values (989, '2005-05-30 23:11:51', 4388, 83, '2005-06-03 20:36:51', 2, '2006-02-15 21:30:53');
insert into sakila.rental (rental_id, rental_date, inventory_id, customer_id, return_date, staff_id, last_update) values (1011, '2005-05-31 02:05:39', 118, 164, '2005-06-04 21:27:39', 2, '2006-02-15 21:30:53');
insert into sakila.rental (rental_id, rental_date, inventory_id, customer_id, return_date, staff_id, last_update) values (1033, '2005-05-31 04:50:07', 14, 25, '2005-06-02 01:53:07', 1, '2006-02-15 21:30:53');
insert into sakila.rental (rental_id, rental_date, inventory_id, customer_id, return_date, staff_id, last_update) values (1038, '2005-05-31 05:23:47', 1253, 385, '2005-06-02 03:57:47', 2, '2006-02-15 21:30:53');
insert into sakila.rental (rental_id, rental_date, inventory_id, customer_id, return_date, staff_id, last_update) values (1062, '2005-05-31 08:38:20', 2223, 176, '2005-06-09 08:23:20', 2, '2006-02-15 21:30:53');
insert into sakila.rental (rental_id, rental_date, inventory_id, customer_id, return_date, staff_id, last_update) values (1064, '2005-05-31 08:50:07', 2373, 460, '2005-06-02 14:47:07', 2, '2006-02-15 21:30:53');
insert into sakila.rental (rental_id, rental_date, inventory_id, customer_id, return_date, staff_id, last_update) values (1068, '2005-05-31 09:32:15', 150, 443, '2005-06-01 11:20:15', 1, '2006-02-15 21:30:53');
insert into sakila.rental (rental_id, rental_date, inventory_id, customer_id, return_date, staff_id, last_update) values (1108, '2005-05-31 15:05:12', 2562, 254, '2005-06-09 19:48:12', 2, '2006-02-15 21:30:53');
insert into sakila.rental (rental_id, rental_date, inventory_id, customer_id, return_date, staff_id, last_update) values (1121, '2005-05-31 16:37:36', 1691, 74, '2005-06-06 21:02:36', 1, '2006-02-15 21:30:53');
insert into sakila.rental (rental_id, rental_date, inventory_id, customer_id, return_date, staff_id, last_update) values (1139, '2005-05-31 19:34:52', 666, 562, '2005-06-06 17:40:52', 1, '2006-02-15 21:30:53');
insert into sakila.rental (rental_id, rental_date, inventory_id, customer_id, return_date, staff_id, last_update) values (1152, '2005-05-31 21:32:17', 210, 191, '2005-06-04 21:07:17', 2, '2006-02-15 21:30:53');
insert into sakila.rental (rental_id, rental_date, inventory_id, customer_id, return_date, staff_id, last_update) values (1161, '2005-06-14 23:07:08', 1690, 285, '2005-06-21 17:12:08', 1, '2006-02-15 21:30:53');
insert into sakila.rental (rental_id, rental_date, inventory_id, customer_id, return_date, staff_id, last_update) values (1203, '2005-06-15 02:09:02', 2223, 452, '2005-06-21 00:04:02', 1, '2006-02-15 21:30:53');
insert into sakila.rental (rental_id, rental_date, inventory_id, customer_id, return_date, staff_id, last_update) values (1210, '2005-06-15 02:57:51', 7, 345, '2005-06-20 01:41:51', 2, '2006-02-15 21:30:53');
insert into sakila.rental (rental_id, rental_date, inventory_id, customer_id, return_date, staff_id, last_update) values (1256, '2005-06-15 06:13:57', 1437, 470, '2005-06-16 06:54:57', 2, '2006-02-15 21:30:53');
insert into sakila.rental (rental_id, rental_date, inventory_id, customer_id, return_date, staff_id, last_update) values (1313, '2005-06-15 10:18:34', 1657, 448, '2005-06-23 06:25:34', 1, '2006-02-15 21:30:53');
insert into sakila.rental (rental_id, rental_date, inventory_id, customer_id, return_date, staff_id, last_update) values (1336, '2005-06-15 12:01:34', 1696, 290, '2005-06-23 12:05:34', 1, '2006-02-15 21:30:53');
insert into sakila.rental (rental_id, rental_date, inventory_id, customer_id, return_date, staff_id, last_update) values (1364, '2005-06-15 14:05:32', 115, 400, '2005-06-16 15:31:32', 1, '2006-02-15 21:30:53');
insert into sakila.rental (rental_id, rental_date, inventory_id, customer_id, return_date, staff_id, last_update) values (1370, '2005-06-15 14:31:05', 644, 396, '2005-06-22 19:23:05', 2, '2006-02-15 21:30:53');
insert into sakila.rental (rental_id, rental_date, inventory_id, customer_id, return_date, staff_id, last_update) values (1371, '2005-06-15 14:38:15', 760, 491, '2005-06-23 15:36:15', 1, '2006-02-15 21:30:53');
insert into sakila.rental (rental_id, rental_date, inventory_id, customer_id, return_date, staff_id, last_update) values (1396, '2005-06-15 16:22:38', 1007, 103, '2005-06-17 15:53:38', 2, '2006-02-15 21:30:53');
insert into sakila.rental (rental_id, rental_date, inventory_id, customer_id, return_date, staff_id, last_update) values (1399, '2005-06-15 16:29:51', 1435, 469, '2005-06-18 14:06:51', 1, '2006-02-15 21:30:53');
insert into sakila.rental (rental_id, rental_date, inventory_id, customer_id, return_date, staff_id, last_update) values (1427, '2005-06-15 18:17:28', 14, 100, '2005-06-16 15:47:28', 1, '2006-02-15 21:30:53');
insert into sakila.rental (rental_id, rental_date, inventory_id, customer_id, return_date, staff_id, last_update) values (1465, '2005-06-15 20:43:08', 609, 387, '2005-06-18 23:00:08', 1, '2006-02-15 21:30:53');
insert into sakila.rental (rental_id, rental_date, inventory_id, customer_id, return_date, staff_id, last_update) values (1473, '2005-06-15 20:55:20', 2377, 249, '2005-06-21 16:40:20', 2, '2006-02-15 21:30:53');
insert into sakila.rental (rental_id, rental_date, inventory_id, customer_id, return_date, staff_id, last_update) values (1503, '2005-06-15 22:07:09', 763, 197, '2005-06-20 23:15:09', 1, '2006-02-15 21:30:53');
insert into sakila.rental (rental_id, rental_date, inventory_id, customer_id, return_date, staff_id, last_update) values (1520, '2005-06-15 23:57:20', 3419, 341, '2005-06-24 23:46:20', 1, '2006-02-15 21:30:53');
insert into sakila.rental (rental_id, rental_date, inventory_id, customer_id, return_date, staff_id, last_update) values (1524, '2005-06-16 00:25:52', 3439, 177, '2005-06-19 03:32:52', 1, '2006-02-15 21:30:53');
insert into sakila.rental (rental_id, rental_date, inventory_id, customer_id, return_date, staff_id, last_update) values (1525, '2005-06-16 00:26:07', 1467, 304, '2005-06-19 22:37:07', 2, '2006-02-15 21:30:53');
insert into sakila.rental (rental_id, rental_date, inventory_id, customer_id, return_date, staff_id, last_update) values (1545, '2005-06-16 01:31:23', 762, 563, '2005-06-24 05:50:23', 1, '2006-02-15 21:30:53');
insert into sakila.rental (rental_id, rental_date, inventory_id, customer_id, return_date, staff_id, last_update) values (1592, '2005-06-16 05:14:37', 3798, 187, '2005-06-20 10:52:37', 2, '2006-02-15 21:30:53');
insert into sakila.rental (rental_id, rental_date, inventory_id, customer_id, return_date, staff_id, last_update) values (1623, '2005-06-16 07:48:50', 4485, 378, '2005-06-17 03:53:50', 2, '2006-02-15 21:30:53');
insert into sakila.rental (rental_id, rental_date, inventory_id, customer_id, return_date, staff_id, last_update) values (1645, '2005-06-16 09:10:06', 4434, 234, '2005-06-23 04:36:06', 2, '2006-02-15 21:30:53');
insert into sakila.rental (rental_id, rental_date, inventory_id, customer_id, return_date, staff_id, last_update) values (1653, '2005-06-16 09:34:45', 2294, 517, '2005-06-18 09:13:45', 1, '2006-02-15 21:30:53');
insert into sakila.rental (rental_id, rental_date, inventory_id, customer_id, return_date, staff_id, last_update) values (1660, '2005-06-16 10:12:55', 2374, 238, '2005-06-18 05:56:55', 2, '2006-02-15 21:30:53');
insert into sakila.rental (rental_id, rental_date, inventory_id, customer_id, return_date, staff_id, last_update) values (1691, '2005-06-16 12:24:28', 4438, 492, '2005-06-24 08:24:28', 1, '2006-02-15 21:30:53');
insert into sakila.rental (rental_id, rental_date, inventory_id, customer_id, return_date, staff_id, last_update) values (1694, '2005-06-16 12:40:23', 147, 532, '2005-06-20 09:18:23', 2, '2006-02-15 21:30:53');
insert into sakila.rental (rental_id, rental_date, inventory_id, customer_id, return_date, staff_id, last_update) values (1695, '2005-06-16 12:40:28', 4436, 159, '2005-06-22 13:41:28', 1, '2006-02-15 21:30:53');
insert into sakila.rental (rental_id, rental_date, inventory_id, customer_id, return_date, staff_id, last_update) values (1726, '2005-06-16 15:19:10', 116, 3, '2005-06-25 11:39:10', 2, '2006-02-15 21:30:53');
insert into sakila.rental (rental_id, rental_date, inventory_id, customer_id, return_date, staff_id, last_update) values (1780, '2005-06-16 19:11:45', 146, 352, '2005-06-19 15:34:45', 2, '2006-02-15 21:30:53');
insert into sakila.rental (rental_id, rental_date, inventory_id, customer_id, return_date, staff_id, last_update) values (1792, '2005-06-16 20:04:50', 3800, 351, '2005-06-26 00:57:50', 1, '2006-02-15 21:30:53');
insert into sakila.rental (rental_id, rental_date, inventory_id, customer_id, return_date, staff_id, last_update) values (1798, '2005-06-16 20:16:15', 1654, 429, '2005-06-20 22:23:15', 2, '2006-02-15 21:30:53');
insert into sakila.rental (rental_id, rental_date, inventory_id, customer_id, return_date, staff_id, last_update) values (1848, '2005-06-17 00:07:07', 3797, 526, '2005-06-21 21:41:07', 2, '2006-02-15 21:30:53');
insert into sakila.rental (rental_id, rental_date, inventory_id, customer_id, return_date, staff_id, last_update) values (1850, '2005-06-17 00:31:35', 761, 517, '2005-06-25 05:19:35', 1, '2006-02-15 21:30:53');
insert into sakila.rental (rental_id, rental_date, inventory_id, customer_id, return_date, staff_id, last_update) values (1851, '2005-06-17 00:32:26', 1121, 451, '2005-06-22 19:54:26', 2, '2006-02-15 21:30:53');
insert into sakila.rental (rental_id, rental_date, inventory_id, customer_id, return_date, staff_id, last_update) values (1854, '2005-06-17 00:43:57', 119, 37, '2005-06-23 05:49:57', 1, '2006-02-15 21:30:53');
insert into sakila.rental (rental_id, rental_date, inventory_id, customer_id, return_date, staff_id, last_update) values (1871, '2005-06-17 02:25:12', 481, 204, '2005-06-23 03:16:12', 2, '2006-02-15 21:30:53');
insert into sakila.rental (rental_id, rental_date, inventory_id, customer_id, return_date, staff_id, last_update) values (1875, '2005-06-17 02:45:10', 1652, 528, '2005-06-22 22:54:10', 2, '2006-02-15 21:30:53');
insert into sakila.rental (rental_id, rental_date, inventory_id, customer_id, return_date, staff_id, last_update) values (1894, '2005-06-17 04:18:48', 3707, 204, '2005-06-26 00:07:48', 1, '2006-02-15 21:30:53');
insert into sakila.rental (rental_id, rental_date, inventory_id, customer_id, return_date, staff_id, last_update) values (1901, '2005-06-17 04:35:19', 2469, 292, '2005-06-25 06:09:19', 2, '2006-02-15 21:30:53');
insert into sakila.rental (rental_id, rental_date, inventory_id, customer_id, return_date, staff_id, last_update) values (1962, '2005-06-17 09:08:58', 4386, 536, '2005-06-23 14:55:58', 1, '2006-02-15 21:30:53');
insert into sakila.rental (rental_id, rental_date, inventory_id, customer_id, return_date, staff_id, last_update) values (1965, '2005-06-17 09:17:39', 480, 256, '2005-06-18 12:35:39', 2, '2006-02-15 21:30:53');
insert into sakila.rental (rental_id, rental_date, inventory_id, customer_id, return_date, staff_id, last_update) values (1972, '2005-06-17 09:25:49', 2758, 526, '2005-06-24 09:59:49', 2, '2006-02-15 21:30:53');
insert into sakila.rental (rental_id, rental_date, inventory_id, customer_id, return_date, staff_id, last_update) values (1977, '2005-06-17 09:38:22', 2468, 459, '2005-06-23 14:19:22', 2, '2006-02-15 21:30:53');
insert into sakila.rental (rental_id, rental_date, inventory_id, customer_id, return_date, staff_id, last_update) values (2007, '2005-06-17 11:47:17', 1123, 572, '2005-06-21 07:19:17', 1, '2006-02-15 21:30:53');
insert into sakila.rental (rental_id, rental_date, inventory_id, customer_id, return_date, staff_id, last_update) values (2017, '2005-06-17 12:33:30', 1434, 516, '2005-06-19 10:08:30', 2, '2006-02-15 21:30:53');
insert into sakila.rental (rental_id, rental_date, inventory_id, customer_id, return_date, staff_id, last_update) values (2066, '2005-06-17 16:07:08', 2561, 248, '2005-06-24 15:20:08', 2, '2006-02-15 21:30:53');
insert into sakila.rental (rental_id, rental_date, inventory_id, customer_id, return_date, staff_id, last_update) values (2103, '2005-06-17 19:13:10', 1469, 456, '2005-06-21 21:32:10', 2, '2006-02-15 21:30:53');
insert into sakila.rental (rental_id, rental_date, inventory_id, customer_id, return_date, staff_id, last_update) values (2116, '2005-06-17 20:16:12', 2373, 24, '2005-06-18 17:03:12', 2, '2006-02-15 21:30:53');
insert into sakila.rental (rental_id, rental_date, inventory_id, customer_id, return_date, staff_id, last_update) values (2117, '2005-06-17 20:24:00', 2, 170, '2005-06-23 17:45:00', 2, '2006-02-15 21:30:53');
insert into sakila.rental (rental_id, rental_date, inventory_id, customer_id, return_date, staff_id, last_update) values (2154, '2005-06-17 22:59:42', 1655, 30, '2005-06-24 04:11:42', 1, '2006-02-15 21:30:53');
insert into sakila.rental (rental_id, rental_date, inventory_id, customer_id, return_date, staff_id, last_update) values (2243, '2005-06-18 04:33:03', 1254, 328, '2005-06-23 04:14:03', 2, '2006-02-15 21:30:53');
insert into sakila.rental (rental_id, rental_date, inventory_id, customer_id, return_date, staff_id, last_update) values (2249, '2005-06-18 05:03:08', 117, 285, '2005-06-26 05:43:08', 2, '2006-02-15 21:30:53');
insert into sakila.rental (rental_id, rental_date, inventory_id, customer_id, return_date, staff_id, last_update) values (2264, '2005-06-18 05:58:45', 150, 240, '2005-06-19 00:57:45', 1, '2006-02-15 21:30:53');
insert into sakila.rental (rental_id, rental_date, inventory_id, customer_id, return_date, staff_id, last_update) values (2282, '2005-06-18 06:48:23', 4388, 113, '2005-06-24 11:04:23', 2, '2006-02-15 21:30:53');
insert into sakila.rental (rental_id, rental_date, inventory_id, customer_id, return_date, staff_id, last_update) values (2309, '2005-06-18 08:43:24', 611, 576, '2005-06-20 03:56:24', 1, '2006-02-15 21:30:53');
insert into sakila.rental (rental_id, rental_date, inventory_id, customer_id, return_date, staff_id, last_update) values (2344, '2005-06-18 12:01:47', 2015, 498, '2005-06-19 11:56:47', 2, '2006-02-15 21:30:53');
insert into sakila.rental (rental_id, rental_date, inventory_id, customer_id, return_date, staff_id, last_update) values (2419, '2005-06-18 17:21:24', 1255, 102, '2005-06-26 18:25:24', 1, '2006-02-15 21:30:53');
insert into sakila.rental (rental_id, rental_date, inventory_id, customer_id, return_date, staff_id, last_update) values (2453, '2005-06-18 19:30:53', 2562, 588, '2005-06-20 17:22:53', 1, '2006-02-15 21:30:53');
insert into sakila.rental (rental_id, rental_date, inventory_id, customer_id, return_date, staff_id, last_update) values (2467, '2005-06-18 20:20:05', 4387, 177, '2005-06-20 17:01:05', 1, '2006-02-15 21:30:53');
insert into sakila.rental (rental_id, rental_date, inventory_id, customer_id, return_date, staff_id, last_update) values (2496, '2005-06-18 22:20:11', 646, 527, '2005-06-20 03:08:11', 2, '2006-02-15 21:30:53');
insert into sakila.rental (rental_id, rental_date, inventory_id, customer_id, return_date, staff_id, last_update) values (2514, '2005-06-18 23:56:44', 2559, 382, '2005-06-23 21:10:44', 1, '2006-02-15 21:30:53');
insert into sakila.rental (rental_id, rental_date, inventory_id, customer_id, return_date, staff_id, last_update) values (2541, '2005-06-19 02:08:10', 129, 360, '2005-06-23 23:32:10', 1, '2006-02-15 21:30:53');
insert into sakila.rental (rental_id, rental_date, inventory_id, customer_id, return_date, staff_id, last_update) values (2556, '2005-06-19 03:07:32', 125, 377, '2005-06-23 23:09:32', 1, '2006-02-15 21:30:53');
insert into sakila.rental (rental_id, rental_date, inventory_id, customer_id, return_date, staff_id, last_update) values (2578, '2005-06-19 04:40:06', 1695, 267, '2005-06-26 09:37:06', 2, '2006-02-15 21:30:53');
insert into sakila.rental (rental_id, rental_date, inventory_id, customer_id, return_date, staff_id, last_update) values (2580, '2005-06-19 04:44:30', 2527, 219, '2005-06-23 04:15:30', 1, '2006-02-15 21:30:53');
insert into sakila.rental (rental_id, rental_date, inventory_id, customer_id, return_date, staff_id, last_update) values (2605, '2005-06-19 06:48:01', 2342, 38, '2005-06-25 07:00:01', 1, '2006-02-15 21:30:53');
insert into sakila.rental (rental_id, rental_date, inventory_id, customer_id, return_date, staff_id, last_update) values (2612, '2005-06-19 07:19:41', 1691, 287, '2005-06-25 11:10:41', 1, '2006-02-15 21:30:53');
insert into sakila.rental (rental_id, rental_date, inventory_id, customer_id, return_date, staff_id, last_update) values (2677, '2005-06-19 12:01:59', 4384, 428, '2005-06-21 06:15:59', 2, '2006-02-15 21:30:53');
insert into sakila.rental (rental_id, rental_date, inventory_id, customer_id, return_date, staff_id, last_update) values (2707, '2005-06-19 13:57:08', 4486, 589, '2005-06-27 11:09:08', 2, '2006-02-15 21:30:53');
insert into sakila.rental (rental_id, rental_date, inventory_id, customer_id, return_date, staff_id, last_update) values (2732, '2005-06-19 15:19:39', 610, 386, '2005-06-25 19:39:39', 2, '2006-02-15 21:30:53');
insert into sakila.rental (rental_id, rental_date, inventory_id, customer_id, return_date, staff_id, last_update) values (2745, '2005-06-19 16:21:19', 1253, 26, '2005-06-21 22:07:19', 2, '2006-02-15 21:30:53');
insert into sakila.rental (rental_id, rental_date, inventory_id, customer_id, return_date, staff_id, last_update) values (2766, '2005-06-19 17:45:15', 3421, 345, '2005-06-23 20:11:15', 2, '2006-02-15 21:30:53');
insert into sakila.rental (rental_id, rental_date, inventory_id, customer_id, return_date, staff_id, last_update) values (2806, '2005-06-19 19:30:48', 2114, 510, '2005-06-20 19:42:48', 2, '2006-02-15 21:30:53');
insert into sakila.rental (rental_id, rental_date, inventory_id, customer_id, return_date, staff_id, last_update) values (2813, '2005-06-19 20:01:47', 3420, 284, '2005-06-27 01:51:47', 1, '2006-02-15 21:30:53');
insert into sakila.rental (rental_id, rental_date, inventory_id, customer_id, return_date, staff_id, last_update) values (2818, '2005-06-19 20:05:52', 2376, 497, '2005-06-22 01:01:52', 2, '2006-02-15 21:30:53');
insert into sakila.rental (rental_id, rental_date, inventory_id, customer_id, return_date, staff_id, last_update) values (2859, '2005-06-19 23:18:42', 126, 147, '2005-06-20 22:38:42', 1, '2006-02-15 21:30:53');
insert into sakila.rental (rental_id, rental_date, inventory_id, customer_id, return_date, staff_id, last_update) values (2889, '2005-06-20 01:54:08', 151, 213, '2005-06-23 06:33:08', 1, '2006-02-15 21:30:53');
insert into sakila.rental (rental_id, rental_date, inventory_id, customer_id, return_date, staff_id, last_update) values (2901, '2005-06-20 02:41:28', 667, 25, '2005-06-23 04:43:28', 2, '2006-02-15 21:30:53');
insert into sakila.rental (rental_id, rental_date, inventory_id, customer_id, return_date, staff_id, last_update) values (2917, '2005-06-20 04:08:35', 647, 451, '2005-06-24 01:17:35', 1, '2006-02-15 21:30:53');
insert into sakila.rental (rental_id, rental_date, inventory_id, customer_id, return_date, staff_id, last_update) values (2940, '2005-06-20 05:20:01', 2504, 73, '2005-06-28 06:11:01', 2, '2006-02-15 21:30:53');
insert into sakila.rental (rental_id, rental_date, inventory_id, customer_id, return_date, staff_id, last_update) values (2950, '2005-06-20 06:08:36', 1438, 561, '2005-06-27 07:45:36', 2, '2006-02-15 21:30:53');
insert into sakila.rental (rental_id, rental_date, inventory_id, customer_id, return_date, staff_id, last_update) values (2986, '2005-06-20 08:50:28', 478, 556, '2005-06-26 05:24:28', 2, '2006-02-15 21:30:53');
insert into sakila.rental (rental_id, rental_date, inventory_id, customer_id, return_date, staff_id, last_update) values (3048, '2005-06-20 12:49:55', 4389, 482, '2005-06-26 11:06:55', 1, '2006-02-15 21:30:53');
insert into sakila.rental (rental_id, rental_date, inventory_id, customer_id, return_date, staff_id, last_update) values (3080, '2005-06-20 15:22:32', 118, 377, '2005-06-24 11:08:32', 1, '2006-02-15 21:30:53');
insert into sakila.rental (rental_id, rental_date, inventory_id, customer_id, return_date, staff_id, last_update) values (3086, '2005-06-20 15:42:40', 4437, 377, '2005-06-25 19:21:40', 1, '2006-02-15 21:30:53');
insert into sakila.rental (rental_id, rental_date, inventory_id, customer_id, return_date, staff_id, last_update) values (3120, '2005-06-20 18:19:29', 2530, 107, '2005-06-23 23:40:29', 1, '2006-02-15 21:30:53');
insert into sakila.rental (rental_id, rental_date, inventory_id, customer_id, return_date, staff_id, last_update) values (3123, '2005-06-20 18:26:14', 1656, 289, '2005-06-29 17:17:14', 1, '2006-02-15 21:30:53');
insert into sakila.rental (rental_id, rental_date, inventory_id, customer_id, return_date, staff_id, last_update) values (3135, '2005-06-20 19:33:52', 1122, 12, '2005-06-29 18:20:52', 1, '2006-02-15 21:30:53');
insert into sakila.rental (rental_id, rental_date, inventory_id, customer_id, return_date, staff_id, last_update) values (3201, '2005-06-21 00:30:26', 6, 597, '2005-06-28 03:42:26', 1, '2006-02-15 21:30:53');
insert into sakila.rental (rental_id, rental_date, inventory_id, customer_id, return_date, staff_id, last_update) values (3312, '2005-06-21 08:05:32', 1008, 554, '2005-06-27 03:34:32', 2, '2006-02-15 21:30:53');
insert into sakila.rental (rental_id, rental_date, inventory_id, customer_id, return_date, staff_id, last_update) values (3357, '2005-06-21 11:55:42', 2528, 57, '2005-06-22 07:19:42', 2, '2006-02-15 21:30:53');
insert into sakila.rental (rental_id, rental_date, inventory_id, customer_id, return_date, staff_id, last_update) values (3364, '2005-06-21 12:37:46', 2329, 201, '2005-06-28 07:18:46', 2, '2006-02-15 21:30:53');
insert into sakila.rental (rental_id, rental_date, inventory_id, customer_id, return_date, staff_id, last_update) values (3371, '2005-06-21 13:27:22', 2526, 595, '2005-06-29 14:04:22', 2, '2006-02-15 21:30:53');
insert into sakila.rental (rental_id, rental_date, inventory_id, customer_id, return_date, staff_id, last_update) values (3400, '2005-06-21 15:50:30', 1697, 298, '2005-06-25 18:07:30', 1, '2006-02-15 21:30:53');
insert into sakila.rental (rental_id, rental_date, inventory_id, customer_id, return_date, staff_id, last_update) values (3413, '2005-06-21 16:57:07', 666, 322, '2005-06-30 12:03:07', 2, '2006-02-15 21:30:53');
insert into sakila.rental (rental_id, rental_date, inventory_id, customer_id, return_date, staff_id, last_update) values (3434, '2005-06-21 19:08:28', 2295, 141, '2005-06-23 14:25:28', 1, '2006-02-15 21:30:53');
insert into sakila.rental (rental_id, rental_date, inventory_id, customer_id, return_date, staff_id, last_update) values (3449, '2005-06-21 21:01:27', 210, 181, '2005-06-27 21:20:27', 1, '2006-02-15 21:30:53');
insert into sakila.rental (rental_id, rental_date, inventory_id, customer_id, return_date, staff_id, last_update) values (3478, '2005-07-05 23:05:44', 2528, 322, '2005-07-07 00:14:44', 2, '2006-02-15 21:30:53');
insert into sakila.rental (rental_id, rental_date, inventory_id, customer_id, return_date, staff_id, last_update) values (3485, '2005-07-05 23:25:54', 117, 111, '2005-07-09 17:38:54', 1, '2006-02-15 21:30:53');
insert into sakila.rental (rental_id, rental_date, inventory_id, customer_id, return_date, staff_id, last_update) values (3518, '2005-07-06 00:56:03', 2502, 167, '2005-07-14 02:27:03', 1, '2006-02-15 21:30:53');
insert into sakila.rental (rental_id, rental_date, inventory_id, customer_id, return_date, staff_id, last_update) values (3573, '2005-07-06 03:33:48', 146, 66, '2005-07-07 22:39:48', 1, '2006-02-15 21:30:53');
insert into sakila.rental (rental_id, rental_date, inventory_id, customer_id, return_date, staff_id, last_update) values (3673, '2005-07-06 09:02:09', 1837, 88, '2005-07-15 06:45:09', 2, '2006-02-15 21:30:53');
insert into sakila.rental (rental_id, rental_date, inventory_id, customer_id, return_date, staff_id, last_update) values (3685, '2005-07-06 09:30:45', 2015, 58, '2005-07-11 15:16:45', 2, '2006-02-15 21:30:53');
insert into sakila.rental (rental_id, rental_date, inventory_id, customer_id, return_date, staff_id, last_update) values (3776, '2005-07-06 13:31:37', 4387, 278, '2005-07-10 10:53:37', 2, '2006-02-15 21:30:53');
insert into sakila.rental (rental_id, rental_date, inventory_id, customer_id, return_date, staff_id, last_update) values (3821, '2005-07-06 15:36:20', 4385, 354, '2005-07-11 20:04:20', 1, '2006-02-15 21:30:53');
insert into sakila.rental (rental_id, rental_date, inventory_id, customer_id, return_date, staff_id, last_update) values (3823, '2005-07-06 15:41:27', 124, 265, '2005-07-09 09:48:27', 1, '2006-02-15 21:30:53');
insert into sakila.rental (rental_id, rental_date, inventory_id, customer_id, return_date, staff_id, last_update) values (3840, '2005-07-06 16:30:59', 4384, 468, '2005-07-15 22:08:59', 2, '2006-02-15 21:30:53');
insert into sakila.rental (rental_id, rental_date, inventory_id, customer_id, return_date, staff_id, last_update) values (3887, '2005-07-06 18:46:34', 1695, 530, '2005-07-07 13:15:34', 1, '2006-02-15 21:30:53');
insert into sakila.rental (rental_id, rental_date, inventory_id, customer_id, return_date, staff_id, last_update) values (3897, '2005-07-06 19:11:43', 14, 277, '2005-07-11 21:50:43', 2, '2006-02-15 21:30:53');
insert into sakila.rental (rental_id, rental_date, inventory_id, customer_id, return_date, staff_id, last_update) values (3915, '2005-07-06 20:16:46', 125, 163, '2005-07-10 17:24:46', 1, '2006-02-15 21:30:53');
insert into sakila.rental (rental_id, rental_date, inventory_id, customer_id, return_date, staff_id, last_update) values (3956, '2005-07-06 22:01:51', 15, 147, '2005-07-12 21:35:51', 2, '2006-02-15 21:30:53');
insert into sakila.rental (rental_id, rental_date, inventory_id, customer_id, return_date, staff_id, last_update) values (4004, '2005-07-07 00:20:51', 667, 574, '2005-07-11 18:55:51', 2, '2006-02-15 21:30:53');
insert into sakila.rental (rental_id, rental_date, inventory_id, customer_id, return_date, staff_id, last_update) values (4028, '2005-07-07 02:19:14', 1651, 344, '2005-07-15 08:09:14', 2, '2006-02-15 21:30:53');
insert into sakila.rental (rental_id, rental_date, inventory_id, customer_id, return_date, staff_id, last_update) values (4055, '2005-07-07 03:49:13', 2561, 513, '2005-07-11 03:15:13', 2, '2006-02-15 21:30:53');
insert into sakila.rental (rental_id, rental_date, inventory_id, customer_id, return_date, staff_id, last_update) values (4073, '2005-07-07 04:49:13', 647, 290, '2005-07-10 03:20:13', 2, '2006-02-15 21:30:53');
insert into sakila.rental (rental_id, rental_date, inventory_id, customer_id, return_date, staff_id, last_update) values (4101, '2005-07-07 06:25:11', 2891, 588, '2005-07-12 07:44:11', 2, '2006-02-15 21:30:53');
insert into sakila.rental (rental_id, rental_date, inventory_id, customer_id, return_date, staff_id, last_update) values (4111, '2005-07-07 06:47:56', 1009, 515, '2005-07-13 02:13:56', 1, '2006-02-15 21:30:53');
insert into sakila.rental (rental_id, rental_date, inventory_id, customer_id, return_date, staff_id, last_update) values (4116, '2005-07-07 06:56:13', 666, 352, '2005-07-11 11:13:13', 2, '2006-02-15 21:30:53');
insert into sakila.rental (rental_id, rental_date, inventory_id, customer_id, return_date, staff_id, last_update) values (4187, '2005-07-07 10:41:31', 2, 161, '2005-07-11 06:25:31', 1, '2006-02-15 21:30:53');
insert into sakila.rental (rental_id, rental_date, inventory_id, customer_id, return_date, staff_id, last_update) values (4218, '2005-07-07 12:10:24', 152, 497, '2005-07-15 16:09:24', 1, '2006-02-15 21:30:53');
insert into sakila.rental (rental_id, rental_date, inventory_id, customer_id, return_date, staff_id, last_update) values (4226, '2005-07-07 12:37:56', 1692, 57, '2005-07-09 08:48:56', 2, '2006-02-15 21:30:53');
insert into sakila.rental (rental_id, rental_date, inventory_id, customer_id, return_date, staff_id, last_update) values (4336, '2005-07-07 18:34:36', 482, 532, '2005-07-10 17:58:36', 2, '2006-02-15 21:30:53');
insert into sakila.rental (rental_id, rental_date, inventory_id, customer_id, return_date, staff_id, last_update) values (4350, '2005-07-07 19:02:41', 2223, 299, '2005-07-09 15:27:41', 1, '2006-02-15 21:30:53');
insert into sakila.rental (rental_id, rental_date, inventory_id, customer_id, return_date, staff_id, last_update) values (4361, '2005-07-07 19:33:23', 116, 425, '2005-07-12 22:36:23', 1, '2006-02-15 21:30:53');
insert into sakila.rental (rental_id, rental_date, inventory_id, customer_id, return_date, staff_id, last_update) values (4390, '2005-07-07 20:59:06', 6, 44, '2005-07-09 00:04:06', 2, '2006-02-15 21:30:53');
insert into sakila.rental (rental_id, rental_date, inventory_id, customer_id, return_date, staff_id, last_update) values (4494, '2005-07-08 01:42:45', 1655, 349, '2005-07-16 22:29:45', 2, '2006-02-15 21:30:53');
insert into sakila.rental (rental_id, rental_date, inventory_id, customer_id, return_date, staff_id, last_update) values (4496, '2005-07-08 01:44:19', 150, 578, '2005-07-08 20:34:19', 2, '2006-02-15 21:30:53');
insert into sakila.rental (rental_id, rental_date, inventory_id, customer_id, return_date, staff_id, last_update) values (4511, '2005-07-08 02:36:21', 4438, 75, '2005-07-15 06:01:21', 1, '2006-02-15 21:30:53');
insert into sakila.rental (rental_id, rental_date, inventory_id, customer_id, return_date, staff_id, last_update) values (4553, '2005-07-08 04:43:41', 2114, 529, '2005-07-09 23:55:41', 1, '2006-02-15 21:30:53');
insert into sakila.rental (rental_id, rental_date, inventory_id, customer_id, return_date, staff_id, last_update) values (4595, '2005-07-08 06:40:25', 760, 336, '2005-07-14 08:54:25', 1, '2006-02-15 21:30:53');
insert into sakila.rental (rental_id, rental_date, inventory_id, customer_id, return_date, staff_id, last_update) values (4608, '2005-07-08 07:19:11', 758, 11, '2005-07-11 01:37:11', 1, '2006-02-15 21:30:53');
insert into sakila.rental (rental_id, rental_date, inventory_id, customer_id, return_date, staff_id, last_update) values (4613, '2005-07-08 07:44:49', 476, 581, '2005-07-09 04:47:49', 1, '2006-02-15 21:30:53');
insert into sakila.rental (rental_id, rental_date, inventory_id, customer_id, return_date, staff_id, last_update) values (4659, '2005-07-08 09:53:28', 4389, 425, '2005-07-14 14:56:28', 2, '2006-02-15 21:30:53');
insert into sakila.rental (rental_id, rental_date, inventory_id, customer_id, return_date, staff_id, last_update) values (4693, '2005-07-08 11:07:36', 1694, 221, '2005-07-14 08:40:36', 1, '2006-02-15 21:30:53');
insert into sakila.rental (rental_id, rental_date, inventory_id, customer_id, return_date, staff_id, last_update) values (4705, '2005-07-08 11:50:38', 3709, 85, '2005-07-12 15:58:38', 2, '2006-02-15 21:30:53');
insert into sakila.rental (rental_id, rental_date, inventory_id, customer_id, return_date, staff_id, last_update) values (4718, '2005-07-08 12:32:08', 1653, 535, '2005-07-17 17:34:08', 2, '2006-02-15 21:30:53');
insert into sakila.rental (rental_id, rental_date, inventory_id, customer_id, return_date, staff_id, last_update) values (4740, '2005-07-08 13:30:35', 2559, 379, '2005-07-14 18:43:35', 1, '2006-02-15 21:30:53');
insert into sakila.rental (rental_id, rental_date, inventory_id, customer_id, return_date, staff_id, last_update) values (4778, '2005-07-08 15:51:51', 611, 78, '2005-07-12 16:58:51', 2, '2006-02-15 21:30:53');
insert into sakila.rental (rental_id, rental_date, inventory_id, customer_id, return_date, staff_id, last_update) values (4801, '2005-07-08 16:51:36', 761, 431, '2005-07-13 17:23:36', 1, '2006-02-15 21:30:53');
insert into sakila.rental (rental_id, rental_date, inventory_id, customer_id, return_date, staff_id, last_update) values (4818, '2005-07-08 17:18:22', 115, 144, '2005-07-14 14:40:22', 1, '2006-02-15 21:30:53');
insert into sakila.rental (rental_id, rental_date, inventory_id, customer_id, return_date, staff_id, last_update) values (4821, '2005-07-08 17:28:08', 1690, 172, '2005-07-11 17:44:08', 1, '2006-02-15 21:30:53');
insert into sakila.rental (rental_id, rental_date, inventory_id, customer_id, return_date, staff_id, last_update) values (4832, '2005-07-08 18:07:05', 1838, 509, '2005-07-10 19:37:05', 2, '2006-02-15 21:30:53');
insert into sakila.rental (rental_id, rental_date, inventory_id, customer_id, return_date, staff_id, last_update) values (4842, '2005-07-08 18:21:30', 1438, 160, '2005-07-10 22:25:30', 2, '2006-02-15 21:30:53');
insert into sakila.rental (rental_id, rental_date, inventory_id, customer_id, return_date, staff_id, last_update) values (4863, '2005-07-08 19:03:15', 1, 431, '2005-07-11 21:29:15', 2, '2006-02-15 21:30:53');
insert into sakila.rental (rental_id, rental_date, inventory_id, customer_id, return_date, staff_id, last_update) values (4912, '2005-07-08 21:26:11', 2012, 275, '2005-07-18 02:19:11', 1, '2006-02-15 21:30:53');
insert into sakila.rental (rental_id, rental_date, inventory_id, customer_id, return_date, staff_id, last_update) values (4983, '2005-07-09 00:34:16', 1469, 81, '2005-07-17 03:21:16', 2, '2006-02-15 21:30:53');
insert into sakila.rental (rental_id, rental_date, inventory_id, customer_id, return_date, staff_id, last_update) values (4996, '2005-07-09 00:59:46', 4440, 129, '2005-07-16 01:30:46', 2, '2006-02-15 21:30:53');
insert into sakila.rental (rental_id, rental_date, inventory_id, customer_id, return_date, staff_id, last_update) values (5000, '2005-07-09 01:16:13', 668, 146, '2005-07-14 21:55:13', 1, '2006-02-15 21:30:53');
insert into sakila.rental (rental_id, rental_date, inventory_id, customer_id, return_date, staff_id, last_update) values (5025, '2005-07-09 02:28:24', 153, 91, '2005-07-12 04:43:24', 2, '2006-02-15 21:30:53');
insert into sakila.rental (rental_id, rental_date, inventory_id, customer_id, return_date, staff_id, last_update) values (5076, '2005-07-09 05:13:22', 4388, 574, '2005-07-16 09:11:22', 1, '2006-02-15 21:30:53');
insert into sakila.rental (rental_id, rental_date, inventory_id, customer_id, return_date, staff_id, last_update) values (5083, '2005-07-09 05:30:32', 148, 494, '2005-07-11 02:20:32', 1, '2006-02-15 21:30:53');
insert into sakila.rental (rental_id, rental_date, inventory_id, customer_id, return_date, staff_id, last_update) values (5107, '2005-07-09 06:42:32', 1697, 21, '2005-07-10 08:21:32', 2, '2006-02-15 21:30:53');
insert into sakila.rental (rental_id, rental_date, inventory_id, customer_id, return_date, staff_id, last_update) values (5109, '2005-07-09 06:48:49', 2373, 102, '2005-07-14 01:17:49', 1, '2006-02-15 21:30:53');
insert into sakila.rental (rental_id, rental_date, inventory_id, customer_id, return_date, staff_id, last_update) values (5134, '2005-07-09 07:53:12', 149, 491, '2005-07-16 05:30:12', 1, '2006-02-15 21:30:53');
insert into sakila.rental (rental_id, rental_date, inventory_id, customer_id, return_date, staff_id, last_update) values (5213, '2005-07-09 11:39:43', 3708, 552, '2005-07-18 16:20:43', 2, '2006-02-15 21:30:53');
insert into sakila.rental (rental_id, rental_date, inventory_id, customer_id, return_date, staff_id, last_update) values (5214, '2005-07-09 11:43:08', 1657, 290, '2005-07-17 08:58:08', 2, '2006-02-15 21:30:53');
insert into sakila.rental (rental_id, rental_date, inventory_id, customer_id, return_date, staff_id, last_update) values (5218, '2005-07-09 11:57:12', 1121, 83, '2005-07-13 06:34:12', 2, '2006-02-15 21:30:53');
insert into sakila.rental (rental_id, rental_date, inventory_id, customer_id, return_date, staff_id, last_update) values (5230, '2005-07-09 12:30:23', 3707, 51, '2005-07-13 08:41:23', 1, '2006-02-15 21:30:53');
insert into sakila.rental (rental_id, rental_date, inventory_id, customer_id, return_date, staff_id, last_update) values (5237, '2005-07-09 12:56:58', 2341, 84, '2005-07-11 15:41:58', 1, '2006-02-15 21:30:53');
insert into sakila.rental (rental_id, rental_date, inventory_id, customer_id, return_date, staff_id, last_update) values (5251, '2005-07-09 13:36:10', 478, 474, '2005-07-15 11:40:10', 1, '2006-02-15 21:30:53');
insert into sakila.rental (rental_id, rental_date, inventory_id, customer_id, return_date, staff_id, last_update) values (5263, '2005-07-09 14:10:36', 119, 406, '2005-07-12 15:07:36', 1, '2006-02-15 21:30:53');
insert into sakila.rental (rental_id, rental_date, inventory_id, customer_id, return_date, staff_id, last_update) values (5282, '2005-07-09 15:01:23', 4386, 226, '2005-07-13 11:06:23', 2, '2006-02-15 21:30:53');
insert into sakila.rental (rental_id, rental_date, inventory_id, customer_id, return_date, staff_id, last_update) values (5283, '2005-07-09 15:07:17', 644, 295, '2005-07-17 09:52:17', 2, '2006-02-15 21:30:53');
insert into sakila.rental (rental_id, rental_date, inventory_id, customer_id, return_date, staff_id, last_update) values (5429, '2005-07-09 21:14:03', 2467, 105, '2005-07-18 01:33:03', 1, '2006-02-15 21:30:53');
insert into sakila.rental (rental_id, rental_date, inventory_id, customer_id, return_date, staff_id, last_update) values (5447, '2005-07-09 22:09:28', 2530, 473, '2005-07-18 20:03:28', 2, '2006-02-15 21:30:53');
insert into sakila.rental (rental_id, rental_date, inventory_id, customer_id, return_date, staff_id, last_update) values (5448, '2005-07-09 22:11:14', 646, 463, '2005-07-15 21:08:14', 2, '2006-02-15 21:30:53');
insert into sakila.rental (rental_id, rental_date, inventory_id, customer_id, return_date, staff_id, last_update) values (5520, '2005-07-10 01:30:41', 2527, 501, '2005-07-15 21:37:41', 2, '2006-02-15 21:30:53');
insert into sakila.rental (rental_id, rental_date, inventory_id, customer_id, return_date, staff_id, last_update) values (5529, '2005-07-10 02:11:13', 1652, 590, '2005-07-15 06:56:13', 2, '2006-02-15 21:30:53');
insert into sakila.rental (rental_id, rental_date, inventory_id, customer_id, return_date, staff_id, last_update) values (5545, '2005-07-10 02:50:29', 118, 236, '2005-07-16 02:11:29', 1, '2006-02-15 21:30:53');
insert into sakila.rental (rental_id, rental_date, inventory_id, customer_id, return_date, staff_id, last_update) values (5558, '2005-07-10 03:12:08', 1123, 96, '2005-07-14 03:09:08', 2, '2006-02-15 21:30:53');
insert into sakila.rental (rental_id, rental_date, inventory_id, customer_id, return_date, staff_id, last_update) values (5570, '2005-07-10 03:46:47', 2013, 374, '2005-07-17 09:28:47', 1, '2006-02-15 21:30:53');
insert into sakila.rental (rental_id, rental_date, inventory_id, customer_id, return_date, staff_id, last_update) values (5587, '2005-07-10 04:17:25', 4485, 531, '2005-07-15 01:41:25', 1, '2006-02-15 21:30:53');
insert into sakila.rental (rental_id, rental_date, inventory_id, customer_id, return_date, staff_id, last_update) values (5610, '2005-07-10 05:09:52', 481, 131, '2005-07-13 07:08:52', 2, '2006-02-15 21:30:53');
insert into sakila.rental (rental_id, rental_date, inventory_id, customer_id, return_date, staff_id, last_update) values (5637, '2005-07-10 06:31:37', 4436, 45, '2005-07-17 01:16:37', 1, '2006-02-15 21:30:53');
insert into sakila.rental (rental_id, rental_date, inventory_id, customer_id, return_date, staff_id, last_update) values (5647, '2005-07-10 07:08:40', 1466, 128, '2005-07-13 05:19:40', 2, '2006-02-15 21:30:53');
insert into sakila.rental (rental_id, rental_date, inventory_id, customer_id, return_date, staff_id, last_update) values (5654, '2005-07-10 07:24:46', 3419, 490, '2005-07-14 07:39:46', 2, '2006-02-15 21:30:53');
insert into sakila.rental (rental_id, rental_date, inventory_id, customer_id, return_date, staff_id, last_update) values (5664, '2005-07-10 08:04:41', 2375, 469, '2005-07-17 10:29:41', 1, '2006-02-15 21:30:53');
insert into sakila.rental (rental_id, rental_date, inventory_id, customer_id, return_date, staff_id, last_update) values (5666, '2005-07-10 08:10:29', 2225, 242, '2005-07-17 04:54:29', 2, '2006-02-15 21:30:53');
insert into sakila.rental (rental_id, rental_date, inventory_id, customer_id, return_date, staff_id, last_update) values (5670, '2005-07-10 08:14:52', 610, 121, '2005-07-14 04:13:52', 2, '2006-02-15 21:30:53');
insert into sakila.rental (rental_id, rental_date, inventory_id, customer_id, return_date, staff_id, last_update) values (5696, '2005-07-10 09:44:32', 128, 96, '2005-07-12 13:38:32', 2, '2006-02-15 21:30:53');
insert into sakila.rental (rental_id, rental_date, inventory_id, customer_id, return_date, staff_id, last_update) values (5715, '2005-07-10 10:48:03', 1638, 132, '2005-07-18 11:27:03', 1, '2006-02-15 21:30:53');
insert into sakila.rental (rental_id, rental_date, inventory_id, customer_id, return_date, staff_id, last_update) values (5766, '2005-07-10 13:07:31', 7, 406, '2005-07-16 13:03:31', 1, '2006-02-15 21:30:53');
insert into sakila.rental (rental_id, rental_date, inventory_id, customer_id, return_date, staff_id, last_update) values (5778, '2005-07-10 13:41:37', 4435, 324, '2005-07-14 16:26:37', 1, '2006-02-15 21:30:53');
insert into sakila.rental (rental_id, rental_date, inventory_id, customer_id, return_date, staff_id, last_update) values (5790, '2005-07-10 14:15:21', 1696, 235, '2005-07-14 08:53:21', 2, '2006-02-15 21:30:53');
insert into sakila.rental (rental_id, rental_date, inventory_id, customer_id, return_date, staff_id, last_update) values (5802, '2005-07-10 15:02:17', 2295, 520, '2005-07-19 15:43:17', 2, '2006-02-15 21:30:53');
insert into sakila.rental (rental_id, rental_date, inventory_id, customer_id, return_date, staff_id, last_update) values (5819, '2005-07-10 15:56:20', 3439, 347, '2005-07-12 19:59:20', 2, '2006-02-15 21:30:53');
insert into sakila.rental (rental_id, rental_date, inventory_id, customer_id, return_date, staff_id, last_update) values (5821, '2005-07-10 16:07:16', 147, 302, '2005-07-14 19:48:16', 1, '2006-02-15 21:30:53');
insert into sakila.rental (rental_id, rental_date, inventory_id, customer_id, return_date, staff_id, last_update) values (5844, '2005-07-10 17:14:43', 609, 147, '2005-07-12 19:27:43', 1, '2006-02-15 21:30:53');
insert into sakila.rental (rental_id, rental_date, inventory_id, customer_id, return_date, staff_id, last_update) values (5909, '2005-07-10 20:46:13', 2333, 44, '2005-07-14 18:01:13', 2, '2006-02-15 21:30:53');
insert into sakila.rental (rental_id, rental_date, inventory_id, customer_id, return_date, staff_id, last_update) values (5963, '2005-07-10 23:47:08', 4434, 35, '2005-07-12 04:27:08', 1, '2006-02-15 21:30:53');
insert into sakila.rental (rental_id, rental_date, inventory_id, customer_id, return_date, staff_id, last_update) values (5976, '2005-07-11 00:16:35', 1693, 505, '2005-07-20 01:30:35', 2, '2006-02-15 21:30:53');
insert into sakila.rental (rental_id, rental_date, inventory_id, customer_id, return_date, staff_id, last_update) values (5982, '2005-07-11 00:24:44', 2329, 403, '2005-07-14 04:42:44', 2, '2006-02-15 21:30:53');
insert into sakila.rental (rental_id, rental_date, inventory_id, customer_id, return_date, staff_id, last_update) values (5988, '2005-07-11 00:55:38', 151, 158, '2005-07-13 21:36:38', 2, '2006-02-15 21:30:53');
insert into sakila.rental (rental_id, rental_date, inventory_id, customer_id, return_date, staff_id, last_update) values (5999, '2005-07-11 01:21:22', 211, 450, '2005-07-19 01:35:22', 1, '2006-02-15 21:30:53');
insert into sakila.rental (rental_id, rental_date, inventory_id, customer_id, return_date, staff_id, last_update) values (6059, '2005-07-11 04:03:54', 1437, 394, '2005-07-18 01:35:54', 1, '2006-02-15 21:30:53');
insert into sakila.rental (rental_id, rental_date, inventory_id, customer_id, return_date, staff_id, last_update) values (6065, '2005-07-11 04:25:51', 1007, 562, '2005-07-17 08:19:51', 1, '2006-02-15 21:30:53');
insert into sakila.rental (rental_id, rental_date, inventory_id, customer_id, return_date, staff_id, last_update) values (6068, '2005-07-11 04:41:09', 2331, 265, '2005-07-14 04:45:09', 1, '2006-02-15 21:30:53');
insert into sakila.rental (rental_id, rental_date, inventory_id, customer_id, return_date, staff_id, last_update) values (6107, '2005-07-11 07:07:09', 3798, 304, '2005-07-14 07:32:09', 2, '2006-02-15 21:30:53');
insert into sakila.rental (rental_id, rental_date, inventory_id, customer_id, return_date, staff_id, last_update) values (6113, '2005-07-11 07:31:08', 4437, 115, '2005-07-20 11:01:08', 2, '2006-02-15 21:30:53');
insert into sakila.rental (rental_id, rental_date, inventory_id, customer_id, return_date, staff_id, last_update) values (6114, '2005-07-11 07:33:48', 479, 404, '2005-07-18 06:13:48', 2, '2006-02-15 21:30:53');
insert into sakila.rental (rental_id, rental_date, inventory_id, customer_id, return_date, staff_id, last_update) values (6159, '2005-07-11 09:55:34', 126, 225, '2005-07-13 10:01:34', 2, '2006-02-15 21:30:53');
insert into sakila.rental (rental_id, rental_date, inventory_id, customer_id, return_date, staff_id, last_update) values (6182, '2005-07-11 11:11:38', 2562, 540, '2005-07-17 08:33:38', 2, '2006-02-15 21:30:53');
insert into sakila.rental (rental_id, rental_date, inventory_id, customer_id, return_date, staff_id, last_update) values (6189, '2005-07-11 11:36:03', 3800, 552, '2005-07-20 15:33:03', 2, '2006-02-15 21:30:53');
insert into sakila.rental (rental_id, rental_date, inventory_id, customer_id, return_date, staff_id, last_update) values (6226, '2005-07-11 13:48:11', 2758, 134, '2005-07-15 17:18:11', 2, '2006-02-15 21:30:53');
insert into sakila.rental (rental_id, rental_date, inventory_id, customer_id, return_date, staff_id, last_update) values (6227, '2005-07-11 13:56:46', 1654, 210, '2005-07-18 12:53:46', 1, '2006-02-15 21:30:53');
insert into sakila.rental (rental_id, rental_date, inventory_id, customer_id, return_date, staff_id, last_update) values (6231, '2005-07-11 14:02:36', 2526, 122, '2005-07-13 19:04:36', 2, '2006-02-15 21:30:53');
insert into sakila.rental (rental_id, rental_date, inventory_id, customer_id, return_date, staff_id, last_update) values (6246, '2005-07-11 14:57:51', 2376, 172, '2005-07-19 19:10:51', 2, '2006-02-15 21:30:53');
insert into sakila.rental (rental_id, rental_date, inventory_id, customer_id, return_date, staff_id, last_update) values (6247, '2005-07-11 15:00:05', 2504, 589, '2005-07-18 13:47:05', 1, '2006-02-15 21:30:53');
insert into sakila.rental (rental_id, rental_date, inventory_id, customer_id, return_date, staff_id, last_update) values (6256, '2005-07-11 15:19:22', 480, 307, '2005-07-13 12:43:22', 1, '2006-02-15 21:30:53');
insert into sakila.rental (rental_id, rental_date, inventory_id, customer_id, return_date, staff_id, last_update) values (6279, '2005-07-11 16:26:07', 1254, 49, '2005-07-17 21:05:07', 2, '2006-02-15 21:30:53');
insert into sakila.rental (rental_id, rental_date, inventory_id, customer_id, return_date, staff_id, last_update) values (6315, '2005-07-11 18:42:49', 608, 374, '2005-07-12 23:19:49', 2, '2006-02-15 21:30:53');
insert into sakila.rental (rental_id, rental_date, inventory_id, customer_id, return_date, staff_id, last_update) values (6335, '2005-07-11 19:25:15', 2757, 396, '2005-07-16 17:02:15', 1, '2006-02-15 21:30:53');
insert into sakila.rental (rental_id, rental_date, inventory_id, customer_id, return_date, staff_id, last_update) values (6338, '2005-07-11 19:39:41', 1691, 54, '2005-07-18 01:13:41', 2, '2006-02-15 21:30:53');
insert into sakila.rental (rental_id, rental_date, inventory_id, customer_id, return_date, staff_id, last_update) values (6340, '2005-07-11 19:46:05', 2374, 264, '2005-07-20 16:51:05', 2, '2006-02-15 21:30:53');
insert into sakila.rental (rental_id, rental_date, inventory_id, customer_id, return_date, staff_id, last_update) values (6359, '2005-07-11 21:06:17', 1656, 30, '2005-07-16 02:51:17', 2, '2006-02-15 21:30:53');
insert into sakila.rental (rental_id, rental_date, inventory_id, customer_id, return_date, staff_id, last_update) values (6406, '2005-07-11 22:55:27', 4439, 392, '2005-07-20 04:50:27', 2, '2006-02-15 21:30:53');
insert into sakila.rental (rental_id, rental_date, inventory_id, customer_id, return_date, staff_id, last_update) values (6412, '2005-07-11 23:19:21', 3797, 220, '2005-07-16 19:48:21', 1, '2006-02-15 21:30:53');
insert into sakila.rental (rental_id, rental_date, inventory_id, customer_id, return_date, staff_id, last_update) values (6422, '2005-07-11 23:46:19', 762, 257, '2005-07-20 22:12:19', 1, '2006-02-15 21:30:53');
insert into sakila.rental (rental_id, rental_date, inventory_id, customer_id, return_date, staff_id, last_update) values (6451, '2005-07-12 00:52:19', 1008, 381, '2005-07-16 21:30:19', 2, '2006-02-15 21:30:53');
insert into sakila.rental (rental_id, rental_date, inventory_id, customer_id, return_date, staff_id, last_update) values (6494, '2005-07-12 02:42:51', 1124, 57, '2005-07-20 06:57:51', 1, '2006-02-15 21:30:53');
insert into sakila.rental (rental_id, rental_date, inventory_id, customer_id, return_date, staff_id, last_update) values (6509, '2005-07-12 03:35:01', 2468, 427, '2005-07-13 06:50:01', 2, '2006-02-15 21:30:53');
insert into sakila.rental (rental_id, rental_date, inventory_id, customer_id, return_date, staff_id, last_update) values (6524, '2005-07-12 04:14:35', 1467, 376, '2005-07-17 03:59:35', 2, '2006-02-15 21:30:53');
insert into sakila.rental (rental_id, rental_date, inventory_id, customer_id, return_date, staff_id, last_update) values (6569, '2005-07-12 05:47:40', 759, 183, '2005-07-20 06:23:40', 2, '2006-02-15 21:30:53');
insert into sakila.rental (rental_id, rental_date, inventory_id, customer_id, return_date, staff_id, last_update) values (6605, '2005-07-12 08:01:07', 2892, 547, '2005-07-19 03:12:07', 1, '2006-02-15 21:30:53');
insert into sakila.rental (rental_id, rental_date, inventory_id, customer_id, return_date, staff_id, last_update) values (6610, '2005-07-12 08:20:02', 645, 353, '2005-07-21 09:16:02', 2, '2006-02-15 21:30:53');
insert into sakila.rental (rental_id, rental_date, inventory_id, customer_id, return_date, staff_id, last_update) values (6613, '2005-07-12 08:30:07', 3421, 460, '2005-07-14 10:25:07', 2, '2006-02-15 21:30:53');
insert into sakila.rental (rental_id, rental_date, inventory_id, customer_id, return_date, staff_id, last_update) values (6631, '2005-07-12 09:31:43', 2340, 204, '2005-07-15 05:00:43', 2, '2006-02-15 21:30:53');
insert into sakila.rental (rental_id, rental_date, inventory_id, customer_id, return_date, staff_id, last_update) values (6676, '2005-07-12 11:53:40', 2294, 571, '2005-07-19 09:15:40', 1, '2006-02-15 21:30:53');
insert into sakila.rental (rental_id, rental_date, inventory_id, customer_id, return_date, staff_id, last_update) values (6685, '2005-07-12 12:16:28', 1434, 5, '2005-07-19 17:03:28', 1, '2006-02-15 21:30:53');
insert into sakila.rental (rental_id, rental_date, inventory_id, customer_id, return_date, staff_id, last_update) values (6688, '2005-07-12 12:22:12', 2377, 246, '2005-07-14 14:05:12', 1, '2006-02-15 21:30:53');
insert into sakila.rental (rental_id, rental_date, inventory_id, customer_id, return_date, staff_id, last_update) values (6693, '2005-07-12 12:37:00', 2014, 573, '2005-07-20 09:36:00', 1, '2006-02-15 21:30:53');
insert into sakila.rental (rental_id, rental_date, inventory_id, customer_id, return_date, staff_id, last_update) values (6697, '2005-07-12 12:44:57', 210, 103, '2005-07-19 13:02:57', 1, '2006-02-15 21:30:53');
insert into sakila.rental (rental_id, rental_date, inventory_id, customer_id, return_date, staff_id, last_update) values (6728, '2005-07-12 13:56:48', 2113, 414, '2005-07-15 18:49:48', 1, '2006-02-15 21:30:53');
insert into sakila.rental (rental_id, rental_date, inventory_id, customer_id, return_date, staff_id, last_update) values (6780, '2005-07-12 16:18:12', 1255, 121, '2005-07-13 17:56:12', 2, '2006-02-15 21:30:53');
insert into sakila.rental (rental_id, rental_date, inventory_id, customer_id, return_date, staff_id, last_update) values (6790, '2005-07-12 16:34:59', 4486, 400, '2005-07-17 21:43:59', 2, '2006-02-15 21:30:53');
insert into sakila.rental (rental_id, rental_date, inventory_id, customer_id, return_date, staff_id, last_update) values (6812, '2005-07-12 18:03:25', 2227, 553, '2005-07-20 18:33:25', 2, '2006-02-15 21:30:53');
insert into sakila.rental (rental_id, rental_date, inventory_id, customer_id, return_date, staff_id, last_update) values (6819, '2005-07-12 18:21:01', 1253, 198, '2005-07-13 21:14:01', 1, '2006-02-15 21:30:53');
insert into sakila.rental (rental_id, rental_date, inventory_id, customer_id, return_date, staff_id, last_update) values (6825, '2005-07-12 18:28:12', 2342, 281, '2005-07-15 19:24:12', 1, '2006-02-15 21:30:53');
insert into sakila.rental (rental_id, rental_date, inventory_id, customer_id, return_date, staff_id, last_update) values (6875, '2005-07-12 20:23:05', 3420, 172, '2005-07-19 00:09:05', 2, '2006-02-15 21:30:53');
insert into sakila.rental (rental_id, rental_date, inventory_id, customer_id, return_date, staff_id, last_update) values (6882, '2005-07-12 20:50:39', 2469, 166, '2005-07-14 21:01:39', 1, '2006-02-15 21:30:53');
insert into sakila.rental (rental_id, rental_date, inventory_id, customer_id, return_date, staff_id, last_update) values (6887, '2005-07-12 21:00:23', 4487, 542, '2005-07-21 17:46:23', 1, '2006-02-15 21:30:53');
insert into sakila.rental (rental_id, rental_date, inventory_id, customer_id, return_date, staff_id, last_update) values (6900, '2005-07-12 21:45:25', 129, 292, '2005-07-19 21:19:25', 1, '2006-02-15 21:30:53');
insert into sakila.rental (rental_id, rental_date, inventory_id, customer_id, return_date, staff_id, last_update) values (6905, '2005-07-12 22:02:18', 763, 25, '2005-07-18 23:30:18', 1, '2006-02-15 21:30:53');
insert into sakila.rental (rental_id, rental_date, inventory_id, customer_id, return_date, staff_id, last_update) values (6906, '2005-07-12 22:03:02', 1435, 335, '2005-07-15 00:35:02', 1, '2006-02-15 21:30:53');
insert into sakila.rental (rental_id, rental_date, inventory_id, customer_id, return_date, staff_id, last_update) values (6919, '2005-07-12 22:32:17', 1122, 540, '2005-07-18 20:09:17', 1, '2006-02-15 21:30:53');
insert into sakila.rental (rental_id, rental_date, inventory_id, customer_id, return_date, staff_id, last_update) values (6947, '2005-07-26 23:42:03', 760, 200, '2005-08-02 05:06:03', 2, '2006-02-15 21:30:53');
insert into sakila.rental (rental_id, rental_date, inventory_id, customer_id, return_date, staff_id, last_update) values (6999, '2005-07-27 01:21:19', 12, 224, '2005-07-29 20:33:19', 2, '2006-02-15 21:30:53');
insert into sakila.rental (rental_id, rental_date, inventory_id, customer_id, return_date, staff_id, last_update) values (7031, '2005-07-27 03:02:07', 1435, 530, '2005-08-02 07:14:07', 1, '2006-02-15 21:30:53');
insert into sakila.rental (rental_id, rental_date, inventory_id, customer_id, return_date, staff_id, last_update) values (7043, '2005-07-27 03:24:23', 3422, 493, '2005-08-05 02:55:23', 2, '2006-02-15 21:30:53');
insert into sakila.rental (rental_id, rental_date, inventory_id, customer_id, return_date, staff_id, last_update) values (7048, '2005-07-27 03:31:48', 3707, 581, '2005-08-05 07:30:48', 2, '2006-02-15 21:30:53');
insert into sakila.rental (rental_id, rental_date, inventory_id, customer_id, return_date, staff_id, last_update) values (7052, '2005-07-27 03:36:38', 3798, 75, '2005-08-03 21:51:38', 1, '2006-02-15 21:30:53');
insert into sakila.rental (rental_id, rental_date, inventory_id, customer_id, return_date, staff_id, last_update) values (7053, '2005-07-27 03:38:54', 149, 408, '2005-07-31 01:13:54', 1, '2006-02-15 21:30:53');
insert into sakila.rental (rental_id, rental_date, inventory_id, customer_id, return_date, staff_id, last_update) values (7059, '2005-07-27 03:51:02', 129, 578, '2005-08-02 22:04:02', 1, '2006-02-15 21:30:53');
insert into sakila.rental (rental_id, rental_date, inventory_id, customer_id, return_date, staff_id, last_update) values (7095, '2005-07-27 04:51:15', 1008, 551, '2005-08-05 10:25:15', 2, '2006-02-15 21:30:53');
insert into sakila.rental (rental_id, rental_date, inventory_id, customer_id, return_date, staff_id, last_update) values (7103, '2005-07-27 05:08:59', 1697, 403, '2005-07-29 03:42:59', 2, '2006-02-15 21:30:53');
insert into sakila.rental (rental_id, rental_date, inventory_id, customer_id, return_date, staff_id, last_update) values (7104, '2005-07-27 05:15:25', 118, 217, '2005-08-01 05:36:25', 2, '2006-02-15 21:30:53');
insert into sakila.rental (rental_id, rental_date, inventory_id, customer_id, return_date, staff_id, last_update) values (7109, '2005-07-27 05:28:57', 1658, 406, '2005-08-04 10:41:57', 2, '2006-02-15 21:30:53');
insert into sakila.rental (rental_id, rental_date, inventory_id, customer_id, return_date, staff_id, last_update) values (7146, '2005-07-27 07:02:30', 2245, 323, '2005-08-05 10:29:30', 1, '2006-02-15 21:30:53');
insert into sakila.rental (rental_id, rental_date, inventory_id, customer_id, return_date, staff_id, last_update) values (7168, '2005-07-27 07:51:11', 6, 252, '2005-08-01 04:08:11', 2, '2006-02-15 21:30:53');
insert into sakila.rental (rental_id, rental_date, inventory_id, customer_id, return_date, staff_id, last_update) values (7185, '2005-07-27 08:23:54', 2340, 121, '2005-07-30 09:50:54', 1, '2006-02-15 21:30:53');
insert into sakila.rental (rental_id, rental_date, inventory_id, customer_id, return_date, staff_id, last_update) values (7201, '2005-07-27 08:57:40', 482, 598, '2005-08-04 09:55:40', 2, '2006-02-15 21:30:53');
insert into sakila.rental (rental_id, rental_date, inventory_id, customer_id, return_date, staff_id, last_update) values (7222, '2005-07-27 09:38:43', 2330, 206, '2005-07-28 06:25:43', 1, '2006-02-15 21:30:53');
insert into sakila.rental (rental_id, rental_date, inventory_id, customer_id, return_date, staff_id, last_update) values (7228, '2005-07-27 09:55:33', 1693, 481, '2005-07-29 04:33:33', 2, '2006-02-15 21:30:53');
insert into sakila.rental (rental_id, rental_date, inventory_id, customer_id, return_date, staff_id, last_update) values (7231, '2005-07-27 10:01:51', 1638, 86, '2005-08-05 13:38:51', 2, '2006-02-15 21:30:53');
insert into sakila.rental (rental_id, rental_date, inventory_id, customer_id, return_date, staff_id, last_update) values (7298, '2005-07-27 12:45:14', 1653, 121, '2005-07-30 07:02:14', 1, '2006-02-15 21:30:53');
insert into sakila.rental (rental_id, rental_date, inventory_id, customer_id, return_date, staff_id, last_update) values (7423, '2005-07-27 17:11:47', 666, 277, '2005-07-29 12:29:47', 2, '2006-02-15 21:30:53');
insert into sakila.rental (rental_id, rental_date, inventory_id, customer_id, return_date, staff_id, last_update) values (7500, '2005-07-27 20:16:03', 609, 160, '2005-07-29 18:50:03', 1, '2006-02-15 21:30:53');
insert into sakila.rental (rental_id, rental_date, inventory_id, customer_id, return_date, staff_id, last_update) values (7550, '2005-07-27 21:55:07', 4488, 71, '2005-07-28 23:34:07', 2, '2006-02-15 21:30:53');
insert into sakila.rental (rental_id, rental_date, inventory_id, customer_id, return_date, staff_id, last_update) values (7555, '2005-07-27 22:17:05', 3421, 533, '2005-08-02 02:50:05', 2, '2006-02-15 21:30:53');
insert into sakila.rental (rental_id, rental_date, inventory_id, customer_id, return_date, staff_id, last_update) values (7586, '2005-07-27 23:19:29', 15, 316, '2005-07-29 23:04:29', 1, '2006-02-15 21:30:53');
insert into sakila.rental (rental_id, rental_date, inventory_id, customer_id, return_date, staff_id, last_update) values (7595, '2005-07-27 23:32:23', 4313, 390, '2005-08-03 05:28:23', 1, '2006-02-15 21:30:53');
insert into sakila.rental (rental_id, rental_date, inventory_id, customer_id, return_date, staff_id, last_update) values (7603, '2005-07-27 23:54:44', 124, 497, '2005-07-29 01:24:44', 1, '2006-02-15 21:30:53');
insert into sakila.rental (rental_id, rental_date, inventory_id, customer_id, return_date, staff_id, last_update) values (7634, '2005-07-28 01:07:01', 4487, 365, '2005-07-31 05:00:01', 1, '2006-02-15 21:30:53');
insert into sakila.rental (rental_id, rental_date, inventory_id, customer_id, return_date, staff_id, last_update) values (7654, '2005-07-28 02:00:14', 1009, 360, '2005-07-31 20:50:14', 2, '2006-02-15 21:30:53');
insert into sakila.rental (rental_id, rental_date, inventory_id, customer_id, return_date, staff_id, last_update) values (7660, '2005-07-28 02:10:10', 4385, 4, '2005-07-30 04:29:10', 2, '2006-02-15 21:30:53');
insert into sakila.rental (rental_id, rental_date, inventory_id, customer_id, return_date, staff_id, last_update) values (7675, '2005-07-28 02:55:20', 153, 189, '2005-07-31 05:27:20', 1, '2006-02-15 21:30:53');
insert into sakila.rental (rental_id, rental_date, inventory_id, customer_id, return_date, staff_id, last_update) values (7694, '2005-07-28 03:39:25', 2892, 538, '2005-07-31 05:47:25', 1, '2006-02-15 21:30:53');
insert into sakila.rental (rental_id, rental_date, inventory_id, customer_id, return_date, staff_id, last_update) values (7704, '2005-07-28 04:02:13', 2342, 265, '2005-08-04 00:51:13', 1, '2006-02-15 21:30:53');
insert into sakila.rental (rental_id, rental_date, inventory_id, customer_id, return_date, staff_id, last_update) values (7709, '2005-07-28 04:22:14', 3800, 81, '2005-07-31 09:18:14', 2, '2006-02-15 21:30:53');
insert into sakila.rental (rental_id, rental_date, inventory_id, customer_id, return_date, staff_id, last_update) values (7831, '2005-07-28 08:44:21', 4436, 499, '2005-07-30 03:25:21', 2, '2006-02-15 21:30:53');
insert into sakila.rental (rental_id, rental_date, inventory_id, customer_id, return_date, staff_id, last_update) values (7837, '2005-07-28 08:58:32', 115, 374, '2005-07-29 14:11:32', 1, '2006-02-15 21:30:53');
insert into sakila.rental (rental_id, rental_date, inventory_id, customer_id, return_date, staff_id, last_update) values (7838, '2005-07-28 09:00:21', 2222, 550, '2005-07-29 05:52:21', 1, '2006-02-15 21:30:53');
insert into sakila.rental (rental_id, rental_date, inventory_id, customer_id, return_date, staff_id, last_update) values (7856, '2005-07-28 09:48:24', 2376, 375, '2005-07-29 09:49:24', 2, '2006-02-15 21:30:53');
insert into sakila.rental (rental_id, rental_date, inventory_id, customer_id, return_date, staff_id, last_update) values (7865, '2005-07-28 10:07:04', 2334, 148, '2005-08-06 08:16:04', 2, '2006-02-15 21:30:53');
insert into sakila.rental (rental_id, rental_date, inventory_id, customer_id, return_date, staff_id, last_update) values (7901, '2005-07-28 11:12:12', 4435, 280, '2005-08-01 08:13:12', 1, '2006-02-15 21:30:53');
insert into sakila.rental (rental_id, rental_date, inventory_id, customer_id, return_date, staff_id, last_update) values (7921, '2005-07-28 12:02:46', 116, 100, '2005-08-01 12:08:46', 2, '2006-02-15 21:30:53');
insert into sakila.rental (rental_id, rental_date, inventory_id, customer_id, return_date, staff_id, last_update) values (7942, '2005-07-28 12:49:44', 1636, 56, '2005-07-31 18:07:44', 2, '2006-02-15 21:30:53');
insert into sakila.rental (rental_id, rental_date, inventory_id, customer_id, return_date, staff_id, last_update) values (7947, '2005-07-28 13:05:50', 2504, 279, '2005-08-02 11:16:50', 2, '2006-02-15 21:30:53');
insert into sakila.rental (rental_id, rental_date, inventory_id, customer_id, return_date, staff_id, last_update) values (7964, '2005-07-28 13:49:58', 2528, 574, '2005-08-03 10:03:58', 2, '2006-02-15 21:30:53');
insert into sakila.rental (rental_id, rental_date, inventory_id, customer_id, return_date, staff_id, last_update) values (7969, '2005-07-28 13:57:37', 2224, 123, '2005-08-04 19:31:37', 1, '2006-02-15 21:30:53');
insert into sakila.rental (rental_id, rental_date, inventory_id, customer_id, return_date, staff_id, last_update) values (7982, '2005-07-28 14:19:59', 668, 71, '2005-07-29 14:09:59', 2, '2006-02-15 21:30:53');
insert into sakila.rental (rental_id, rental_date, inventory_id, customer_id, return_date, staff_id, last_update) values (8041, '2005-07-28 16:39:56', 763, 357, '2005-07-30 18:44:56', 1, '2006-02-15 21:30:53');
insert into sakila.rental (rental_id, rental_date, inventory_id, customer_id, return_date, staff_id, last_update) values (8134, '2005-07-28 20:01:23', 1695, 41, '2005-08-03 01:00:23', 2, '2006-02-15 21:30:53');
insert into sakila.rental (rental_id, rental_date, inventory_id, customer_id, return_date, staff_id, last_update) values (8234, '2005-07-29 00:19:20', 644, 227, '2005-08-03 19:16:20', 2, '2006-02-15 21:30:53');
insert into sakila.rental (rental_id, rental_date, inventory_id, customer_id, return_date, staff_id, last_update) values (8237, '2005-07-29 00:29:56', 608, 441, '2005-08-06 03:10:56', 1, '2006-02-15 21:30:53');
insert into sakila.rental (rental_id, rental_date, inventory_id, customer_id, return_date, staff_id, last_update) values (8324, '2005-07-29 03:56:05', 1467, 98, '2005-08-02 01:41:05', 1, '2006-02-15 21:30:53');
insert into sakila.rental (rental_id, rental_date, inventory_id, customer_id, return_date, staff_id, last_update) values (8330, '2005-07-29 04:09:07', 2294, 412, '2005-08-05 05:00:07', 2, '2006-02-15 21:30:53');
insert into sakila.rental (rental_id, rental_date, inventory_id, customer_id, return_date, staff_id, last_update) values (8366, '2005-07-29 05:11:14', 479, 39, '2005-08-05 01:48:14', 1, '2006-02-15 21:30:53');
insert into sakila.rental (rental_id, rental_date, inventory_id, customer_id, return_date, staff_id, last_update) values (8452, '2005-07-29 07:45:00', 4312, 16, '2005-08-05 09:46:00', 2, '2006-02-15 21:30:53');
insert into sakila.rental (rental_id, rental_date, inventory_id, customer_id, return_date, staff_id, last_update) values (8497, '2005-07-29 09:07:03', 1837, 593, '2005-08-02 09:18:03', 2, '2006-02-15 21:30:53');
insert into sakila.rental (rental_id, rental_date, inventory_id, customer_id, return_date, staff_id, last_update) values (8504, '2005-07-29 09:20:16', 2295, 561, '2005-08-07 04:27:16', 2, '2006-02-15 21:30:53');
insert into sakila.rental (rental_id, rental_date, inventory_id, customer_id, return_date, staff_id, last_update) values (8510, '2005-07-29 09:41:38', 7, 487, '2005-08-05 05:30:38', 2, '2006-02-15 21:30:53');
insert into sakila.rental (rental_id, rental_date, inventory_id, customer_id, return_date, staff_id, last_update) values (8535, '2005-07-29 10:32:33', 4489, 536, '2005-07-31 05:46:33', 1, '2006-02-15 21:30:53');
insert into sakila.rental (rental_id, rental_date, inventory_id, customer_id, return_date, staff_id, last_update) values (8573, '2005-07-29 11:51:25', 1637, 179, '2005-08-07 08:53:25', 1, '2006-02-15 21:30:53');
insert into sakila.rental (rental_id, rental_date, inventory_id, customer_id, return_date, staff_id, last_update) values (8584, '2005-07-29 12:07:53', 1656, 482, '2005-07-31 09:27:53', 1, '2006-02-15 21:30:53');
insert into sakila.rental (rental_id, rental_date, inventory_id, customer_id, return_date, staff_id, last_update) values (8611, '2005-07-29 13:26:21', 610, 373, '2005-08-07 18:20:21', 2, '2006-02-15 21:30:53');
insert into sakila.rental (rental_id, rental_date, inventory_id, customer_id, return_date, staff_id, last_update) values (8653, '2005-07-29 15:04:23', 4440, 230, '2005-08-02 09:39:23', 2, '2006-02-15 21:30:53');
insert into sakila.rental (rental_id, rental_date, inventory_id, customer_id, return_date, staff_id, last_update) values (8667, '2005-07-29 15:40:57', 3439, 25, '2005-07-31 20:59:57', 1, '2006-02-15 21:30:53');
insert into sakila.rental (rental_id, rental_date, inventory_id, customer_id, return_date, staff_id, last_update) values (8704, '2005-07-29 17:13:45', 2117, 107, '2005-08-03 20:03:45', 2, '2006-02-15 21:30:53');
insert into sakila.rental (rental_id, rental_date, inventory_id, customer_id, return_date, staff_id, last_update) values (8707, '2005-07-29 17:21:58', 2525, 157, '2005-08-02 14:47:58', 2, '2006-02-15 21:30:53');
insert into sakila.rental (rental_id, rental_date, inventory_id, customer_id, return_date, staff_id, last_update) values (8720, '2005-07-29 17:48:32', 152, 180, '2005-08-04 14:30:32', 2, '2006-02-15 21:30:53');
insert into sakila.rental (rental_id, rental_date, inventory_id, customer_id, return_date, staff_id, last_update) values (8734, '2005-07-29 18:28:15', 2374, 303, '2005-08-05 23:38:15', 1, '2006-02-15 21:30:53');
insert into sakila.rental (rental_id, rental_date, inventory_id, customer_id, return_date, staff_id, last_update) values (8739, '2005-07-29 18:34:33', 4310, 326, '2005-08-02 16:05:33', 1, '2006-02-15 21:30:53');
insert into sakila.rental (rental_id, rental_date, inventory_id, customer_id, return_date, staff_id, last_update) values (8820, '2005-07-29 22:14:56', 481, 594, '2005-08-05 23:36:56', 2, '2006-02-15 21:30:53');
insert into sakila.rental (rental_id, rental_date, inventory_id, customer_id, return_date, staff_id, last_update) values (8829, '2005-07-29 22:33:34', 1466, 173, '2005-08-05 20:23:34', 2, '2006-02-15 21:30:53');
insert into sakila.rental (rental_id, rental_date, inventory_id, customer_id, return_date, staff_id, last_update) values (8839, '2005-07-29 22:52:34', 3440, 580, '2005-08-05 03:24:34', 2, '2006-02-15 21:30:53');
insert into sakila.rental (rental_id, rental_date, inventory_id, customer_id, return_date, staff_id, last_update) values (8855, '2005-07-29 23:40:10', 4388, 335, '2005-08-02 18:07:10', 2, '2006-02-15 21:30:53');
insert into sakila.rental (rental_id, rental_date, inventory_id, customer_id, return_date, staff_id, last_update) values (8858, '2005-07-29 23:44:35', 2378, 558, '2005-08-01 05:25:35', 2, '2006-02-15 21:30:53');
insert into sakila.rental (rental_id, rental_date, inventory_id, customer_id, return_date, staff_id, last_update) values (8861, '2005-07-29 23:47:29', 759, 560, '2005-08-07 01:27:29', 1, '2006-02-15 21:30:53');
insert into sakila.rental (rental_id, rental_date, inventory_id, customer_id, return_date, staff_id, last_update) values (8881, '2005-07-30 00:22:31', 2012, 118, '2005-08-04 19:10:31', 1, '2006-02-15 21:30:53');
insert into sakila.rental (rental_id, rental_date, inventory_id, customer_id, return_date, staff_id, last_update) values (8886, '2005-07-30 00:36:31', 1469, 418, '2005-08-08 06:18:31', 1, '2006-02-15 21:30:53');
insert into sakila.rental (rental_id, rental_date, inventory_id, customer_id, return_date, staff_id, last_update) values (8922, '2005-07-30 02:08:25', 1696, 446, '2005-08-08 07:19:25', 2, '2006-02-15 21:30:53');
insert into sakila.rental (rental_id, rental_date, inventory_id, customer_id, return_date, staff_id, last_update) values (8951, '2005-07-30 03:18:24', 127, 336, '2005-08-08 08:50:24', 2, '2006-02-15 21:30:53');
insert into sakila.rental (rental_id, rental_date, inventory_id, customer_id, return_date, staff_id, last_update) values (8962, '2005-07-30 03:43:45', 4439, 406, '2005-08-07 00:33:45', 1, '2006-02-15 21:30:53');
insert into sakila.rental (rental_id, rental_date, inventory_id, customer_id, return_date, staff_id, last_update) values (8987, '2005-07-30 04:37:36', 1434, 135, '2005-08-08 10:14:36', 2, '2006-02-15 21:30:53');
insert into sakila.rental (rental_id, rental_date, inventory_id, customer_id, return_date, staff_id, last_update) values (9025, '2005-07-30 05:50:08', 2244, 473, '2005-07-31 09:58:08', 1, '2006-02-15 21:30:53');
insert into sakila.rental (rental_id, rental_date, inventory_id, customer_id, return_date, staff_id, last_update) values (9031, '2005-07-30 06:06:10', 2377, 2, '2005-08-04 10:45:10', 2, '2006-02-15 21:30:53');
insert into sakila.rental (rental_id, rental_date, inventory_id, customer_id, return_date, staff_id, last_update) values (9059, '2005-07-30 07:18:44', 480, 267, '2005-08-08 08:39:44', 1, '2006-02-15 21:30:53');
insert into sakila.rental (rental_id, rental_date, inventory_id, customer_id, return_date, staff_id, last_update) values (9134, '2005-07-30 10:00:21', 3797, 559, '2005-08-01 05:01:21', 1, '2006-02-15 21:30:53');
insert into sakila.rental (rental_id, rental_date, inventory_id, customer_id, return_date, staff_id, last_update) values (9157, '2005-07-30 11:06:23', 146, 19, '2005-08-05 05:29:23', 2, '2006-02-15 21:30:53');
insert into sakila.rental (rental_id, rental_date, inventory_id, customer_id, return_date, staff_id, last_update) values (9164, '2005-07-30 11:24:14', 4434, 342, '2005-08-08 16:24:14', 1, '2006-02-15 21:30:53');
insert into sakila.rental (rental_id, rental_date, inventory_id, customer_id, return_date, staff_id, last_update) values (9194, '2005-07-30 12:28:45', 2467, 294, '2005-08-06 14:38:45', 1, '2006-02-15 21:30:53');
insert into sakila.rental (rental_id, rental_date, inventory_id, customer_id, return_date, staff_id, last_update) values (9201, '2005-07-30 12:42:21', 4387, 291, '2005-08-08 06:50:21', 1, '2006-02-15 21:30:53');
insert into sakila.rental (rental_id, rental_date, inventory_id, customer_id, return_date, staff_id, last_update) values (9203, '2005-07-30 12:43:40', 2112, 169, '2005-08-01 09:31:40', 2, '2006-02-15 21:30:53');
insert into sakila.rental (rental_id, rental_date, inventory_id, customer_id, return_date, staff_id, last_update) values (9218, '2005-07-30 13:14:35', 119, 172, '2005-08-07 18:03:35', 1, '2006-02-15 21:30:53');
insert into sakila.rental (rental_id, rental_date, inventory_id, customer_id, return_date, staff_id, last_update) values (9249, '2005-07-30 14:15:02', 2015, 296, '2005-08-05 13:02:02', 1, '2006-02-15 21:30:53');
insert into sakila.rental (rental_id, rental_date, inventory_id, customer_id, return_date, staff_id, last_update) values (9267, '2005-07-30 14:59:05', 645, 409, '2005-08-04 10:17:05', 1, '2006-02-15 21:30:53');
insert into sakila.rental (rental_id, rental_date, inventory_id, customer_id, return_date, staff_id, last_update) values (9294, '2005-07-30 16:14:37', 2468, 433, '2005-08-07 18:49:37', 1, '2006-02-15 21:30:53');
insert into sakila.rental (rental_id, rental_date, inventory_id, customer_id, return_date, staff_id, last_update) values (9335, '2005-07-30 18:00:53', 1006, 522, '2005-08-01 16:05:53', 1, '2006-02-15 21:30:53');
insert into sakila.rental (rental_id, rental_date, inventory_id, customer_id, return_date, staff_id, last_update) values (9355, '2005-07-30 18:35:25', 1122, 201, '2005-08-03 20:33:25', 2, '2006-02-15 21:30:53');
insert into sakila.rental (rental_id, rental_date, inventory_id, customer_id, return_date, staff_id, last_update) values (9386, '2005-07-30 19:26:21', 1123, 189, '2005-08-05 21:00:21', 2, '2006-02-15 21:30:53');
insert into sakila.rental (rental_id, rental_date, inventory_id, customer_id, return_date, staff_id, last_update) values (9388, '2005-07-30 19:27:22', 2116, 332, '2005-08-08 15:31:22', 2, '2006-02-15 21:30:53');
insert into sakila.rental (rental_id, rental_date, inventory_id, customer_id, return_date, staff_id, last_update) values (9406, '2005-07-30 20:24:00', 3419, 453, '2005-08-07 19:50:00', 1, '2006-02-15 21:30:53');
insert into sakila.rental (rental_id, rental_date, inventory_id, customer_id, return_date, staff_id, last_update) values (9420, '2005-07-30 21:05:18', 147, 72, '2005-08-05 23:52:18', 2, '2006-02-15 21:30:53');
insert into sakila.rental (rental_id, rental_date, inventory_id, customer_id, return_date, staff_id, last_update) values (9436, '2005-07-30 21:33:01', 2329, 268, '2005-08-06 17:38:01', 1, '2006-02-15 21:30:53');
insert into sakila.rental (rental_id, rental_date, inventory_id, customer_id, return_date, staff_id, last_update) values (9449, '2005-07-30 22:02:34', 2, 581, '2005-08-06 02:09:34', 1, '2006-02-15 21:30:53');
insert into sakila.rental (rental_id, rental_date, inventory_id, customer_id, return_date, staff_id, last_update) values (9494, '2005-07-30 23:52:46', 3799, 254, '2005-08-05 23:13:46', 2, '2006-02-15 21:30:53');
insert into sakila.rental (rental_id, rental_date, inventory_id, customer_id, return_date, staff_id, last_update) values (9542, '2005-07-31 01:41:48', 2243, 595, '2005-08-01 00:49:48', 2, '2006-02-15 21:30:53');
insert into sakila.rental (rental_id, rental_date, inventory_id, customer_id, return_date, staff_id, last_update) values (9546, '2005-07-31 01:47:40', 211, 63, '2005-08-02 07:25:40', 2, '2006-02-15 21:30:53');
insert into sakila.rental (rental_id, rental_date, inventory_id, customer_id, return_date, staff_id, last_update) values (9658, '2005-07-31 06:00:52', 2332, 282, '2005-08-09 04:47:52', 2, '2006-02-15 21:30:53');
insert into sakila.rental (rental_id, rental_date, inventory_id, customer_id, return_date, staff_id, last_update) values (9662, '2005-07-31 06:09:53', 2757, 96, '2005-08-08 00:50:53', 2, '2006-02-15 21:30:53');
insert into sakila.rental (rental_id, rental_date, inventory_id, customer_id, return_date, staff_id, last_update) values (9670, '2005-07-31 06:33:33', 3709, 349, '2005-08-07 04:51:33', 1, '2006-02-15 21:30:53');
insert into sakila.rental (rental_id, rental_date, inventory_id, customer_id, return_date, staff_id, last_update) values (9697, '2005-07-31 07:23:11', 762, 479, '2005-08-05 08:04:11', 2, '2006-02-15 21:30:53');
insert into sakila.rental (rental_id, rental_date, inventory_id, customer_id, return_date, staff_id, last_update) values (9733, '2005-07-31 08:57:35', 1255, 575, '2005-08-04 04:47:35', 1, '2006-02-15 21:30:53');
insert into sakila.rental (rental_id, rental_date, inventory_id, customer_id, return_date, staff_id, last_update) values (9763, '2005-07-31 09:34:03', 126, 393, '2005-08-08 05:30:03', 1, '2006-02-15 21:30:53');
insert into sakila.rental (rental_id, rental_date, inventory_id, customer_id, return_date, staff_id, last_update) values (9786, '2005-07-31 10:25:21', 2560, 586, '2005-08-03 04:28:21', 1, '2006-02-15 21:30:53');
insert into sakila.rental (rental_id, rental_date, inventory_id, customer_id, return_date, staff_id, last_update) values (9818, '2005-07-31 11:34:32', 1254, 183, '2005-08-04 08:20:32', 1, '2006-02-15 21:30:53');
insert into sakila.rental (rental_id, rental_date, inventory_id, customer_id, return_date, staff_id, last_update) values (9822, '2005-07-31 11:48:25', 2469, 381, '2005-08-05 15:52:25', 2, '2006-02-15 21:30:53');
insert into sakila.rental (rental_id, rental_date, inventory_id, customer_id, return_date, staff_id, last_update) values (9873, '2005-07-31 13:32:18', 667, 442, '2005-08-06 11:15:18', 2, '2006-02-15 21:30:53');
insert into sakila.rental (rental_id, rental_date, inventory_id, customer_id, return_date, staff_id, last_update) values (9923, '2005-07-31 15:00:15', 1635, 209, '2005-08-05 11:09:15', 2, '2006-02-15 21:30:53');
insert into sakila.rental (rental_id, rental_date, inventory_id, customer_id, return_date, staff_id, last_update) values (9932, '2005-07-31 15:19:48', 1691, 264, '2005-08-05 21:09:48', 1, '2006-02-15 21:30:53');
insert into sakila.rental (rental_id, rental_date, inventory_id, customer_id, return_date, staff_id, last_update) values (9950, '2005-07-31 15:50:22', 1657, 572, '2005-08-08 19:10:22', 2, '2006-02-15 21:30:53');
insert into sakila.rental (rental_id, rental_date, inventory_id, customer_id, return_date, staff_id, last_update) values (9956, '2005-07-31 16:03:47', 4485, 342, '2005-08-01 16:40:47', 2, '2006-02-15 21:30:53');
insert into sakila.rental (rental_id, rental_date, inventory_id, customer_id, return_date, staff_id, last_update) values (9979, '2005-07-31 17:00:07', 646, 576, '2005-08-08 20:40:07', 1, '2006-02-15 21:30:53');
insert into sakila.rental (rental_id, rental_date, inventory_id, customer_id, return_date, staff_id, last_update) values (9993, '2005-07-31 17:30:20', 2503, 225, '2005-08-01 20:53:20', 2, '2006-02-15 21:30:53');
insert into sakila.rental (rental_id, rental_date, inventory_id, customer_id, return_date, staff_id, last_update) values (9999, '2005-07-31 17:40:53', 1438, 543, '2005-08-01 14:25:53', 1, '2006-02-15 21:30:53');
insert into sakila.rental (rental_id, rental_date, inventory_id, customer_id, return_date, staff_id, last_update) values (10011, '2005-07-31 18:02:41', 606, 128, '2005-08-08 17:04:41', 1, '2006-02-15 21:30:53');
insert into sakila.rental (rental_id, rental_date, inventory_id, customer_id, return_date, staff_id, last_update) values (10018, '2005-07-31 18:15:14', 3708, 481, '2005-08-05 14:44:14', 2, '2006-02-15 21:30:53');
insert into sakila.rental (rental_id, rental_date, inventory_id, customer_id, return_date, staff_id, last_update) values (10019, '2005-07-31 18:20:56', 2114, 536, '2005-08-07 14:25:56', 1, '2006-02-15 21:30:53');
insert into sakila.rental (rental_id, rental_date, inventory_id, customer_id, return_date, staff_id, last_update) values (10032, '2005-07-31 18:41:55', 2331, 126, '2005-08-04 22:45:55', 1, '2006-02-15 21:30:53');
insert into sakila.rental (rental_id, rental_date, inventory_id, customer_id, return_date, staff_id, last_update) values (10058, '2005-07-31 19:20:21', 758, 237, '2005-08-04 00:41:21', 2, '2006-02-15 21:30:53');
insert into sakila.rental (rental_id, rental_date, inventory_id, customer_id, return_date, staff_id, last_update) values (10070, '2005-07-31 19:46:29', 1010, 325, '2005-08-03 22:21:29', 1, '2006-02-15 21:30:53');
insert into sakila.rental (rental_id, rental_date, inventory_id, customer_id, return_date, staff_id, last_update) values (10077, '2005-07-31 20:01:06', 2333, 19, '2005-08-09 16:07:06', 1, '2006-02-15 21:30:53');
insert into sakila.rental (rental_id, rental_date, inventory_id, customer_id, return_date, staff_id, last_update) values (10126, '2005-07-31 21:36:07', 3, 39, '2005-08-03 23:59:07', 1, '2006-02-15 21:30:53');
insert into sakila.rental (rental_id, rental_date, inventory_id, customer_id, return_date, staff_id, last_update) values (10128, '2005-07-31 21:40:04', 2559, 508, '2005-08-02 02:21:04', 1, '2006-02-15 21:30:53');
insert into sakila.rental (rental_id, rental_date, inventory_id, customer_id, return_date, staff_id, last_update) values (10141, '2005-07-31 22:08:29', 8, 8, '2005-08-06 16:59:29', 1, '2006-02-15 21:30:53');
insert into sakila.rental (rental_id, rental_date, inventory_id, customer_id, return_date, staff_id, last_update) values (10173, '2005-07-31 23:36:59', 2527, 326, '2005-08-08 20:20:59', 2, '2006-02-15 21:30:53');
insert into sakila.rental (rental_id, rental_date, inventory_id, customer_id, return_date, staff_id, last_update) values (10214, '2005-08-01 01:04:15', 648, 597, '2005-08-01 19:31:15', 2, '2006-02-15 21:30:53');
insert into sakila.rental (rental_id, rental_date, inventory_id, customer_id, return_date, staff_id, last_update) values (10266, '2005-08-01 03:05:59', 476, 49, '2005-08-06 06:23:59', 1, '2006-02-15 21:30:53');
insert into sakila.rental (rental_id, rental_date, inventory_id, customer_id, return_date, staff_id, last_update) values (10272, '2005-08-01 03:14:34', 128, 273, '2005-08-10 05:56:34', 2, '2006-02-15 21:30:53');
insert into sakila.rental (rental_id, rental_date, inventory_id, customer_id, return_date, staff_id, last_update) values (10287, '2005-08-01 03:37:01', 125, 141, '2005-08-05 23:03:01', 2, '2006-02-15 21:30:53');
insert into sakila.rental (rental_id, rental_date, inventory_id, customer_id, return_date, staff_id, last_update) values (10292, '2005-08-01 03:42:40', 2562, 340, '2005-08-01 23:36:40', 2, '2006-02-15 21:30:53');
insert into sakila.rental (rental_id, rental_date, inventory_id, customer_id, return_date, staff_id, last_update) values (10299, '2005-08-01 04:08:04', 1125, 369, '2005-08-04 08:11:04', 1, '2006-02-15 21:30:53');
insert into sakila.rental (rental_id, rental_date, inventory_id, customer_id, return_date, staff_id, last_update) values (10312, '2005-08-01 04:29:06', 4389, 172, '2005-08-08 04:52:06', 2, '2006-02-15 21:30:53');
insert into sakila.rental (rental_id, rental_date, inventory_id, customer_id, return_date, staff_id, last_update) values (10380, '2005-08-01 06:34:36', 2225, 533, '2005-08-02 09:08:36', 1, '2006-02-15 21:30:53');
insert into sakila.rental (rental_id, rental_date, inventory_id, customer_id, return_date, staff_id, last_update) values (10387, '2005-08-01 06:42:31', 1651, 87, '2005-08-08 07:44:31', 1, '2006-02-15 21:30:53');
insert into sakila.rental (rental_id, rental_date, inventory_id, customer_id, return_date, staff_id, last_update) values (10394, '2005-08-01 06:58:17', 1655, 128, '2005-08-05 02:09:17', 1, '2006-02-15 21:30:53');
insert into sakila.rental (rental_id, rental_date, inventory_id, customer_id, return_date, staff_id, last_update) values (10418, '2005-08-01 08:11:07', 1692, 248, '2005-08-04 11:12:07', 2, '2006-02-15 21:30:53');
insert into sakila.rental (rental_id, rental_date, inventory_id, customer_id, return_date, staff_id, last_update) values (10437, '2005-08-01 08:51:04', 14, 1, '2005-08-10 12:12:04', 1, '2006-02-15 21:30:53');
insert into sakila.rental (rental_id, rental_date, inventory_id, customer_id, return_date, staff_id, last_update) values (10465, '2005-08-01 09:45:25', 4384, 534, '2005-08-10 09:08:25', 2, '2006-02-15 21:30:53');
insert into sakila.rental (rental_id, rental_date, inventory_id, customer_id, return_date, staff_id, last_update) values (10468, '2005-08-01 09:48:29', 2115, 129, '2005-08-05 09:58:29', 2, '2006-02-15 21:30:53');
insert into sakila.rental (rental_id, rental_date, inventory_id, customer_id, return_date, staff_id, last_update) values (10487, '2005-08-01 10:26:34', 1121, 577, '2005-08-07 16:11:34', 1, '2006-02-15 21:30:53');
insert into sakila.rental (rental_id, rental_date, inventory_id, customer_id, return_date, staff_id, last_update) values (10493, '2005-08-01 10:43:12', 2375, 285, '2005-08-07 08:13:12', 2, '2006-02-15 21:30:53');
insert into sakila.rental (rental_id, rental_date, inventory_id, customer_id, return_date, staff_id, last_update) values (10535, '2005-08-01 12:21:13', 1838, 284, '2005-08-09 08:58:13', 1, '2006-02-15 21:30:53');
insert into sakila.rental (rental_id, rental_date, inventory_id, customer_id, return_date, staff_id, last_update) values (10569, '2005-08-01 13:18:23', 611, 179, '2005-08-10 13:33:23', 1, '2006-02-15 21:30:53');
insert into sakila.rental (rental_id, rental_date, inventory_id, customer_id, return_date, staff_id, last_update) values (10598, '2005-08-01 14:23:36', 2341, 397, '2005-08-10 14:07:36', 2, '2006-02-15 21:30:53');
insert into sakila.rental (rental_id, rental_date, inventory_id, customer_id, return_date, staff_id, last_update) values (10678, '2005-08-01 17:26:24', 4438, 56, '2005-08-05 22:55:24', 1, '2006-02-15 21:30:53');
insert into sakila.rental (rental_id, rental_date, inventory_id, customer_id, return_date, staff_id, last_update) values (10679, '2005-08-01 17:27:58', 4437, 198, '2005-08-08 16:06:58', 1, '2006-02-15 21:30:53');
insert into sakila.rental (rental_id, rental_date, inventory_id, customer_id, return_date, staff_id, last_update) values (10681, '2005-08-01 17:30:35', 1468, 119, '2005-08-02 14:48:35', 2, '2006-02-15 21:30:53');
insert into sakila.rental (rental_id, rental_date, inventory_id, customer_id, return_date, staff_id, last_update) values (10723, '2005-08-01 19:10:49', 2526, 580, '2005-08-08 19:21:49', 2, '2006-02-15 21:30:53');
insert into sakila.rental (rental_id, rental_date, inventory_id, customer_id, return_date, staff_id, last_update) values (10725, '2005-08-01 19:11:04', 4486, 534, '2005-08-07 18:16:04', 2, '2006-02-15 21:30:53');
insert into sakila.rental (rental_id, rental_date, inventory_id, customer_id, return_date, staff_id, last_update) values (10736, '2005-08-01 19:30:21', 2227, 272, '2005-08-02 22:37:21', 1, '2006-02-15 21:30:53');
insert into sakila.rental (rental_id, rental_date, inventory_id, customer_id, return_date, staff_id, last_update) values (10796, '2005-08-01 21:56:41', 2113, 534, '2005-08-05 01:09:41', 1, '2006-02-15 21:30:53');
insert into sakila.rental (rental_id, rental_date, inventory_id, customer_id, return_date, staff_id, last_update) values (10814, '2005-08-01 22:43:12', 2758, 49, '2005-08-05 02:35:12', 2, '2006-02-15 21:30:53');
insert into sakila.rental (rental_id, rental_date, inventory_id, customer_id, return_date, staff_id, last_update) values (10821, '2005-08-01 22:54:27', 2016, 522, '2005-08-07 02:15:27', 2, '2006-02-15 21:30:53');
insert into sakila.rental (rental_id, rental_date, inventory_id, customer_id, return_date, staff_id, last_update) values (10825, '2005-08-01 23:05:33', 4386, 587, '2005-08-04 04:33:33', 1, '2006-02-15 21:30:53');
insert into sakila.rental (rental_id, rental_date, inventory_id, customer_id, return_date, staff_id, last_update) values (10864, '2005-08-02 00:18:59', 1694, 134, '2005-08-08 22:20:59', 1, '2006-02-15 21:30:53');
insert into sakila.rental (rental_id, rental_date, inventory_id, customer_id, return_date, staff_id, last_update) values (10866, '2005-08-02 00:22:49', 117, 424, '2005-08-07 04:38:49', 1, '2006-02-15 21:30:53');
insert into sakila.rental (rental_id, rental_date, inventory_id, customer_id, return_date, staff_id, last_update) values (10883, '2005-08-02 00:47:19', 4, 301, '2005-08-03 00:02:19', 1, '2006-02-15 21:30:53');
insert into sakila.rental (rental_id, rental_date, inventory_id, customer_id, return_date, staff_id, last_update) values (10893, '2005-08-02 01:12:13', 2529, 306, '2005-08-11 05:53:13', 2, '2006-02-15 21:30:53');
insert into sakila.rental (rental_id, rental_date, inventory_id, customer_id, return_date, staff_id, last_update) values (10944, '2005-08-02 03:20:03', 2373, 470, '2005-08-04 04:13:03', 2, '2006-02-15 21:30:53');
insert into sakila.rental (rental_id, rental_date, inventory_id, customer_id, return_date, staff_id, last_update) values (10957, '2005-08-02 03:33:30', 1652, 447, '2005-08-10 06:19:30', 2, '2006-02-15 21:30:53');
insert into sakila.rental (rental_id, rental_date, inventory_id, customer_id, return_date, staff_id, last_update) values (10966, '2005-08-02 04:00:47', 478, 584, '2005-08-08 01:58:47', 2, '2006-02-15 21:30:53');
insert into sakila.rental (rental_id, rental_date, inventory_id, customer_id, return_date, staff_id, last_update) values (10980, '2005-08-02 04:17:32', 150, 547, '2005-08-04 05:12:32', 1, '2006-02-15 21:30:53');
insert into sakila.rental (rental_id, rental_date, inventory_id, customer_id, return_date, staff_id, last_update) values (10994, '2005-08-02 04:46:53', 647, 323, '2005-08-11 10:30:53', 1, '2006-02-15 21:30:53');
insert into sakila.rental (rental_id, rental_date, inventory_id, customer_id, return_date, staff_id, last_update) values (10995, '2005-08-02 04:48:00', 2891, 340, '2005-08-07 05:00:00', 1, '2006-02-15 21:30:53');
insert into sakila.rental (rental_id, rental_date, inventory_id, customer_id, return_date, staff_id, last_update) values (10999, '2005-08-02 04:53:13', 2013, 227, '2005-08-06 04:36:13', 2, '2006-02-15 21:30:53');
insert into sakila.rental (rental_id, rental_date, inventory_id, customer_id, return_date, staff_id, last_update) values (11030, '2005-08-02 05:51:20', 1437, 569, '2005-08-06 04:20:20', 1, '2006-02-15 21:30:53');
insert into sakila.rental (rental_id, rental_date, inventory_id, customer_id, return_date, staff_id, last_update) values (11062, '2005-08-02 06:52:54', 2014, 346, '2005-08-07 10:59:54', 1, '2006-02-15 21:30:53');
insert into sakila.rental (rental_id, rental_date, inventory_id, customer_id, return_date, staff_id, last_update) values (11065, '2005-08-02 06:57:55', 2226, 357, '2005-08-06 01:31:55', 2, '2006-02-15 21:30:53');
insert into sakila.rental (rental_id, rental_date, inventory_id, customer_id, return_date, staff_id, last_update) values (11074, '2005-08-02 07:21:43', 1439, 277, '2005-08-08 05:18:43', 1, '2006-02-15 21:30:53');
insert into sakila.rental (rental_id, rental_date, inventory_id, customer_id, return_date, staff_id, last_update) values (11096, '2005-08-02 08:05:19', 1436, 34, '2005-08-04 07:28:19', 2, '2006-02-15 21:30:53');
insert into sakila.rental (rental_id, rental_date, inventory_id, customer_id, return_date, staff_id, last_update) values (11110, '2005-08-02 08:20:31', 4311, 4, '2005-08-04 05:06:31', 2, '2006-02-15 21:30:53');
insert into sakila.rental (rental_id, rental_date, inventory_id, customer_id, return_date, staff_id, last_update) values (11113, '2005-08-02 08:26:24', 1654, 231, '2005-08-07 09:24:24', 2, '2006-02-15 21:30:53');
insert into sakila.rental (rental_id, rental_date, inventory_id, customer_id, return_date, staff_id, last_update) values (11167, '2005-08-02 10:15:51', 148, 451, '2005-08-09 09:18:51', 1, '2006-02-15 21:30:53');
insert into sakila.rental (rental_id, rental_date, inventory_id, customer_id, return_date, staff_id, last_update) values (11213, '2005-08-02 12:18:35', 1007, 584, '2005-08-05 08:44:35', 2, '2006-02-15 21:30:53');
insert into sakila.rental (rental_id, rental_date, inventory_id, customer_id, return_date, staff_id, last_update) values (11218, '2005-08-02 12:29:12', 1126, 500, '2005-08-10 16:13:12', 2, '2006-02-15 21:30:53');
insert into sakila.rental (rental_id, rental_date, inventory_id, customer_id, return_date, staff_id, last_update) values (11228, '2005-08-02 12:55:23', 2561, 144, '2005-08-08 12:31:23', 1, '2006-02-15 21:30:53');
insert into sakila.rental (rental_id, rental_date, inventory_id, customer_id, return_date, staff_id, last_update) values (11250, '2005-08-02 13:35:42', 2223, 279, '2005-08-10 12:32:42', 2, '2006-02-15 21:30:53');
insert into sakila.rental (rental_id, rental_date, inventory_id, customer_id, return_date, staff_id, last_update) values (11264, '2005-08-02 14:05:18', 3420, 360, '2005-08-10 08:46:18', 2, '2006-02-15 21:30:53');
insert into sakila.rental (rental_id, rental_date, inventory_id, customer_id, return_date, staff_id, last_update) values (11274, '2005-08-02 14:24:08', 1253, 70, '2005-08-11 14:56:08', 1, '2006-02-15 21:30:53');
insert into sakila.rental (rental_id, rental_date, inventory_id, customer_id, return_date, staff_id, last_update) values (11279, '2005-08-02 14:30:03', 151, 125, '2005-08-10 09:49:03', 2, '2006-02-15 21:30:53');
insert into sakila.rental (rental_id, rental_date, inventory_id, customer_id, return_date, staff_id, last_update) values (11292, '2005-08-02 14:58:41', 210, 13, '2005-08-06 14:38:41', 2, '2006-02-15 21:30:53');
insert into sakila.rental (rental_id, rental_date, inventory_id, customer_id, return_date, staff_id, last_update) values (11297, '2005-08-02 15:22:47', 2531, 62, '2005-08-11 18:45:47', 1, '2006-02-15 21:30:53');
insert into sakila.rental (rental_id, rental_date, inventory_id, customer_id, return_date, staff_id, last_update) values (11305, '2005-08-02 15:44:55', 1690, 341, '2005-08-08 16:42:55', 2, '2006-02-15 21:30:53');
insert into sakila.rental (rental_id, rental_date, inventory_id, customer_id, return_date, staff_id, last_update) values (11306, '2005-08-02 15:45:10', 13, 247, '2005-08-03 21:14:10', 2, '2006-02-15 21:30:53');
insert into sakila.rental (rental_id, rental_date, inventory_id, customer_id, return_date, staff_id, last_update) values (11309, '2005-08-02 15:50:55', 607, 275, '2005-08-09 18:28:55', 1, '2006-02-15 21:30:53');
insert into sakila.rental (rental_id, rental_date, inventory_id, customer_id, return_date, staff_id, last_update) values (11322, '2005-08-02 16:23:17', 761, 418, '2005-08-09 19:55:17', 2, '2006-02-15 21:30:53');
insert into sakila.rental (rental_id, rental_date, inventory_id, customer_id, return_date, staff_id, last_update) values (11361, '2005-08-02 17:46:34', 1124, 547, '2005-08-03 15:21:34', 1, '2006-02-15 21:30:53');
insert into sakila.rental (rental_id, rental_date, inventory_id, customer_id, return_date, staff_id, last_update) values (11376, '2005-08-02 18:16:00', 2530, 177, '2005-08-11 23:38:00', 2, '2006-02-15 21:30:53');
insert into sakila.rental (rental_id, rental_date, inventory_id, customer_id, return_date, staff_id, last_update) values (11388, '2005-08-02 18:35:55', 477, 369, '2005-08-09 21:56:55', 1, '2006-02-15 21:30:53');
insert into sakila.rental (rental_id, rental_date, inventory_id, customer_id, return_date, staff_id, last_update) values (11406, '2005-08-02 19:16:10', 2502, 525, '2005-08-04 20:51:10', 2, '2006-02-15 21:30:53');
insert into sakila.rental (rental_id, rental_date, inventory_id, customer_id, return_date, staff_id, last_update) values (11433, '2005-08-02 20:13:10', 1, 518, '2005-08-11 21:35:10', 1, '2006-02-15 21:30:53');
insert into sakila.rental (rental_id, rental_date, inventory_id, customer_id, return_date, staff_id, last_update) values (11548, '2005-08-17 00:59:47', 480, 323, '2005-08-22 05:09:47', 1, '2006-02-15 21:30:53');
insert into sakila.rental (rental_id, rental_date, inventory_id, customer_id, return_date, staff_id, last_update) values (11557, '2005-08-17 01:19:20', 2376, 416, '2005-08-24 02:25:20', 1, '2006-02-15 21:30:53');
insert into sakila.rental (rental_id, rental_date, inventory_id, customer_id, return_date, staff_id, last_update) values (11582, '2005-08-17 02:03:49', 2115, 339, '2005-08-24 03:29:49', 1, '2006-02-15 21:30:53');
insert into sakila.rental (rental_id, rental_date, inventory_id, customer_id, return_date, staff_id, last_update) values (11621, '2005-08-17 04:13:45', 3708, 216, '2005-08-26 01:00:45', 1, '2006-02-15 21:30:53');
insert into sakila.rental (rental_id, rental_date, inventory_id, customer_id, return_date, staff_id, last_update) values (11623, '2005-08-17 04:15:47', 759, 163, '2005-08-19 04:11:47', 2, '2006-02-15 21:30:53');
insert into sakila.rental (rental_id, rental_date, inventory_id, customer_id, return_date, staff_id, last_update) values (11624, '2005-08-17 04:17:42', 606, 527, '2005-08-18 02:46:42', 1, '2006-02-15 21:30:53');
insert into sakila.rental (rental_id, rental_date, inventory_id, customer_id, return_date, staff_id, last_update) values (11637, '2005-08-17 04:36:39', 479, 283, '2005-08-18 02:17:39', 1, '2006-02-15 21:30:53');
insert into sakila.rental (rental_id, rental_date, inventory_id, customer_id, return_date, staff_id, last_update) values (11638, '2005-08-17 04:39:09', 3421, 152, '2005-08-25 06:42:09', 2, '2006-02-15 21:30:53');
insert into sakila.rental (rental_id, rental_date, inventory_id, customer_id, return_date, staff_id, last_update) values (11646, '2006-02-14 15:16:03', 478, 11, null, 2, '2006-02-15 21:30:53');
insert into sakila.rental (rental_id, rental_date, inventory_id, customer_id, return_date, staff_id, last_update) values (11661, '2005-08-17 05:25:57', 1008, 27, '2005-08-25 04:37:57', 1, '2006-02-15 21:30:53');
insert into sakila.rental (rental_id, rental_date, inventory_id, customer_id, return_date, staff_id, last_update) values (11663, '2005-08-17 05:30:19', 3798, 373, '2005-08-25 08:14:19', 1, '2006-02-15 21:30:53');
insert into sakila.rental (rental_id, rental_date, inventory_id, customer_id, return_date, staff_id, last_update) values (11670, '2005-08-17 05:48:59', 4437, 286, '2005-08-19 08:51:59', 1, '2006-02-15 21:30:53');
insert into sakila.rental (rental_id, rental_date, inventory_id, customer_id, return_date, staff_id, last_update) values (11691, '2005-08-17 06:51:05', 2529, 515, '2005-08-24 09:53:05', 1, '2006-02-15 21:30:53');
insert into sakila.rental (rental_id, rental_date, inventory_id, customer_id, return_date, staff_id, last_update) values (11703, '2005-08-17 07:19:29', 1692, 279, '2005-08-20 09:35:29', 2, '2006-02-15 21:30:53');
insert into sakila.rental (rental_id, rental_date, inventory_id, customer_id, return_date, staff_id, last_update) values (11726, '2005-08-17 08:11:10', 4438, 266, '2005-08-22 05:45:10', 1, '2006-02-15 21:30:53');
insert into sakila.rental (rental_id, rental_date, inventory_id, customer_id, return_date, staff_id, last_update) values (11765, '2005-08-17 09:55:28', 4311, 308, '2005-08-19 15:53:28', 2, '2006-02-15 21:30:53');
insert into sakila.rental (rental_id, rental_date, inventory_id, customer_id, return_date, staff_id, last_update) values (11767, '2005-08-17 10:00:40', 2374, 77, '2005-08-25 04:14:40', 2, '2006-02-15 21:30:53');
insert into sakila.rental (rental_id, rental_date, inventory_id, customer_id, return_date, staff_id, last_update) values (11812, '2005-08-17 12:00:54', 119, 132, '2005-08-18 16:08:54', 1, '2006-02-15 21:30:53');
insert into sakila.rental (rental_id, rental_date, inventory_id, customer_id, return_date, staff_id, last_update) values (11826, '2005-08-17 12:43:46', 1837, 536, '2005-08-19 16:59:46', 2, '2006-02-15 21:30:53');
insert into sakila.rental (rental_id, rental_date, inventory_id, customer_id, return_date, staff_id, last_update) values (11832, '2005-08-17 12:55:31', 2331, 125, '2005-08-19 08:31:31', 1, '2006-02-15 21:30:53');
insert into sakila.rental (rental_id, rental_date, inventory_id, customer_id, return_date, staff_id, last_update) values (11845, '2005-08-17 13:16:38', 14, 65, '2005-08-18 11:21:38', 1, '2006-02-15 21:30:53');
insert into sakila.rental (rental_id, rental_date, inventory_id, customer_id, return_date, staff_id, last_update) values (11850, '2005-08-17 13:30:15', 1437, 80, '2005-08-21 17:24:15', 1, '2006-02-15 21:30:53');
insert into sakila.rental (rental_id, rental_date, inventory_id, customer_id, return_date, staff_id, last_update) values (11866, '2006-02-14 15:16:03', 2758, 200, null, 2, '2006-02-15 21:30:53');
insert into sakila.rental (rental_id, rental_date, inventory_id, customer_id, return_date, staff_id, last_update) values (11886, '2005-08-17 14:58:51', 608, 204, '2005-08-19 16:07:51', 2, '2006-02-15 21:30:53');
insert into sakila.rental (rental_id, rental_date, inventory_id, customer_id, return_date, staff_id, last_update) values (11922, '2005-08-17 16:20:37', 3707, 15, '2005-08-26 16:53:37', 2, '2006-02-15 21:30:53');
insert into sakila.rental (rental_id, rental_date, inventory_id, customer_id, return_date, staff_id, last_update) values (11932, '2005-08-17 16:36:12', 151, 364, '2005-08-18 19:34:12', 2, '2006-02-15 21:30:53');
insert into sakila.rental (rental_id, rental_date, inventory_id, customer_id, return_date, staff_id, last_update) values (11961, '2005-08-17 17:28:01', 2015, 276, '2005-08-21 20:43:01', 1, '2006-02-15 21:30:53');
insert into sakila.rental (rental_id, rental_date, inventory_id, customer_id, return_date, staff_id, last_update) values (11962, '2005-08-17 17:34:38', 4384, 29, '2005-08-21 12:59:38', 2, '2006-02-15 21:30:53');
insert into sakila.rental (rental_id, rental_date, inventory_id, customer_id, return_date, staff_id, last_update) values (11964, '2005-08-17 17:37:03', 2225, 309, '2005-08-25 11:55:03', 2, '2006-02-15 21:30:53');
insert into sakila.rental (rental_id, rental_date, inventory_id, customer_id, return_date, staff_id, last_update) values (11969, '2005-08-17 17:49:37', 668, 550, '2005-08-19 19:45:37', 2, '2006-02-15 21:30:53');
insert into sakila.rental (rental_id, rental_date, inventory_id, customer_id, return_date, staff_id, last_update) values (11982, '2005-08-17 18:13:07', 118, 186, '2005-08-18 19:06:07', 1, '2006-02-15 21:30:53');
insert into sakila.rental (rental_id, rental_date, inventory_id, customer_id, return_date, staff_id, last_update) values (12028, '2005-08-17 20:03:47', 607, 316, '2005-08-23 17:09:47', 2, '2006-02-15 21:30:53');
insert into sakila.rental (rental_id, rental_date, inventory_id, customer_id, return_date, staff_id, last_update) values (12060, '2005-08-17 21:11:57', 2373, 127, '2005-08-21 01:42:57', 1, '2006-02-15 21:30:53');
insert into sakila.rental (rental_id, rental_date, inventory_id, customer_id, return_date, staff_id, last_update) values (12067, '2005-08-17 21:36:47', 2013, 514, '2005-08-22 01:10:47', 2, '2006-02-15 21:30:53');
insert into sakila.rental (rental_id, rental_date, inventory_id, customer_id, return_date, staff_id, last_update) values (12079, '2005-08-17 22:04:17', 646, 230, '2005-08-24 20:22:17', 2, '2006-02-15 21:30:53');
insert into sakila.rental (rental_id, rental_date, inventory_id, customer_id, return_date, staff_id, last_update) values (12159, '2005-08-18 00:36:09', 2243, 106, '2005-08-27 06:31:09', 1, '2006-02-15 21:30:53');
insert into sakila.rental (rental_id, rental_date, inventory_id, customer_id, return_date, staff_id, last_update) values (12170, '2005-08-18 01:06:10', 1125, 289, '2005-08-25 02:40:10', 2, '2006-02-15 21:30:53');
insert into sakila.rental (rental_id, rental_date, inventory_id, customer_id, return_date, staff_id, last_update) values (12229, '2005-08-18 03:08:23', 1123, 382, '2005-08-22 03:42:23', 1, '2006-02-15 21:30:53');
insert into sakila.rental (rental_id, rental_date, inventory_id, customer_id, return_date, staff_id, last_update) values (12252, '2005-08-18 03:59:51', 127, 350, '2005-08-25 08:54:51', 2, '2006-02-15 21:30:53');
insert into sakila.rental (rental_id, rental_date, inventory_id, customer_id, return_date, staff_id, last_update) values (12295, '2005-08-18 05:15:46', 1651, 532, '2005-08-26 02:23:46', 2, '2006-02-15 21:30:53');
insert into sakila.rental (rental_id, rental_date, inventory_id, customer_id, return_date, staff_id, last_update) values (12309, '2005-08-18 05:58:40', 762, 9, '2005-08-20 02:20:40', 2, '2006-02-15 21:30:53');
insert into sakila.rental (rental_id, rental_date, inventory_id, customer_id, return_date, staff_id, last_update) values (12315, '2005-08-18 06:15:06', 2012, 579, '2005-08-24 07:45:06', 2, '2006-02-15 21:30:53');
insert into sakila.rental (rental_id, rental_date, inventory_id, customer_id, return_date, staff_id, last_update) values (12366, '2005-08-18 07:55:14', 3799, 115, '2005-08-22 06:12:14', 1, '2006-02-15 21:30:53');
insert into sakila.rental (rental_id, rental_date, inventory_id, customer_id, return_date, staff_id, last_update) values (12450, '2005-08-18 11:04:04', 3439, 518, '2005-08-22 07:24:04', 1, '2006-02-15 21:30:53');
insert into sakila.rental (rental_id, rental_date, inventory_id, customer_id, return_date, staff_id, last_update) values (12522, '2005-08-18 13:45:40', 4435, 342, '2005-08-27 17:05:40', 1, '2006-02-15 21:30:53');
insert into sakila.rental (rental_id, rental_date, inventory_id, customer_id, return_date, staff_id, last_update) values (12546, '2005-08-18 14:29:37', 610, 30, '2005-08-26 09:47:37', 1, '2006-02-15 21:30:53');
insert into sakila.rental (rental_id, rental_date, inventory_id, customer_id, return_date, staff_id, last_update) values (12549, '2005-08-18 14:38:07', 1010, 377, '2005-08-21 08:45:07', 1, '2006-02-15 21:30:53');
insert into sakila.rental (rental_id, rental_date, inventory_id, customer_id, return_date, staff_id, last_update) values (12555, '2005-08-18 14:49:22', 4434, 557, '2005-08-26 14:11:22', 2, '2006-02-15 21:30:53');
insert into sakila.rental (rental_id, rental_date, inventory_id, customer_id, return_date, staff_id, last_update) values (12569, '2005-08-18 15:20:46', 1009, 29, '2005-08-24 12:38:46', 2, '2006-02-15 21:30:53');
insert into sakila.rental (rental_id, rental_date, inventory_id, customer_id, return_date, staff_id, last_update) values (12584, '2005-08-18 15:51:36', 4487, 371, '2005-08-25 19:21:36', 1, '2006-02-15 21:30:53');
insert into sakila.rental (rental_id, rental_date, inventory_id, customer_id, return_date, staff_id, last_update) values (12643, '2005-08-18 18:21:06', 2245, 165, '2005-08-24 14:26:06', 1, '2006-02-15 21:30:53');
insert into sakila.rental (rental_id, rental_date, inventory_id, customer_id, return_date, staff_id, last_update) values (12645, '2006-02-14 15:16:03', 1658, 457, null, 1, '2006-02-15 21:30:53');
insert into sakila.rental (rental_id, rental_date, inventory_id, customer_id, return_date, staff_id, last_update) values (12651, '2005-08-18 18:36:16', 8, 34, '2005-08-22 22:01:16', 1, '2006-02-15 21:30:53');
insert into sakila.rental (rental_id, rental_date, inventory_id, customer_id, return_date, staff_id, last_update) values (12678, '2005-08-18 19:41:27', 2504, 181, '2005-08-23 15:14:27', 2, '2006-02-15 21:30:53');
insert into sakila.rental (rental_id, rental_date, inventory_id, customer_id, return_date, staff_id, last_update) values (12705, '2005-08-18 20:44:14', 2342, 517, '2005-08-23 20:46:14', 1, '2006-02-15 21:30:53');
insert into sakila.rental (rental_id, rental_date, inventory_id, customer_id, return_date, staff_id, last_update) values (12711, '2005-08-18 21:03:32', 2530, 122, '2005-08-26 17:31:32', 1, '2006-02-15 21:30:53');
insert into sakila.rental (rental_id, rental_date, inventory_id, customer_id, return_date, staff_id, last_update) values (12724, '2005-08-18 21:37:20', 2224, 242, '2005-08-27 21:56:20', 2, '2006-02-15 21:30:53');
insert into sakila.rental (rental_id, rental_date, inventory_id, customer_id, return_date, staff_id, last_update) values (12727, '2005-08-18 21:45:15', 15, 178, '2005-08-24 15:52:15', 1, '2006-02-15 21:30:53');
insert into sakila.rental (rental_id, rental_date, inventory_id, customer_id, return_date, staff_id, last_update) values (12738, '2005-08-18 22:11:47', 4313, 589, '2005-08-27 17:55:47', 2, '2006-02-15 21:30:53');
insert into sakila.rental (rental_id, rental_date, inventory_id, customer_id, return_date, staff_id, last_update) values (12765, '2005-08-18 23:21:50', 2244, 298, '2005-08-28 04:42:50', 2, '2006-02-15 21:30:53');
insert into sakila.rental (rental_id, rental_date, inventory_id, customer_id, return_date, staff_id, last_update) values (12770, '2005-08-18 23:29:00', 1654, 575, '2005-08-26 20:57:00', 2, '2006-02-15 21:30:53');
insert into sakila.rental (rental_id, rental_date, inventory_id, customer_id, return_date, staff_id, last_update) values (12788, '2005-08-19 00:15:09', 644, 90, '2005-08-27 21:54:09', 1, '2006-02-15 21:30:53');
insert into sakila.rental (rental_id, rental_date, inventory_id, customer_id, return_date, staff_id, last_update) values (12792, '2006-02-14 15:16:03', 1435, 405, null, 2, '2006-02-15 21:30:53');
insert into sakila.rental (rental_id, rental_date, inventory_id, customer_id, return_date, staff_id, last_update) values (12804, '2005-08-19 00:33:15', 147, 365, '2005-08-28 02:16:15', 2, '2006-02-15 21:30:53');
insert into sakila.rental (rental_id, rental_date, inventory_id, customer_id, return_date, staff_id, last_update) values (12806, '2005-08-19 00:37:26', 4488, 423, '2005-08-23 18:49:26', 2, '2006-02-15 21:30:53');
insert into sakila.rental (rental_id, rental_date, inventory_id, customer_id, return_date, staff_id, last_update) values (12896, '2005-08-19 03:52:44', 148, 220, '2005-08-24 22:27:44', 1, '2006-02-15 21:30:53');
insert into sakila.rental (rental_id, rental_date, inventory_id, customer_id, return_date, staff_id, last_update) values (12903, '2005-08-19 04:09:38', 2340, 302, '2005-08-26 03:24:38', 2, '2006-02-15 21:30:53');
insert into sakila.rental (rental_id, rental_date, inventory_id, customer_id, return_date, staff_id, last_update) values (12932, '2005-08-19 05:17:30', 2295, 416, '2005-08-21 09:24:30', 1, '2006-02-15 21:30:53');
insert into sakila.rental (rental_id, rental_date, inventory_id, customer_id, return_date, staff_id, last_update) values (12940, '2005-08-19 05:38:29', 2222, 340, '2005-08-20 08:15:29', 1, '2006-02-15 21:30:53');
insert into sakila.rental (rental_id, rental_date, inventory_id, customer_id, return_date, staff_id, last_update) values (12973, '2005-08-19 06:48:11', 128, 163, '2005-08-22 07:18:11', 2, '2006-02-15 21:30:53');
insert into sakila.rental (rental_id, rental_date, inventory_id, customer_id, return_date, staff_id, last_update) values (12991, '2005-08-19 07:21:24', 2227, 126, '2005-08-21 04:31:24', 2, '2006-02-15 21:30:53');
insert into sakila.rental (rental_id, rental_date, inventory_id, customer_id, return_date, staff_id, last_update) values (13000, '2005-08-19 07:36:42', 2341, 141, '2005-08-22 08:50:42', 1, '2006-02-15 21:30:53');
insert into sakila.rental (rental_id, rental_date, inventory_id, customer_id, return_date, staff_id, last_update) values (13008, '2006-02-14 15:16:03', 1838, 181, null, 1, '2006-02-15 21:30:53');
insert into sakila.rental (rental_id, rental_date, inventory_id, customer_id, return_date, staff_id, last_update) values (13012, '2005-08-19 07:54:59', 1690, 145, '2005-08-26 09:50:59', 2, '2006-02-15 21:30:53');
insert into sakila.rental (rental_id, rental_date, inventory_id, customer_id, return_date, staff_id, last_update) values (13036, '2005-08-19 08:48:37', 1469, 20, '2005-08-22 04:13:37', 2, '2006-02-15 21:30:53');
insert into sakila.rental (rental_id, rental_date, inventory_id, customer_id, return_date, staff_id, last_update) values (13038, '2005-08-19 08:55:16', 2226, 532, '2005-08-25 12:23:16', 2, '2006-02-15 21:30:53');
insert into sakila.rental (rental_id, rental_date, inventory_id, customer_id, return_date, staff_id, last_update) values (13082, '2005-08-19 10:19:19', 2117, 387, '2005-08-28 05:02:19', 1, '2006-02-15 21:30:53');
insert into sakila.rental (rental_id, rental_date, inventory_id, customer_id, return_date, staff_id, last_update) values (13131, '2005-08-19 12:08:13', 1466, 480, '2005-08-27 13:43:13', 2, '2006-02-15 21:30:53');
insert into sakila.rental (rental_id, rental_date, inventory_id, customer_id, return_date, staff_id, last_update) values (13133, '2005-08-19 12:11:03', 1635, 523, '2005-08-28 12:36:03', 2, '2006-02-15 21:30:53');
insert into sakila.rental (rental_id, rental_date, inventory_id, customer_id, return_date, staff_id, last_update) values (13143, '2005-08-19 12:44:38', 1655, 371, '2005-08-25 10:59:38', 2, '2006-02-15 21:30:53');
insert into sakila.rental (rental_id, rental_date, inventory_id, customer_id, return_date, staff_id, last_update) values (13149, '2005-08-19 13:07:12', 1436, 40, '2005-08-28 18:12:12', 1, '2006-02-15 21:30:53');
insert into sakila.rental (rental_id, rental_date, inventory_id, customer_id, return_date, staff_id, last_update) values (13166, '2005-08-19 13:36:28', 4386, 504, '2005-08-22 07:57:28', 1, '2006-02-15 21:30:53');
insert into sakila.rental (rental_id, rental_date, inventory_id, customer_id, return_date, staff_id, last_update) values (13208, '2005-08-19 15:18:55', 609, 435, '2005-08-24 11:59:55', 1, '2006-02-15 21:30:53');
insert into sakila.rental (rental_id, rental_date, inventory_id, customer_id, return_date, staff_id, last_update) values (13222, '2005-08-19 15:47:58', 1656, 91, '2005-08-26 12:43:58', 1, '2006-02-15 21:30:53');
insert into sakila.rental (rental_id, rental_date, inventory_id, customer_id, return_date, staff_id, last_update) values (13272, '2005-08-19 17:49:13', 2531, 145, '2005-08-23 15:49:13', 2, '2006-02-15 21:30:53');
insert into sakila.rental (rental_id, rental_date, inventory_id, customer_id, return_date, staff_id, last_update) values (13299, '2005-08-19 18:46:33', 4385, 373, '2005-08-22 20:45:33', 1, '2006-02-15 21:30:53');
insert into sakila.rental (rental_id, rental_date, inventory_id, customer_id, return_date, staff_id, last_update) values (13312, '2005-08-19 19:09:14', 2891, 418, '2005-08-23 00:50:14', 2, '2006-02-15 21:30:53');
insert into sakila.rental (rental_id, rental_date, inventory_id, customer_id, return_date, staff_id, last_update) values (13313, '2005-08-19 19:11:41', 3709, 580, '2005-08-21 23:53:41', 2, '2006-02-15 21:30:53');
insert into sakila.rental (rental_id, rental_date, inventory_id, customer_id, return_date, staff_id, last_update) values (13418, '2005-08-19 22:53:56', 2113, 246, '2005-08-28 02:05:56', 2, '2006-02-15 21:30:53');
insert into sakila.rental (rental_id, rental_date, inventory_id, customer_id, return_date, staff_id, last_update) values (13491, '2005-08-20 01:30:56', 2503, 258, '2005-08-28 23:26:56', 2, '2006-02-15 21:30:53');
insert into sakila.rental (rental_id, rental_date, inventory_id, customer_id, return_date, staff_id, last_update) values (13513, '2005-08-20 02:27:53', 1653, 454, '2005-08-22 06:10:53', 1, '2006-02-15 21:30:53');
insert into sakila.rental (rental_id, rental_date, inventory_id, customer_id, return_date, staff_id, last_update) values (13536, '2005-08-20 03:35:16', 667, 183, '2005-08-25 04:06:16', 2, '2006-02-15 21:30:53');
insert into sakila.rental (rental_id, rental_date, inventory_id, customer_id, return_date, staff_id, last_update) values (13548, '2005-08-20 03:53:20', 4389, 319, '2005-08-27 21:54:20', 1, '2006-02-15 21:30:53');
insert into sakila.rental (rental_id, rental_date, inventory_id, customer_id, return_date, staff_id, last_update) values (13552, '2005-08-20 04:03:51', 758, 578, '2005-08-23 02:48:51', 2, '2006-02-15 21:30:53');
insert into sakila.rental (rental_id, rental_date, inventory_id, customer_id, return_date, staff_id, last_update) values (13582, '2005-08-20 05:28:11', 211, 166, '2005-08-23 02:06:11', 2, '2006-02-15 21:30:53');
insert into sakila.rental (rental_id, rental_date, inventory_id, customer_id, return_date, staff_id, last_update) values (13596, '2005-08-20 05:58:58', 482, 513, '2005-08-27 08:35:58', 1, '2006-02-15 21:30:53');
insert into sakila.rental (rental_id, rental_date, inventory_id, customer_id, return_date, staff_id, last_update) values (13610, '2005-08-20 06:14:12', 2526, 3, '2005-08-26 00:44:12', 2, '2006-02-15 21:30:53');
insert into sakila.rental (rental_id, rental_date, inventory_id, customer_id, return_date, staff_id, last_update) values (13616, '2005-08-20 06:30:33', 1694, 194, '2005-08-27 09:29:33', 2, '2006-02-15 21:30:53');
insert into sakila.rental (rental_id, rental_date, inventory_id, customer_id, return_date, staff_id, last_update) values (13628, '2005-08-20 07:03:53', 1006, 500, '2005-08-22 11:27:53', 2, '2006-02-15 21:30:53');
insert into sakila.rental (rental_id, rental_date, inventory_id, customer_id, return_date, staff_id, last_update) values (13636, '2005-08-20 07:20:09', 1467, 349, '2005-08-23 09:58:09', 1, '2006-02-15 21:30:53');
insert into sakila.rental (rental_id, rental_date, inventory_id, customer_id, return_date, staff_id, last_update) values (13665, '2005-08-20 08:19:20', 117, 291, '2005-08-28 06:26:20', 1, '2006-02-15 21:30:53');
insert into sakila.rental (rental_id, rental_date, inventory_id, customer_id, return_date, staff_id, last_update) values (13686, '2005-08-20 08:57:28', 666, 306, '2005-08-24 07:21:28', 2, '2006-02-15 21:30:53');
insert into sakila.rental (rental_id, rental_date, inventory_id, customer_id, return_date, staff_id, last_update) values (13928, '2005-08-20 17:12:28', 1121, 244, '2005-08-21 13:33:28', 1, '2006-02-15 21:30:53');
insert into sakila.rental (rental_id, rental_date, inventory_id, customer_id, return_date, staff_id, last_update) values (13933, '2005-08-20 17:17:07', 647, 159, '2005-08-22 18:10:07', 2, '2006-02-15 21:30:53');
insert into sakila.rental (rental_id, rental_date, inventory_id, customer_id, return_date, staff_id, last_update) values (13947, '2005-08-20 17:46:06', 2562, 218, '2005-08-29 23:44:06', 2, '2006-02-15 21:30:53');
insert into sakila.rental (rental_id, rental_date, inventory_id, customer_id, return_date, staff_id, last_update) values (13962, '2005-08-20 18:18:06', 1434, 348, '2005-08-24 22:16:06', 2, '2006-02-15 21:30:53');
insert into sakila.rental (rental_id, rental_date, inventory_id, customer_id, return_date, staff_id, last_update) values (13977, '2005-08-20 19:02:34', 1126, 115, '2005-08-24 14:14:34', 1, '2006-02-15 21:30:53');
insert into sakila.rental (rental_id, rental_date, inventory_id, customer_id, return_date, staff_id, last_update) values (13997, '2005-08-20 19:51:28', 2330, 175, '2005-08-26 01:29:28', 2, '2006-02-15 21:30:53');
insert into sakila.rental (rental_id, rental_date, inventory_id, customer_id, return_date, staff_id, last_update) values (14026, '2005-08-20 21:21:08', 115, 231, '2005-08-22 23:19:08', 2, '2006-02-15 21:30:53');
insert into sakila.rental (rental_id, rental_date, inventory_id, customer_id, return_date, staff_id, last_update) values (14098, '2005-08-21 00:30:32', 6, 554, null, 2, '2006-02-23 04:12:08');
insert into sakila.rental (rental_id, rental_date, inventory_id, customer_id, return_date, staff_id, last_update) values (14103, '2005-08-21 00:37:00', 1438, 409, '2005-08-25 22:09:00', 2, '2006-02-15 21:30:53');
insert into sakila.rental (rental_id, rental_date, inventory_id, customer_id, return_date, staff_id, last_update) values (14119, '2005-08-21 01:15:59', 129, 53, '2005-08-27 23:36:59', 2, '2006-02-15 21:30:53');
insert into sakila.rental (rental_id, rental_date, inventory_id, customer_id, return_date, staff_id, last_update) values (14145, '2005-08-21 02:11:38', 150, 314, '2005-08-22 22:19:38', 2, '2006-02-15 21:30:53');
insert into sakila.rental (rental_id, rental_date, inventory_id, customer_id, return_date, staff_id, last_update) values (14152, '2005-08-21 02:23:50', 2561, 379, '2005-08-25 06:05:50', 1, '2006-02-15 21:30:53');
insert into sakila.rental (rental_id, rental_date, inventory_id, customer_id, return_date, staff_id, last_update) values (14163, '2005-08-21 02:56:52', 1007, 204, '2005-08-21 21:03:52', 2, '2006-02-15 21:30:53');
insert into sakila.rental (rental_id, rental_date, inventory_id, customer_id, return_date, staff_id, last_update) values (14169, '2005-08-21 03:00:31', 3800, 396, '2005-08-30 01:16:31', 1, '2006-02-15 21:30:53');
insert into sakila.rental (rental_id, rental_date, inventory_id, customer_id, return_date, staff_id, last_update) values (14228, '2005-08-21 04:57:08', 2016, 71, '2005-08-25 00:06:08', 2, '2006-02-15 21:30:53');
insert into sakila.rental (rental_id, rental_date, inventory_id, customer_id, return_date, staff_id, last_update) values (14234, '2005-08-21 05:07:12', 1439, 271, '2005-08-23 06:44:12', 2, '2006-02-15 21:30:53');
insert into sakila.rental (rental_id, rental_date, inventory_id, customer_id, return_date, staff_id, last_update) values (14235, '2005-08-21 05:08:42', 125, 558, '2005-08-29 23:36:42', 1, '2006-02-15 21:30:53');
insert into sakila.rental (rental_id, rental_date, inventory_id, customer_id, return_date, staff_id, last_update) values (14278, '2006-02-14 15:16:03', 2334, 557, null, 2, '2006-02-15 21:30:53');
insert into sakila.rental (rental_id, rental_date, inventory_id, customer_id, return_date, staff_id, last_update) values (14286, '2005-08-21 06:53:53', 2377, 558, '2005-08-27 11:37:53', 2, '2006-02-15 21:30:53');
insert into sakila.rental (rental_id, rental_date, inventory_id, customer_id, return_date, staff_id, last_update) values (14330, '2005-08-21 08:29:20', 763, 84, '2005-08-30 03:59:20', 2, '2006-02-15 21:30:53');
insert into sakila.rental (rental_id, rental_date, inventory_id, customer_id, return_date, staff_id, last_update) values (14369, '2005-08-21 09:33:44', 1636, 392, '2005-08-25 08:56:44', 1, '2006-02-15 21:30:53');
insert into sakila.rental (rental_id, rental_date, inventory_id, customer_id, return_date, staff_id, last_update) values (14432, '2005-08-21 11:36:15', 2294, 138, '2005-08-24 08:02:15', 2, '2006-02-15 21:30:53');
insert into sakila.rental (rental_id, rental_date, inventory_id, customer_id, return_date, staff_id, last_update) values (14471, '2005-08-21 13:10:40', 1254, 395, '2005-08-26 16:49:40', 1, '2006-02-15 21:30:53');
insert into sakila.rental (rental_id, rental_date, inventory_id, customer_id, return_date, staff_id, last_update) values (14485, '2005-08-21 13:52:07', 1637, 241, '2005-08-30 13:06:07', 2, '2006-02-15 21:30:53');
insert into sakila.rental (rental_id, rental_date, inventory_id, customer_id, return_date, staff_id, last_update) values (14587, '2005-08-21 17:20:55', 2329, 250, '2005-08-26 17:17:55', 1, '2006-02-15 21:30:53');
insert into sakila.rental (rental_id, rental_date, inventory_id, customer_id, return_date, staff_id, last_update) values (14605, '2005-08-21 17:56:06', 476, 394, '2005-08-24 18:35:06', 1, '2006-02-15 21:30:53');
insert into sakila.rental (rental_id, rental_date, inventory_id, customer_id, return_date, staff_id, last_update) values (14615, '2005-08-21 18:06:32', 2332, 171, '2005-08-30 13:19:32', 2, '2006-02-15 21:30:53');
insert into sakila.rental (rental_id, rental_date, inventory_id, customer_id, return_date, staff_id, last_update) values (14624, '2005-08-21 18:32:42', 4, 344, '2005-08-23 21:09:42', 1, '2006-02-15 21:30:53');
insert into sakila.rental (rental_id, rental_date, inventory_id, customer_id, return_date, staff_id, last_update) values (14629, '2005-08-21 18:39:52', 761, 148, '2005-08-25 19:14:52', 2, '2006-02-15 21:30:53');
insert into sakila.rental (rental_id, rental_date, inventory_id, customer_id, return_date, staff_id, last_update) values (14657, '2005-08-21 19:39:43', 477, 244, '2005-08-26 22:39:43', 2, '2006-02-15 21:30:53');
insert into sakila.rental (rental_id, rental_date, inventory_id, customer_id, return_date, staff_id, last_update) values (14666, '2005-08-21 19:51:09', 2560, 122, '2005-08-30 22:42:09', 2, '2006-02-15 21:30:53');
insert into sakila.rental (rental_id, rental_date, inventory_id, customer_id, return_date, staff_id, last_update) values (14689, '2005-08-21 20:33:00', 1124, 463, '2005-08-22 18:10:00', 1, '2006-02-15 21:30:53');
insert into sakila.rental (rental_id, rental_date, inventory_id, customer_id, return_date, staff_id, last_update) values (14714, '2005-08-21 21:27:43', 1, 279, '2005-08-30 22:26:43', 1, '2006-02-15 21:30:53');
insert into sakila.rental (rental_id, rental_date, inventory_id, customer_id, return_date, staff_id, last_update) values (14748, '2005-08-21 23:02:02', 1697, 81, '2005-08-28 05:01:02', 2, '2006-02-15 21:30:53');
insert into sakila.rental (rental_id, rental_date, inventory_id, customer_id, return_date, staff_id, last_update) values (14783, '2005-08-22 00:21:57', 3419, 332, '2005-08-28 01:27:57', 2, '2006-02-15 21:30:53');
insert into sakila.rental (rental_id, rental_date, inventory_id, customer_id, return_date, staff_id, last_update) values (14792, '2005-08-22 00:36:41', 4436, 396, '2005-08-30 18:58:41', 1, '2006-02-15 21:30:53');
insert into sakila.rental (rental_id, rental_date, inventory_id, customer_id, return_date, staff_id, last_update) values (14795, '2005-08-22 00:40:22', 1695, 303, '2005-08-26 01:37:22', 1, '2006-02-15 21:30:53');
insert into sakila.rental (rental_id, rental_date, inventory_id, customer_id, return_date, staff_id, last_update) values (14798, '2005-08-22 00:44:08', 7, 92, '2005-08-27 02:18:08', 2, '2006-02-15 21:30:53');
insert into sakila.rental (rental_id, rental_date, inventory_id, customer_id, return_date, staff_id, last_update) values (14803, '2005-08-22 00:49:10', 2525, 278, '2005-08-22 23:44:10', 2, '2006-02-15 21:30:53');
insert into sakila.rental (rental_id, rental_date, inventory_id, customer_id, return_date, staff_id, last_update) values (14808, '2005-08-22 00:58:35', 1657, 362, '2005-08-29 20:16:35', 2, '2006-02-15 21:30:53');
insert into sakila.rental (rental_id, rental_date, inventory_id, customer_id, return_date, staff_id, last_update) values (14839, '2005-08-22 01:58:15', 3440, 567, '2005-08-24 05:24:15', 2, '2006-02-15 21:30:53');
insert into sakila.rental (rental_id, rental_date, inventory_id, customer_id, return_date, staff_id, last_update) values (14881, '2005-08-22 03:47:39', 210, 425, '2005-08-26 05:58:39', 2, '2006-02-15 21:30:53');
insert into sakila.rental (rental_id, rental_date, inventory_id, customer_id, return_date, staff_id, last_update) values (14882, '2005-08-22 03:52:21', 12, 417, '2005-08-25 04:50:21', 2, '2006-02-15 21:30:53');
insert into sakila.rental (rental_id, rental_date, inventory_id, customer_id, return_date, staff_id, last_update) values (14900, '2005-08-22 04:27:48', 3420, 329, '2005-08-25 03:50:48', 2, '2006-02-15 21:30:53');
insert into sakila.rental (rental_id, rental_date, inventory_id, customer_id, return_date, staff_id, last_update) values (14906, '2005-08-22 04:38:18', 153, 366, '2005-08-29 23:03:18', 1, '2006-02-15 21:30:53');
insert into sakila.rental (rental_id, rental_date, inventory_id, customer_id, return_date, staff_id, last_update) values (14907, '2005-08-22 04:44:09', 2469, 116, '2005-08-25 09:53:09', 1, '2006-02-15 21:30:53');
insert into sakila.rental (rental_id, rental_date, inventory_id, customer_id, return_date, staff_id, last_update) values (14972, '2005-08-22 06:53:21', 3422, 310, '2005-08-29 02:25:21', 1, '2006-02-15 21:30:53');
insert into sakila.rental (rental_id, rental_date, inventory_id, customer_id, return_date, staff_id, last_update) values (14982, '2005-08-22 07:20:55', 2333, 542, '2005-08-31 04:35:55', 2, '2006-02-15 21:30:53');
insert into sakila.rental (rental_id, rental_date, inventory_id, customer_id, return_date, staff_id, last_update) values (14988, '2005-08-22 07:46:05', 2114, 186, '2005-08-29 06:43:05', 1, '2006-02-15 21:30:53');
insert into sakila.rental (rental_id, rental_date, inventory_id, customer_id, return_date, staff_id, last_update) values (15043, '2005-08-22 09:49:32', 3797, 182, '2005-08-28 13:50:32', 1, '2006-02-15 21:30:53');
insert into sakila.rental (rental_id, rental_date, inventory_id, customer_id, return_date, staff_id, last_update) values (15083, '2005-08-22 11:17:37', 1691, 397, '2005-08-28 06:27:37', 2, '2006-02-15 21:30:53');
insert into sakila.rental (rental_id, rental_date, inventory_id, customer_id, return_date, staff_id, last_update) values (15100, '2005-08-22 11:55:03', 4489, 312, '2005-08-25 14:55:03', 1, '2006-02-15 21:30:53');
insert into sakila.rental (rental_id, rental_date, inventory_id, customer_id, return_date, staff_id, last_update) values (15107, '2005-08-22 12:05:02', 2378, 376, '2005-08-23 11:09:02', 1, '2006-02-15 21:30:53');
insert into sakila.rental (rental_id, rental_date, inventory_id, customer_id, return_date, staff_id, last_update) values (15117, '2005-08-22 12:38:20', 2502, 292, '2005-08-27 07:36:20', 2, '2006-02-15 21:30:53');
insert into sakila.rental (rental_id, rental_date, inventory_id, customer_id, return_date, staff_id, last_update) values (15130, '2005-08-22 13:04:32', 2375, 536, '2005-08-30 17:24:32', 1, '2006-02-15 21:30:53');
insert into sakila.rental (rental_id, rental_date, inventory_id, customer_id, return_date, staff_id, last_update) values (15138, '2005-08-22 13:36:30', 2467, 50, '2005-08-27 15:35:30', 1, '2006-02-15 21:30:53');
insert into sakila.rental (rental_id, rental_date, inventory_id, customer_id, return_date, staff_id, last_update) values (15182, '2005-08-22 15:47:05', 645, 443, '2005-08-25 11:55:05', 1, '2006-02-15 21:30:53');
insert into sakila.rental (rental_id, rental_date, inventory_id, customer_id, return_date, staff_id, last_update) values (15189, '2005-08-22 15:56:42', 2559, 398, '2005-08-29 12:20:42', 1, '2006-02-15 21:30:53');
insert into sakila.rental (rental_id, rental_date, inventory_id, customer_id, return_date, staff_id, last_update) values (15198, '2005-08-22 16:15:33', 1253, 396, '2005-08-29 20:49:33', 1, '2006-02-15 21:30:53');
insert into sakila.rental (rental_id, rental_date, inventory_id, customer_id, return_date, staff_id, last_update) values (15237, '2005-08-22 17:44:30', 4485, 148, '2005-08-24 12:51:30', 1, '2006-02-15 21:30:53');
insert into sakila.rental (rental_id, rental_date, inventory_id, customer_id, return_date, staff_id, last_update) values (15240, '2005-08-22 17:46:41', 2014, 11, '2005-08-23 15:08:41', 2, '2006-02-15 21:30:53');
insert into sakila.rental (rental_id, rental_date, inventory_id, customer_id, return_date, staff_id, last_update) values (15285, '2005-08-22 19:17:24', 481, 233, '2005-08-25 00:25:24', 1, '2006-02-15 21:30:53');
insert into sakila.rental (rental_id, rental_date, inventory_id, customer_id, return_date, staff_id, last_update) values (15320, '2005-08-22 20:17:49', 648, 407, '2005-08-28 17:31:49', 1, '2006-02-15 21:30:53');
insert into sakila.rental (rental_id, rental_date, inventory_id, customer_id, return_date, staff_id, last_update) values (15331, '2005-08-22 20:37:57', 146, 147, '2005-08-25 21:56:57', 1, '2006-02-15 21:30:53');
insert into sakila.rental (rental_id, rental_date, inventory_id, customer_id, return_date, staff_id, last_update) values (15373, '2005-08-22 22:08:11', 4439, 14, '2005-08-24 01:05:11', 2, '2006-02-15 21:30:53');
insert into sakila.rental (rental_id, rental_date, inventory_id, customer_id, return_date, staff_id, last_update) values (15421, '2005-08-22 23:56:37', 3, 541, '2005-08-25 18:58:37', 2, '2006-02-15 21:30:53');
insert into sakila.rental (rental_id, rental_date, inventory_id, customer_id, return_date, staff_id, last_update) values (15453, '2005-08-23 01:01:01', 2, 359, '2005-08-30 20:08:01', 1, '2006-02-15 21:30:53');
insert into sakila.rental (rental_id, rental_date, inventory_id, customer_id, return_date, staff_id, last_update) values (15495, '2005-08-23 02:26:10', 4310, 193, '2005-08-30 01:07:10', 2, '2006-02-15 21:30:53');
insert into sakila.rental (rental_id, rental_date, inventory_id, customer_id, return_date, staff_id, last_update) values (15526, '2005-08-23 03:44:30', 2892, 516, '2005-08-30 08:19:30', 1, '2006-02-15 21:30:53');
insert into sakila.rental (rental_id, rental_date, inventory_id, customer_id, return_date, staff_id, last_update) values (15540, '2005-08-23 04:12:52', 1696, 197, '2005-08-31 04:25:52', 1, '2006-02-15 21:30:53');
insert into sakila.rental (rental_id, rental_date, inventory_id, customer_id, return_date, staff_id, last_update) values (15619, '2005-08-23 07:10:14', 2468, 3, '2005-08-26 07:21:14', 2, '2006-02-15 21:30:53');
insert into sakila.rental (rental_id, rental_date, inventory_id, customer_id, return_date, staff_id, last_update) values (15652, '2005-08-23 08:34:10', 4440, 578, '2005-08-30 12:31:10', 1, '2006-02-15 21:30:53');
insert into sakila.rental (rental_id, rental_date, inventory_id, customer_id, return_date, staff_id, last_update) values (15706, '2005-08-23 10:32:52', 4486, 220, '2005-08-24 07:03:52', 2, '2006-02-15 21:30:53');
insert into sakila.rental (rental_id, rental_date, inventory_id, customer_id, return_date, staff_id, last_update) values (15748, '2005-08-23 12:33:00', 2757, 380, '2005-08-25 15:15:00', 2, '2006-02-15 21:30:53');
insert into sakila.rental (rental_id, rental_date, inventory_id, customer_id, return_date, staff_id, last_update) values (15752, '2005-08-23 12:41:38', 2112, 17, '2005-09-01 14:06:38', 1, '2006-02-15 21:30:53');
insert into sakila.rental (rental_id, rental_date, inventory_id, customer_id, return_date, staff_id, last_update) values (15758, '2005-08-23 12:47:26', 152, 46, '2005-08-29 11:05:26', 2, '2006-02-15 21:30:53');
insert into sakila.rental (rental_id, rental_date, inventory_id, customer_id, return_date, staff_id, last_update) values (15763, '2005-08-23 13:02:59', 124, 158, '2005-08-24 17:45:59', 2, '2006-02-15 21:30:53');
insert into sakila.rental (rental_id, rental_date, inventory_id, customer_id, return_date, staff_id, last_update) values (15784, '2005-08-23 13:46:00', 126, 425, '2005-08-30 11:49:00', 2, '2006-02-15 21:30:53');
insert into sakila.rental (rental_id, rental_date, inventory_id, customer_id, return_date, staff_id, last_update) values (15788, '2005-08-23 13:54:39', 13, 269, '2005-08-26 10:17:39', 1, '2006-02-15 21:30:53');
insert into sakila.rental (rental_id, rental_date, inventory_id, customer_id, return_date, staff_id, last_update) values (15825, '2005-08-23 15:10:42', 149, 346, '2005-08-29 09:28:42', 2, '2006-02-15 21:30:53');
insert into sakila.rental (rental_id, rental_date, inventory_id, customer_id, return_date, staff_id, last_update) values (15829, '2005-08-23 15:17:14', 4387, 30, '2005-08-27 13:04:14', 1, '2006-02-15 21:30:53');
insert into sakila.rental (rental_id, rental_date, inventory_id, customer_id, return_date, staff_id, last_update) values (15832, '2005-08-23 15:21:35', 1468, 537, '2005-08-30 15:01:35', 2, '2006-02-15 21:30:53');
insert into sakila.rental (rental_id, rental_date, inventory_id, customer_id, return_date, staff_id, last_update) values (15837, '2005-08-23 15:29:41', 4388, 283, '2005-08-27 18:17:41', 1, '2006-02-15 21:30:53');
insert into sakila.rental (rental_id, rental_date, inventory_id, customer_id, return_date, staff_id, last_update) values (15843, '2005-08-23 15:37:31', 611, 215, '2005-08-28 18:41:31', 2, '2006-02-15 21:30:53');
insert into sakila.rental (rental_id, rental_date, inventory_id, customer_id, return_date, staff_id, last_update) values (15845, '2005-08-23 15:38:34', 4312, 89, '2005-08-25 10:06:34', 1, '2006-02-15 21:30:53');
insert into sakila.rental (rental_id, rental_date, inventory_id, customer_id, return_date, staff_id, last_update) values (15855, '2005-08-23 15:59:01', 2528, 192, '2005-08-29 20:26:01', 1, '2006-02-15 21:30:53');
insert into sakila.rental (rental_id, rental_date, inventory_id, customer_id, return_date, staff_id, last_update) values (15885, '2005-08-23 16:50:43', 2116, 565, '2005-08-29 20:19:43', 1, '2006-02-15 21:30:53');
insert into sakila.rental (rental_id, rental_date, inventory_id, customer_id, return_date, staff_id, last_update) values (15897, '2005-08-23 17:12:31', 1652, 15, '2005-08-30 17:22:31', 1, '2006-02-15 21:30:53');
insert into sakila.rental (rental_id, rental_date, inventory_id, customer_id, return_date, staff_id, last_update) values (15923, '2005-08-23 18:08:19', 1693, 276, '2005-08-26 18:06:19', 2, '2006-02-15 21:30:53');
insert into sakila.rental (rental_id, rental_date, inventory_id, customer_id, return_date, staff_id, last_update) values (15993, '2005-08-23 20:28:44', 1638, 12, '2005-08-27 16:23:44', 2, '2006-02-15 21:30:53');
insert into sakila.rental (rental_id, rental_date, inventory_id, customer_id, return_date, staff_id, last_update) values (15995, '2005-08-23 20:29:56', 1122, 377, '2005-08-30 18:09:56', 1, '2006-02-15 21:30:53');
insert into sakila.rental (rental_id, rental_date, inventory_id, customer_id, return_date, staff_id, last_update) values (16004, '2005-08-23 20:53:20', 2223, 147, '2005-08-31 15:15:20', 2, '2006-02-15 21:30:53');
insert into sakila.rental (rental_id, rental_date, inventory_id, customer_id, return_date, staff_id, last_update) values (16032, '2005-08-23 21:59:57', 2527, 447, '2005-08-31 22:46:57', 2, '2006-02-15 21:30:53');
insert into sakila.rental (rental_id, rental_date, inventory_id, customer_id, return_date, staff_id, last_update) values (16033, '2005-08-23 22:06:15', 760, 226, '2005-09-01 02:36:15', 2, '2006-02-15 21:30:53');
insert into sakila.payment (payment_id, customer_id, staff_id, rental_id, amount, payment_date, last_update) values (22, 1, 2, 10437, 4.99, '2005-08-01 08:51:04', '2006-02-15 22:12:30');
insert into sakila.payment (payment_id, customer_id, staff_id, rental_id, amount, payment_date, last_update) values (43, 2, 1, 9031, 4.99, '2005-07-30 06:06:10', '2006-02-15 22:12:30');
insert into sakila.payment (payment_id, customer_id, staff_id, rental_id, amount, payment_date, last_update) values (63, 3, 1, 1726, 6.99, '2005-06-16 15:19:10', '2006-02-15 22:12:30');
insert into sakila.payment (payment_id, customer_id, staff_id, rental_id, amount, payment_date, last_update) values (82, 3, 2, 13610, 2.99, '2005-08-20 06:14:12', '2006-02-15 22:12:30');
insert into sakila.payment (payment_id, customer_id, staff_id, rental_id, amount, payment_date, last_update) values (85, 3, 1, 15619, 2.99, '2005-08-23 07:10:14', '2006-02-15 22:12:30');
insert into sakila.payment (payment_id, customer_id, staff_id, rental_id, amount, payment_date, last_update) values (92, 4, 1, 7660, 2.99, '2005-07-28 02:10:10', '2006-02-15 22:12:30');
insert into sakila.payment (payment_id, customer_id, staff_id, rental_id, amount, payment_date, last_update) values (98, 4, 1, 11110, 2.99, '2005-08-02 08:20:31', '2006-02-15 22:12:30');
insert into sakila.payment (payment_id, customer_id, staff_id, rental_id, amount, payment_date, last_update) values (124, 5, 2, 6685, 4.99, '2005-07-12 12:16:28', '2006-02-15 22:12:30');
insert into sakila.payment (payment_id, customer_id, staff_id, rental_id, amount, payment_date, last_update) values (222, 8, 2, 10141, 0.99, '2005-07-31 22:08:29', '2006-02-15 22:12:31');
insert into sakila.payment (payment_id, customer_id, staff_id, rental_id, amount, payment_date, last_update) values (250, 9, 1, 12309, 2.99, '2005-08-18 05:58:40', '2006-02-15 22:12:31');
insert into sakila.payment (payment_id, customer_id, staff_id, rental_id, amount, payment_date, last_update) values (283, 11, 2, 4608, 2.99, '2005-07-08 07:19:11', '2006-02-15 22:12:31');
insert into sakila.payment (payment_id, customer_id, staff_id, rental_id, amount, payment_date, last_update) values (301, 11, 2, 15240, 2.99, '2005-08-22 17:46:41', '2006-02-15 22:12:31');
insert into sakila.payment (payment_id, customer_id, staff_id, rental_id, amount, payment_date, last_update) values (302, 11, 1, 11646, 0.99, '2006-02-14 15:16:03', '2006-02-15 22:12:31');
insert into sakila.payment (payment_id, customer_id, staff_id, rental_id, amount, payment_date, last_update) values (309, 12, 2, 3135, 2.99, '2005-06-20 19:33:52', '2006-02-15 22:12:31');
insert into sakila.payment (payment_id, customer_id, staff_id, rental_id, amount, payment_date, last_update) values (330, 12, 1, 15993, 0.99, '2005-08-23 20:28:44', '2006-02-15 22:12:31');
insert into sakila.payment (payment_id, customer_id, staff_id, rental_id, amount, payment_date, last_update) values (348, 13, 1, 11292, 4.99, '2005-08-02 14:58:41', '2006-02-15 22:12:32');
insert into sakila.payment (payment_id, customer_id, staff_id, rental_id, amount, payment_date, last_update) values (383, 14, 1, 15373, 0.99, '2005-08-22 22:08:11', '2006-02-15 22:12:32');
insert into sakila.payment (payment_id, customer_id, staff_id, rental_id, amount, payment_date, last_update) values (402, 15, 1, 11922, 7.99, '2005-08-17 16:20:37', '2006-02-15 22:12:32');
insert into sakila.payment (payment_id, customer_id, staff_id, rental_id, amount, payment_date, last_update) values (415, 15, 1, 15897, 4.99, '2005-08-23 17:12:31', '2006-02-15 22:12:32');
insert into sakila.payment (payment_id, customer_id, staff_id, rental_id, amount, payment_date, last_update) values (434, 16, 2, 8452, 5.99, '2005-07-29 07:45:00', '2006-02-15 22:12:32');
insert into sakila.payment (payment_id, customer_id, staff_id, rental_id, amount, payment_date, last_update) values (467, 17, 2, 15752, 5.99, '2005-08-23 12:41:38', '2006-02-15 22:12:32');
insert into sakila.payment (payment_id, customer_id, staff_id, rental_id, amount, payment_date, last_update) values (501, 19, 1, 9157, 5.99, '2005-07-30 11:06:23', '2006-02-15 22:12:33');
insert into sakila.payment (payment_id, customer_id, staff_id, rental_id, amount, payment_date, last_update) values (503, 19, 2, 10077, 9.99, '2005-07-31 20:01:06', '2006-02-15 22:12:33');
insert into sakila.payment (payment_id, customer_id, staff_id, rental_id, amount, payment_date, last_update) values (536, 20, 2, 13036, 4.99, '2005-08-19 08:48:37', '2006-02-15 22:12:33');
insert into sakila.payment (payment_id, customer_id, staff_id, rental_id, amount, payment_date, last_update) values (546, 21, 1, 570, 0.99, '2005-05-28 10:15:04', '2006-02-15 22:12:33');
insert into sakila.payment (payment_id, customer_id, staff_id, rental_id, amount, payment_date, last_update) values (552, 21, 2, 5107, 4.99, '2005-07-09 06:42:32', '2006-02-15 22:12:33');
insert into sakila.payment (payment_id, customer_id, staff_id, rental_id, amount, payment_date, last_update) values (635, 24, 2, 2116, 4.99, '2005-06-17 20:16:12', '2006-02-15 22:12:34');
insert into sakila.payment (payment_id, customer_id, staff_id, rental_id, amount, payment_date, last_update) values (657, 25, 2, 1033, 2.99, '2005-05-31 04:50:07', '2006-02-15 22:12:34');
insert into sakila.payment (payment_id, customer_id, staff_id, rental_id, amount, payment_date, last_update) values (662, 25, 1, 2901, 4.99, '2005-06-20 02:41:28', '2006-02-15 22:12:34');
insert into sakila.payment (payment_id, customer_id, staff_id, rental_id, amount, payment_date, last_update) values (669, 25, 2, 6905, 2.99, '2005-07-12 22:02:18', '2006-02-15 22:12:34');
insert into sakila.payment (payment_id, customer_id, staff_id, rental_id, amount, payment_date, last_update) values (670, 25, 2, 8667, 2.99, '2005-07-29 15:40:57', '2006-02-15 22:12:34');
insert into sakila.payment (payment_id, customer_id, staff_id, rental_id, amount, payment_date, last_update) values (693, 26, 1, 2745, 4.99, '2005-06-19 16:21:19', '2006-02-15 22:12:34');
insert into sakila.payment (payment_id, customer_id, staff_id, rental_id, amount, payment_date, last_update) values (743, 27, 1, 11661, 8.99, '2005-08-17 05:25:57', '2006-02-15 22:12:35');
insert into sakila.payment (payment_id, customer_id, staff_id, rental_id, amount, payment_date, last_update) values (804, 29, 2, 11962, 2.99, '2005-08-17 17:34:38', '2006-02-15 22:12:35');
insert into sakila.payment (payment_id, customer_id, staff_id, rental_id, amount, payment_date, last_update) values (807, 29, 2, 12569, 6.99, '2005-08-18 15:20:46', '2006-02-15 22:12:35');
insert into sakila.payment (payment_id, customer_id, staff_id, rental_id, amount, payment_date, last_update) values (820, 30, 2, 2154, 4.99, '2005-06-17 22:59:42', '2006-02-15 22:12:35');
insert into sakila.payment (payment_id, customer_id, staff_id, rental_id, amount, payment_date, last_update) values (830, 30, 2, 6359, 2.99, '2005-07-11 21:06:17', '2006-02-15 22:12:36');
insert into sakila.payment (payment_id, customer_id, staff_id, rental_id, amount, payment_date, last_update) values (843, 30, 1, 12546, 2.99, '2005-08-18 14:29:37', '2006-02-15 22:12:36');
insert into sakila.payment (payment_id, customer_id, staff_id, rental_id, amount, payment_date, last_update) values (851, 30, 2, 15829, 2.99, '2005-08-23 15:17:14', '2006-02-15 22:12:36');
insert into sakila.payment (payment_id, customer_id, staff_id, rental_id, amount, payment_date, last_update) values (942, 34, 2, 11096, 0.99, '2005-08-02 08:05:19', '2006-02-15 22:12:37');
insert into sakila.payment (payment_id, customer_id, staff_id, rental_id, amount, payment_date, last_update) values (947, 34, 1, 12651, 0.99, '2005-08-18 18:36:16', '2006-02-15 22:12:37');
insert into sakila.payment (payment_id, customer_id, staff_id, rental_id, amount, payment_date, last_update) values (966, 35, 1, 5963, 0.99, '2005-07-10 23:47:08', '2006-02-15 22:12:37');
insert into sakila.payment (payment_id, customer_id, staff_id, rental_id, amount, payment_date, last_update) values (1015, 37, 2, 1854, 3.99, '2005-06-17 00:43:57', '2006-02-15 22:12:37');
insert into sakila.payment (payment_id, customer_id, staff_id, rental_id, amount, payment_date, last_update) values (1036, 38, 2, 2605, 1.99, '2005-06-19 06:48:01', '2006-02-15 22:12:37');
insert into sakila.payment (payment_id, customer_id, staff_id, rental_id, amount, payment_date, last_update) values (1082, 39, 2, 8366, 1.99, '2005-07-29 05:11:14', '2006-02-15 22:12:38');
insert into sakila.payment (payment_id, customer_id, staff_id, rental_id, amount, payment_date, last_update) values (1088, 39, 1, 10126, 0.99, '2005-07-31 21:36:07', '2006-02-15 22:12:38');
insert into sakila.payment (payment_id, customer_id, staff_id, rental_id, amount, payment_date, last_update) values (1118, 40, 1, 13149, 6.99, '2005-08-19 13:07:12', '2006-02-15 22:12:38');
insert into sakila.payment (payment_id, customer_id, staff_id, rental_id, amount, payment_date, last_update) values (1135, 41, 1, 8134, 6.99, '2005-07-28 20:01:23', '2006-02-15 22:12:38');
insert into sakila.payment (payment_id, customer_id, staff_id, rental_id, amount, payment_date, last_update) values (1203, 44, 1, 29, 0.99, '2005-05-25 03:47:12', '2006-02-15 22:12:39');
insert into sakila.payment (payment_id, customer_id, staff_id, rental_id, amount, payment_date, last_update) values (1212, 44, 2, 4390, 0.99, '2005-07-07 20:59:06', '2006-02-15 22:12:39');
insert into sakila.payment (payment_id, customer_id, staff_id, rental_id, amount, payment_date, last_update) values (1217, 44, 2, 5909, 4.99, '2005-07-10 20:46:13', '2006-02-15 22:12:39');
insert into sakila.payment (payment_id, customer_id, staff_id, rental_id, amount, payment_date, last_update) values (1238, 45, 1, 5637, 0.99, '2005-07-10 06:31:37', '2006-02-15 22:12:39');
insert into sakila.payment (payment_id, customer_id, staff_id, rental_id, amount, payment_date, last_update) values (1289, 46, 1, 15758, 5.99, '2005-08-23 12:47:26', '2006-02-15 22:12:40');
insert into sakila.payment (payment_id, customer_id, staff_id, rental_id, amount, payment_date, last_update) values (1342, 49, 1, 6279, 6.99, '2005-07-11 16:26:07', '2006-02-15 22:12:41');
insert into sakila.payment (payment_id, customer_id, staff_id, rental_id, amount, payment_date, last_update) values (1351, 49, 1, 10266, 0.99, '2005-08-01 03:05:59', '2006-02-15 22:12:41');
insert into sakila.payment (payment_id, customer_id, staff_id, rental_id, amount, payment_date, last_update) values (1353, 49, 1, 10814, 2.99, '2005-08-01 22:43:12', '2006-02-15 22:12:41');
insert into sakila.payment (payment_id, customer_id, staff_id, rental_id, amount, payment_date, last_update) values (1389, 50, 2, 15138, 2.99, '2005-08-22 13:36:30', '2006-02-15 22:12:41');
insert into sakila.payment (payment_id, customer_id, staff_id, rental_id, amount, payment_date, last_update) values (1398, 51, 1, 5230, 2.99, '2005-07-09 12:30:23', '2006-02-15 22:12:41');
insert into sakila.payment (payment_id, customer_id, staff_id, rental_id, amount, payment_date, last_update) values (1479, 53, 2, 14119, 5.99, '2005-08-21 01:15:59', '2006-02-15 22:12:42');
insert into sakila.payment (payment_id, customer_id, staff_id, rental_id, amount, payment_date, last_update) values (1495, 54, 1, 6338, 7.99, '2005-07-11 19:39:41', '2006-02-15 22:12:42');
insert into sakila.payment (payment_id, customer_id, staff_id, rental_id, amount, payment_date, last_update) values (1550, 56, 2, 7942, 0.99, '2005-07-28 12:49:44', '2006-02-15 22:12:43');
insert into sakila.payment (payment_id, customer_id, staff_id, rental_id, amount, payment_date, last_update) values (1553, 56, 2, 10678, 0.99, '2005-08-01 17:26:24', '2006-02-15 22:12:43');
insert into sakila.payment (payment_id, customer_id, staff_id, rental_id, amount, payment_date, last_update) values (1571, 57, 1, 3357, 0.99, '2005-06-21 11:55:42', '2006-02-15 22:12:43');
insert into sakila.payment (payment_id, customer_id, staff_id, rental_id, amount, payment_date, last_update) values (1573, 57, 2, 4226, 4.99, '2005-07-07 12:37:56', '2006-02-15 22:12:43');
insert into sakila.payment (payment_id, customer_id, staff_id, rental_id, amount, payment_date, last_update) values (1578, 57, 1, 6494, 1.99, '2005-07-12 02:42:51', '2006-02-15 22:12:43');
insert into sakila.payment (payment_id, customer_id, staff_id, rental_id, amount, payment_date, last_update) values (1595, 58, 2, 761, 0.99, '2005-05-29 11:09:01', '2006-02-15 22:12:44');
insert into sakila.payment (payment_id, customer_id, staff_id, rental_id, amount, payment_date, last_update) values (1599, 58, 1, 3685, 4.99, '2005-07-06 09:30:45', '2006-02-15 22:12:44');
insert into sakila.payment (payment_id, customer_id, staff_id, rental_id, amount, payment_date, last_update) values (1647, 60, 1, 318, 4.99, '2005-05-26 23:37:39', '2006-02-15 22:12:44');
insert into sakila.payment (payment_id, customer_id, staff_id, rental_id, amount, payment_date, last_update) values (1686, 62, 2, 885, 0.99, '2005-05-30 06:54:28', '2006-02-15 22:12:45');
insert into sakila.payment (payment_id, customer_id, staff_id, rental_id, amount, payment_date, last_update) values (1701, 62, 1, 11297, 5.99, '2005-08-02 15:22:47', '2006-02-15 22:12:45');
insert into sakila.payment (payment_id, customer_id, staff_id, rental_id, amount, payment_date, last_update) values (1719, 63, 1, 9546, 4.99, '2005-07-31 01:47:40', '2006-02-15 22:12:45');
insert into sakila.payment (payment_id, customer_id, staff_id, rental_id, amount, payment_date, last_update) values (1783, 65, 2, 11845, 2.99, '2005-08-17 13:16:38', '2006-02-15 22:12:46');
insert into sakila.payment (payment_id, customer_id, staff_id, rental_id, amount, payment_date, last_update) values (1797, 66, 1, 3573, 4.99, '2005-07-06 03:33:48', '2006-02-15 22:12:46');
insert into sakila.payment (payment_id, customer_id, staff_id, rental_id, amount, payment_date, last_update) values (1901, 70, 1, 11274, 9.99, '2005-08-02 14:24:08', '2006-02-15 22:12:48');
insert into sakila.payment (payment_id, customer_id, staff_id, rental_id, amount, payment_date, last_update) values (1924, 71, 1, 7550, 4.99, '2005-07-27 21:55:07', '2006-02-15 22:12:48');
insert into sakila.payment (payment_id, customer_id, staff_id, rental_id, amount, payment_date, last_update) values (1925, 71, 2, 7982, 4.99, '2005-07-28 14:19:59', '2006-02-15 22:12:48');
insert into sakila.payment (payment_id, customer_id, staff_id, rental_id, amount, payment_date, last_update) values (1935, 71, 1, 14228, 3.99, '2005-08-21 04:57:08', '2006-02-15 22:12:48');
insert into sakila.payment (payment_id, customer_id, staff_id, rental_id, amount, payment_date, last_update) values (1952, 72, 2, 9420, 5.99, '2005-07-30 21:05:18', '2006-02-15 22:12:48');
insert into sakila.payment (payment_id, customer_id, staff_id, rental_id, amount, payment_date, last_update) values (1973, 73, 2, 2940, 4.99, '2005-06-20 05:20:01', '2006-02-15 22:12:48');
insert into sakila.payment (payment_id, customer_id, staff_id, rental_id, amount, payment_date, last_update) values (1994, 74, 2, 1121, 6.99, '2005-05-31 16:37:36', '2006-02-15 22:12:49');
insert into sakila.payment (payment_id, customer_id, staff_id, rental_id, amount, payment_date, last_update) values (2030, 75, 2, 4511, 0.99, '2005-07-08 02:36:21', '2006-02-15 22:12:49');
insert into sakila.payment (payment_id, customer_id, staff_id, rental_id, amount, payment_date, last_update) values (2038, 75, 1, 7052, 2.99, '2005-07-27 03:36:38', '2006-02-15 22:12:49');
insert into sakila.payment (payment_id, customer_id, staff_id, rental_id, amount, payment_date, last_update) values (2107, 77, 2, 11767, 7.99, '2005-08-17 10:00:40', '2006-02-15 22:12:50');
insert into sakila.payment (payment_id, customer_id, staff_id, rental_id, amount, payment_date, last_update) values (2119, 78, 2, 4778, 0.99, '2005-07-08 15:51:51', '2006-02-15 22:12:50');
insert into sakila.payment (payment_id, customer_id, staff_id, rental_id, amount, payment_date, last_update) values (2186, 80, 1, 11850, 1.99, '2005-08-17 13:30:15', '2006-02-15 22:12:51');
insert into sakila.payment (payment_id, customer_id, staff_id, rental_id, amount, payment_date, last_update) values (2201, 81, 2, 4983, 9.99, '2005-07-09 00:34:16', '2006-02-15 22:12:52');
insert into sakila.payment (payment_id, customer_id, staff_id, rental_id, amount, payment_date, last_update) values (2204, 81, 1, 7709, 0.99, '2005-07-28 04:22:14', '2006-02-15 22:12:52');
insert into sakila.payment (payment_id, customer_id, staff_id, rental_id, amount, payment_date, last_update) values (2212, 81, 2, 14748, 7.99, '2005-08-21 23:02:02', '2006-02-15 22:12:52');
insert into sakila.payment (payment_id, customer_id, staff_id, rental_id, amount, payment_date, last_update) values (2246, 83, 2, 989, 2.99, '2005-05-30 23:11:51', '2006-02-15 22:12:52');
insert into sakila.payment (payment_id, customer_id, staff_id, rental_id, amount, payment_date, last_update) values (2253, 83, 1, 5218, 0.99, '2005-07-09 11:57:12', '2006-02-15 22:12:52');
insert into sakila.payment (payment_id, customer_id, staff_id, rental_id, amount, payment_date, last_update) values (2269, 84, 2, 408, 0.99, '2005-05-27 13:57:39', '2006-02-15 22:12:53');
insert into sakila.payment (payment_id, customer_id, staff_id, rental_id, amount, payment_date, last_update) values (2281, 84, 1, 5237, 0.99, '2005-07-09 12:56:58', '2006-02-15 22:12:53');
insert into sakila.payment (payment_id, customer_id, staff_id, rental_id, amount, payment_date, last_update) values (2299, 84, 1, 14330, 5.99, '2005-08-21 08:29:20', '2006-02-15 22:12:53');
insert into sakila.payment (payment_id, customer_id, staff_id, rental_id, amount, payment_date, last_update) values (2311, 85, 1, 4705, 2.99, '2005-07-08 11:50:38', '2006-02-15 22:12:53');
insert into sakila.payment (payment_id, customer_id, staff_id, rental_id, amount, payment_date, last_update) values (2340, 86, 1, 7231, 2.99, '2005-07-27 10:01:51', '2006-02-15 22:12:54');
insert into sakila.payment (payment_id, customer_id, staff_id, rental_id, amount, payment_date, last_update) values (2377, 87, 1, 10387, 4.99, '2005-08-01 06:42:31', '2006-02-15 22:12:54');
insert into sakila.payment (payment_id, customer_id, staff_id, rental_id, amount, payment_date, last_update) values (2394, 88, 2, 3673, 5.99, '2005-07-06 09:02:09', '2006-02-15 22:12:55');
insert into sakila.payment (payment_id, customer_id, staff_id, rental_id, amount, payment_date, last_update) values (2440, 89, 1, 15845, 2.99, '2005-08-23 15:38:34', '2006-02-15 22:12:55');
insert into sakila.payment (payment_id, customer_id, staff_id, rental_id, amount, payment_date, last_update) values (2462, 90, 1, 12788, 2.99, '2005-08-19 00:15:09', '2006-02-15 22:12:56');
insert into sakila.payment (payment_id, customer_id, staff_id, rental_id, amount, payment_date, last_update) values (2479, 91, 2, 5025, 4.99, '2005-07-09 02:28:24', '2006-02-15 22:12:56');
insert into sakila.payment (payment_id, customer_id, staff_id, rental_id, amount, payment_date, last_update) values (2495, 91, 2, 13222, 4.99, '2005-08-19 15:47:58', '2006-02-15 22:12:56');
insert into sakila.payment (payment_id, customer_id, staff_id, rental_id, amount, payment_date, last_update) values (2530, 92, 1, 14798, 0.99, '2005-08-22 00:44:08', '2006-02-15 22:12:57');
insert into sakila.payment (payment_id, customer_id, staff_id, rental_id, amount, payment_date, last_update) values (2604, 96, 1, 5558, 0.99, '2005-07-10 03:12:08', '2006-02-15 22:12:58');
insert into sakila.payment (payment_id, customer_id, staff_id, rental_id, amount, payment_date, last_update) values (2606, 96, 1, 5696, 2.99, '2005-07-10 09:44:32', '2006-02-15 22:12:58');
insert into sakila.payment (payment_id, customer_id, staff_id, rental_id, amount, payment_date, last_update) values (2611, 96, 1, 9662, 3.99, '2005-07-31 06:09:53', '2006-02-15 22:12:58');
insert into sakila.payment (payment_id, customer_id, staff_id, rental_id, amount, payment_date, last_update) values (2651, 98, 1, 8324, 5.99, '2005-07-29 03:56:05', '2006-02-15 22:12:59');
insert into sakila.payment (payment_id, customer_id, staff_id, rental_id, amount, payment_date, last_update) values (2691, 100, 1, 1427, 2.99, '2005-06-15 18:17:28', '2006-02-15 22:13:00');
insert into sakila.payment (payment_id, customer_id, staff_id, rental_id, amount, payment_date, last_update) values (2702, 100, 1, 7921, 1.99, '2005-07-28 12:02:46', '2006-02-15 22:13:00');
insert into sakila.payment (payment_id, customer_id, staff_id, rental_id, amount, payment_date, last_update) values (2740, 102, 2, 2419, 8.99, '2005-06-18 17:21:24', '2006-02-15 22:13:00');
insert into sakila.payment (payment_id, customer_id, staff_id, rental_id, amount, payment_date, last_update) values (2748, 102, 1, 5109, 4.99, '2005-07-09 06:48:49', '2006-02-15 22:13:01');
insert into sakila.payment (payment_id, customer_id, staff_id, rental_id, amount, payment_date, last_update) values (2769, 103, 1, 240, 7.99, '2005-05-26 12:40:23', '2006-02-15 22:13:01');
insert into sakila.payment (payment_id, customer_id, staff_id, rental_id, amount, payment_date, last_update) values (2771, 103, 2, 1396, 4.99, '2005-06-15 16:22:38', '2006-02-15 22:13:01');
insert into sakila.payment (payment_id, customer_id, staff_id, rental_id, amount, payment_date, last_update) values (2783, 103, 2, 6697, 6.99, '2005-07-12 12:44:57', '2006-02-15 22:13:01');
insert into sakila.payment (payment_id, customer_id, staff_id, rental_id, amount, payment_date, last_update) values (2832, 105, 1, 5429, 4.99, '2005-07-09 21:14:03', '2006-02-15 22:13:02');
insert into sakila.payment (payment_id, customer_id, staff_id, rental_id, amount, payment_date, last_update) values (2868, 106, 1, 12159, 7.99, '2005-08-18 00:36:09', '2006-02-15 22:13:03');
insert into sakila.payment (payment_id, customer_id, staff_id, rental_id, amount, payment_date, last_update) values (2880, 107, 2, 3120, 0.99, '2005-06-20 18:19:29', '2006-02-15 22:13:03');
insert into sakila.payment (payment_id, customer_id, staff_id, rental_id, amount, payment_date, last_update) values (2893, 107, 2, 8704, 1.99, '2005-07-29 17:13:45', '2006-02-15 22:13:03');
insert into sakila.payment (payment_id, customer_id, staff_id, rental_id, amount, payment_date, last_update) values (2980, 111, 2, 3485, 1.99, '2005-07-05 23:25:54', '2006-02-15 22:13:05');
insert into sakila.payment (payment_id, customer_id, staff_id, rental_id, amount, payment_date, last_update) values (3032, 113, 1, 2282, 2.99, '2005-06-18 06:48:23', '2006-02-15 22:13:06');
insert into sakila.payment (payment_id, customer_id, staff_id, rental_id, amount, payment_date, last_update) values (3102, 115, 2, 6113, 2.99, '2005-07-11 07:31:08', '2006-02-15 22:13:07');
insert into sakila.payment (payment_id, customer_id, staff_id, rental_id, amount, payment_date, last_update) values (3116, 115, 2, 12366, 0.99, '2005-08-18 07:55:14', '2006-02-15 22:13:07');
insert into sakila.payment (payment_id, customer_id, staff_id, rental_id, amount, payment_date, last_update) values (3117, 115, 2, 13977, 0.99, '2005-08-20 19:02:34', '2006-02-15 22:13:08');
insert into sakila.payment (payment_id, customer_id, staff_id, rental_id, amount, payment_date, last_update) values (3147, 116, 1, 14907, 2.99, '2005-08-22 04:44:09', '2006-02-15 22:13:08');
insert into sakila.payment (payment_id, customer_id, staff_id, rental_id, amount, payment_date, last_update) values (3180, 118, 1, 8881, 4.99, '2005-07-30 00:22:31', '2006-02-15 22:13:09');
insert into sakila.payment (payment_id, customer_id, staff_id, rental_id, amount, payment_date, last_update) values (3206, 119, 1, 10681, 4.99, '2005-08-01 17:30:35', '2006-02-15 22:13:09');
insert into sakila.payment (payment_id, customer_id, staff_id, rental_id, amount, payment_date, last_update) values (3257, 121, 2, 5670, 0.99, '2005-07-10 08:14:52', '2006-02-15 22:13:10');
insert into sakila.payment (payment_id, customer_id, staff_id, rental_id, amount, payment_date, last_update) values (3258, 121, 2, 6780, 4.99, '2005-07-12 16:18:12', '2006-02-15 22:13:11');
insert into sakila.payment (payment_id, customer_id, staff_id, rental_id, amount, payment_date, last_update) values (3260, 121, 1, 7185, 0.99, '2005-07-27 08:23:54', '2006-02-15 22:13:11');
insert into sakila.payment (payment_id, customer_id, staff_id, rental_id, amount, payment_date, last_update) values (3261, 121, 2, 7298, 2.99, '2005-07-27 12:45:14', '2006-02-15 22:13:11');
insert into sakila.payment (payment_id, customer_id, staff_id, rental_id, amount, payment_date, last_update) values (3294, 122, 2, 6231, 0.99, '2005-07-11 14:02:36', '2006-02-15 22:13:11');
insert into sakila.payment (payment_id, customer_id, staff_id, rental_id, amount, payment_date, last_update) values (3308, 122, 2, 12711, 4.99, '2005-08-18 21:03:32', '2006-02-15 22:13:12');
insert into sakila.payment (payment_id, customer_id, staff_id, rental_id, amount, payment_date, last_update) values (3311, 122, 2, 14666, 5.99, '2005-08-21 19:51:09', '2006-02-15 22:13:12');
insert into sakila.payment (payment_id, customer_id, staff_id, rental_id, amount, payment_date, last_update) values (3324, 123, 1, 7969, 5.99, '2005-07-28 13:57:37', '2006-02-15 22:13:12');
insert into sakila.payment (payment_id, customer_id, staff_id, rental_id, amount, payment_date, last_update) values (3377, 125, 2, 11279, 7.99, '2005-08-02 14:30:03', '2006-02-15 22:13:13');
insert into sakila.payment (payment_id, customer_id, staff_id, rental_id, amount, payment_date, last_update) values (3379, 125, 1, 11832, 4.99, '2005-08-17 12:55:31', '2006-02-15 22:13:13');
insert into sakila.payment (payment_id, customer_id, staff_id, rental_id, amount, payment_date, last_update) values (3402, 126, 2, 10032, 4.99, '2005-07-31 18:41:55', '2006-02-15 22:13:14');
insert into sakila.payment (payment_id, customer_id, staff_id, rental_id, amount, payment_date, last_update) values (3407, 126, 2, 12991, 2.99, '2005-08-19 07:21:24', '2006-02-15 22:13:14');
insert into sakila.payment (payment_id, customer_id, staff_id, rental_id, amount, payment_date, last_update) values (3430, 127, 2, 12060, 4.99, '2005-08-17 21:11:57', '2006-02-15 22:13:14');
insert into sakila.payment (payment_id, customer_id, staff_id, rental_id, amount, payment_date, last_update) values (3445, 128, 1, 5647, 4.99, '2005-07-10 07:08:40', '2006-02-15 22:13:15');
insert into sakila.payment (payment_id, customer_id, staff_id, rental_id, amount, payment_date, last_update) values (3457, 128, 1, 10011, 2.99, '2005-07-31 18:02:41', '2006-02-15 22:13:15');
insert into sakila.payment (payment_id, customer_id, staff_id, rental_id, amount, payment_date, last_update) values (3458, 128, 1, 10394, 2.99, '2005-08-01 06:58:17', '2006-02-15 22:13:15');
insert into sakila.payment (payment_id, customer_id, staff_id, rental_id, amount, payment_date, last_update) values (3482, 129, 1, 4996, 0.99, '2005-07-09 00:59:46', '2006-02-15 22:13:15');
insert into sakila.payment (payment_id, customer_id, staff_id, rental_id, amount, payment_date, last_update) values (3492, 129, 1, 10468, 0.99, '2005-08-01 09:48:29', '2006-02-15 22:13:15');
insert into sakila.payment (payment_id, customer_id, staff_id, rental_id, amount, payment_date, last_update) values (3530, 131, 2, 944, 7.99, '2005-05-30 15:26:24', '2006-02-15 22:13:16');
insert into sakila.payment (payment_id, customer_id, staff_id, rental_id, amount, payment_date, last_update) values (3536, 131, 1, 5610, 2.99, '2005-07-10 05:09:52', '2006-02-15 22:13:16');
insert into sakila.payment (payment_id, customer_id, staff_id, rental_id, amount, payment_date, last_update) values (3573, 132, 2, 5715, 1.99, '2005-07-10 10:48:03', '2006-02-15 22:13:17');
insert into sakila.payment (payment_id, customer_id, staff_id, rental_id, amount, payment_date, last_update) values (3583, 132, 2, 11812, 0.99, '2005-08-17 12:00:54', '2006-02-15 22:13:17');
insert into sakila.payment (payment_id, customer_id, staff_id, rental_id, amount, payment_date, last_update) values (3622, 134, 2, 6226, 2.99, '2005-07-11 13:48:11', '2006-02-15 22:13:18');
insert into sakila.payment (payment_id, customer_id, staff_id, rental_id, amount, payment_date, last_update) values (3627, 134, 1, 10864, 6.99, '2005-08-02 00:18:59', '2006-02-15 22:13:18');
insert into sakila.payment (payment_id, customer_id, staff_id, rental_id, amount, payment_date, last_update) values (3653, 135, 1, 8987, 6.99, '2005-07-30 04:37:36', '2006-02-15 22:13:19');
insert into sakila.payment (payment_id, customer_id, staff_id, rental_id, amount, payment_date, last_update) values (3749, 138, 2, 14432, 4.99, '2005-08-21 11:36:15', '2006-02-15 22:13:21');
insert into sakila.payment (payment_id, customer_id, staff_id, rental_id, amount, payment_date, last_update) values (3802, 141, 1, 3434, 4.99, '2005-06-21 19:08:28', '2006-02-15 22:13:22');
insert into sakila.payment (payment_id, customer_id, staff_id, rental_id, amount, payment_date, last_update) values (3814, 141, 1, 10287, 3.99, '2005-08-01 03:37:01', '2006-02-15 22:13:22');
insert into sakila.payment (payment_id, customer_id, staff_id, rental_id, amount, payment_date, last_update) values (3823, 141, 1, 13000, 0.99, '2005-08-19 07:36:42', '2006-02-15 22:13:23');
insert into sakila.payment (payment_id, customer_id, staff_id, rental_id, amount, payment_date, last_update) values (3888, 144, 2, 4818, 3.99, '2005-07-08 17:18:22', '2006-02-15 22:13:24');
insert into sakila.payment (payment_id, customer_id, staff_id, rental_id, amount, payment_date, last_update) values (3909, 144, 1, 11228, 2.99, '2005-08-02 12:55:23', '2006-02-15 22:13:25');
insert into sakila.payment (payment_id, customer_id, staff_id, rental_id, amount, payment_date, last_update) values (3944, 145, 2, 13012, 7.99, '2005-08-19 07:54:59', '2006-02-15 22:13:26');
insert into sakila.payment (payment_id, customer_id, staff_id, rental_id, amount, payment_date, last_update) values (3946, 145, 2, 13272, 0.99, '2005-08-19 17:49:13', '2006-02-15 22:13:26');
insert into sakila.payment (payment_id, customer_id, staff_id, rental_id, amount, payment_date, last_update) values (3959, 146, 2, 5000, 4.99, '2005-07-09 01:16:13', '2006-02-15 22:13:26');
insert into sakila.payment (payment_id, customer_id, staff_id, rental_id, amount, payment_date, last_update) values (3982, 147, 2, 2859, 2.99, '2005-06-19 23:18:42', '2006-02-15 22:13:27');
insert into sakila.payment (payment_id, customer_id, staff_id, rental_id, amount, payment_date, last_update) values (3985, 147, 2, 3956, 2.99, '2005-07-06 22:01:51', '2006-02-15 22:13:27');
insert into sakila.payment (payment_id, customer_id, staff_id, rental_id, amount, payment_date, last_update) values (3989, 147, 1, 5844, 0.99, '2005-07-10 17:14:43', '2006-02-15 22:13:27');
insert into sakila.payment (payment_id, customer_id, staff_id, rental_id, amount, payment_date, last_update) values (4008, 147, 2, 15331, 4.99, '2005-08-22 20:37:57', '2006-02-15 22:13:28');
insert into sakila.payment (payment_id, customer_id, staff_id, rental_id, amount, payment_date, last_update) values (4011, 147, 2, 16004, 6.99, '2005-08-23 20:53:20', '2006-02-15 22:13:28');
insert into sakila.payment (payment_id, customer_id, staff_id, rental_id, amount, payment_date, last_update) values (4029, 148, 1, 7865, 9.99, '2005-07-28 10:07:04', '2006-02-15 22:13:28');
insert into sakila.payment (payment_id, customer_id, staff_id, rental_id, amount, payment_date, last_update) values (4050, 148, 2, 14629, 2.99, '2005-08-21 18:39:52', '2006-02-15 22:13:29');
insert into sakila.payment (payment_id, customer_id, staff_id, rental_id, amount, payment_date, last_update) values (4054, 148, 2, 15237, 4.99, '2005-08-22 17:44:30', '2006-02-15 22:13:29');
insert into sakila.payment (payment_id, customer_id, staff_id, rental_id, amount, payment_date, last_update) values (4146, 152, 2, 11638, 6.99, '2005-08-17 04:39:09', '2006-02-15 22:13:31');
insert into sakila.payment (payment_id, customer_id, staff_id, rental_id, amount, payment_date, last_update) values (4276, 157, 1, 8707, 0.99, '2005-07-29 17:21:58', '2006-02-15 22:13:34');
insert into sakila.payment (payment_id, customer_id, staff_id, rental_id, amount, payment_date, last_update) values (4300, 158, 1, 5988, 4.99, '2005-07-11 00:55:38', '2006-02-15 22:13:34');
insert into sakila.payment (payment_id, customer_id, staff_id, rental_id, amount, payment_date, last_update) values (4321, 158, 1, 15763, 2.99, '2005-08-23 13:02:59', '2006-02-15 22:13:35');
insert into sakila.payment (payment_id, customer_id, staff_id, rental_id, amount, payment_date, last_update) values (4328, 159, 1, 1695, 0.99, '2005-06-16 12:40:28', '2006-02-15 22:13:35');
insert into sakila.payment (payment_id, customer_id, staff_id, rental_id, amount, payment_date, last_update) values (4342, 159, 1, 13933, 0.99, '2005-08-20 17:17:07', '2006-02-15 22:13:35');
insert into sakila.payment (payment_id, customer_id, staff_id, rental_id, amount, payment_date, last_update) values (4348, 160, 1, 4842, 0.99, '2005-07-08 18:21:30', '2006-02-15 22:13:35');
insert into sakila.payment (payment_id, customer_id, staff_id, rental_id, amount, payment_date, last_update) values (4352, 160, 2, 7500, 0.99, '2005-07-27 20:16:03', '2006-02-15 22:13:36');
insert into sakila.payment (payment_id, customer_id, staff_id, rental_id, amount, payment_date, last_update) values (4381, 161, 2, 4187, 0.99, '2005-07-07 10:41:31', '2006-02-15 22:13:36');
insert into sakila.payment (payment_id, customer_id, staff_id, rental_id, amount, payment_date, last_update) values (4428, 163, 2, 3915, 3.99, '2005-07-06 20:16:46', '2006-02-15 22:13:37');
insert into sakila.payment (payment_id, customer_id, staff_id, rental_id, amount, payment_date, last_update) values (4440, 163, 2, 11623, 2.99, '2005-08-17 04:15:47', '2006-02-15 22:13:38');
insert into sakila.payment (payment_id, customer_id, staff_id, rental_id, amount, payment_date, last_update) values (4443, 163, 2, 12973, 2.99, '2005-08-19 06:48:11', '2006-02-15 22:13:38');
insert into sakila.payment (payment_id, customer_id, staff_id, rental_id, amount, payment_date, last_update) values (4451, 164, 2, 1011, 1.99, '2005-05-31 02:05:39', '2006-02-15 22:13:38');
insert into sakila.payment (payment_id, customer_id, staff_id, rental_id, amount, payment_date, last_update) values (4484, 165, 2, 12643, 4.99, '2005-08-18 18:21:06', '2006-02-15 22:13:39');
insert into sakila.payment (payment_id, customer_id, staff_id, rental_id, amount, payment_date, last_update) values (4502, 166, 2, 6882, 2.99, '2005-07-12 20:50:39', '2006-02-15 22:13:39');
insert into sakila.payment (payment_id, customer_id, staff_id, rental_id, amount, payment_date, last_update) values (4509, 166, 2, 13582, 4.99, '2005-08-20 05:28:11', '2006-02-15 22:13:39');
insert into sakila.payment (payment_id, customer_id, staff_id, rental_id, amount, payment_date, last_update) values (4522, 167, 2, 3518, 4.99, '2005-07-06 00:56:03', '2006-02-15 22:13:40');
insert into sakila.payment (payment_id, customer_id, staff_id, rental_id, amount, payment_date, last_update) values (4595, 169, 2, 9203, 0.99, '2005-07-30 12:43:40', '2006-02-15 22:13:41');
insert into sakila.payment (payment_id, customer_id, staff_id, rental_id, amount, payment_date, last_update) values (4607, 170, 2, 2117, 0.99, '2005-06-17 20:24:00', '2006-02-15 22:13:42');
insert into sakila.payment (payment_id, customer_id, staff_id, rental_id, amount, payment_date, last_update) values (4654, 171, 2, 14615, 9.99, '2005-08-21 18:06:32', '2006-02-15 22:13:43');
insert into sakila.payment (payment_id, customer_id, staff_id, rental_id, amount, payment_date, last_update) values (4656, 172, 2, 449, 3.99, '2005-05-27 19:13:15', '2006-02-15 22:13:43');
insert into sakila.payment (payment_id, customer_id, staff_id, rental_id, amount, payment_date, last_update) values (4663, 172, 1, 4821, 4.99, '2005-07-08 17:28:08', '2006-02-15 22:13:43');
insert into sakila.payment (payment_id, customer_id, staff_id, rental_id, amount, payment_date, last_update) values (4665, 172, 2, 6246, 7.99, '2005-07-11 14:57:51', '2006-02-15 22:13:43');
insert into sakila.payment (payment_id, customer_id, staff_id, rental_id, amount, payment_date, last_update) values (4667, 172, 1, 6875, 5.99, '2005-07-12 20:23:05', '2006-02-15 22:13:43');
insert into sakila.payment (payment_id, customer_id, staff_id, rental_id, amount, payment_date, last_update) values (4675, 172, 2, 9218, 5.99, '2005-07-30 13:14:35', '2006-02-15 22:13:43');
insert into sakila.payment (payment_id, customer_id, staff_id, rental_id, amount, payment_date, last_update) values (4676, 172, 1, 10312, 3.99, '2005-08-01 04:29:06', '2006-02-15 22:13:43');
insert into sakila.payment (payment_id, customer_id, staff_id, rental_id, amount, payment_date, last_update) values (4707, 173, 2, 8829, 8.99, '2005-07-29 22:33:34', '2006-02-15 22:13:44');
insert into sakila.payment (payment_id, customer_id, staff_id, rental_id, amount, payment_date, last_update) values (4758, 175, 2, 13997, 6.99, '2005-08-20 19:51:28', '2006-02-15 22:13:45');
insert into sakila.payment (payment_id, customer_id, staff_id, rental_id, amount, payment_date, last_update) values (4767, 176, 1, 1062, 7.99, '2005-05-31 08:38:20', '2006-02-15 22:13:46');
insert into sakila.payment (payment_id, customer_id, staff_id, rental_id, amount, payment_date, last_update) values (4801, 177, 1, 1524, 2.99, '2005-06-16 00:25:52', '2006-02-15 22:13:46');
insert into sakila.payment (payment_id, customer_id, staff_id, rental_id, amount, payment_date, last_update) values (4804, 177, 2, 2467, 2.99, '2005-06-18 20:20:05', '2006-02-15 22:13:47');
insert into sakila.payment (payment_id, customer_id, staff_id, rental_id, amount, payment_date, last_update) values (4816, 177, 1, 11376, 5.99, '2005-08-02 18:16:00', '2006-02-15 22:13:47');
insert into sakila.payment (payment_id, customer_id, staff_id, rental_id, amount, payment_date, last_update) values (4855, 178, 2, 12727, 2.99, '2005-08-18 21:45:15', '2006-02-15 22:13:48');
insert into sakila.payment (payment_id, customer_id, staff_id, rental_id, amount, payment_date, last_update) values (4876, 179, 1, 8573, 2.99, '2005-07-29 11:51:25', '2006-02-15 22:13:49');
insert into sakila.payment (payment_id, customer_id, staff_id, rental_id, amount, payment_date, last_update) values (4882, 179, 2, 10569, 3.99, '2005-08-01 13:18:23', '2006-02-15 22:13:49');
insert into sakila.payment (payment_id, customer_id, staff_id, rental_id, amount, payment_date, last_update) values (4901, 180, 2, 8720, 5.99, '2005-07-29 17:48:32', '2006-02-15 22:13:49');
insert into sakila.payment (payment_id, customer_id, staff_id, rental_id, amount, payment_date, last_update) values (4917, 181, 2, 3449, 5.99, '2005-06-21 21:01:27', '2006-02-15 22:13:50');
insert into sakila.payment (payment_id, customer_id, staff_id, rental_id, amount, payment_date, last_update) values (4939, 181, 1, 12678, 2.99, '2005-08-18 19:41:27', '2006-02-15 22:13:50');
insert into sakila.payment (payment_id, customer_id, staff_id, rental_id, amount, payment_date, last_update) values (4947, 181, 2, 13008, 2.99, '2006-02-14 15:16:03', '2006-02-15 22:13:50');
insert into sakila.payment (payment_id, customer_id, staff_id, rental_id, amount, payment_date, last_update) values (4973, 182, 1, 15043, 1.99, '2005-08-22 09:49:32', '2006-02-15 22:13:51');
insert into sakila.payment (payment_id, customer_id, staff_id, rental_id, amount, payment_date, last_update) values (4985, 183, 1, 6569, 4.99, '2005-07-12 05:47:40', '2006-02-15 22:13:51');
insert into sakila.payment (payment_id, customer_id, staff_id, rental_id, amount, payment_date, last_update) values (4988, 183, 1, 9818, 4.99, '2005-07-31 11:34:32', '2006-02-15 22:13:51');
insert into sakila.payment (payment_id, customer_id, staff_id, rental_id, amount, payment_date, last_update) values (4996, 183, 1, 13536, 4.99, '2005-08-20 03:35:16', '2006-02-15 22:13:52');
insert into sakila.payment (payment_id, customer_id, staff_id, rental_id, amount, payment_date, last_update) values (5060, 186, 1, 11982, 0.99, '2005-08-17 18:13:07', '2006-02-15 22:13:54');
insert into sakila.payment (payment_id, customer_id, staff_id, rental_id, amount, payment_date, last_update) values (5069, 186, 2, 14988, 3.99, '2005-08-22 07:46:05', '2006-02-15 22:13:54');
insert into sakila.payment (payment_id, customer_id, staff_id, rental_id, amount, payment_date, last_update) values (5077, 187, 2, 1592, 0.99, '2005-06-16 05:14:37', '2006-02-15 22:13:54');
insert into sakila.payment (payment_id, customer_id, staff_id, rental_id, amount, payment_date, last_update) values (5138, 189, 1, 7675, 4.99, '2005-07-28 02:55:20', '2006-02-15 22:13:56');
insert into sakila.payment (payment_id, customer_id, staff_id, rental_id, amount, payment_date, last_update) values (5141, 189, 2, 9386, 0.99, '2005-07-30 19:26:21', '2006-02-15 22:13:56');
insert into sakila.payment (payment_id, customer_id, staff_id, rental_id, amount, payment_date, last_update) values (5177, 191, 2, 1152, 4.99, '2005-05-31 21:32:17', '2006-02-15 22:13:57');
insert into sakila.payment (payment_id, customer_id, staff_id, rental_id, amount, payment_date, last_update) values (5217, 192, 2, 15855, 2.99, '2005-08-23 15:59:01', '2006-02-15 22:13:58');
insert into sakila.payment (payment_id, customer_id, staff_id, rental_id, amount, payment_date, last_update) values (5242, 193, 2, 15495, 5.99, '2005-08-23 02:26:10', '2006-02-15 22:13:59');
insert into sakila.payment (payment_id, customer_id, staff_id, rental_id, amount, payment_date, last_update) values (5259, 194, 2, 13616, 7.99, '2005-08-20 06:30:33', '2006-02-15 22:13:59');
insert into sakila.payment (payment_id, customer_id, staff_id, rental_id, amount, payment_date, last_update) values (5326, 197, 1, 1503, 2.99, '2005-06-15 22:07:09', '2006-02-15 22:14:01');
insert into sakila.payment (payment_id, customer_id, staff_id, rental_id, amount, payment_date, last_update) values (5355, 197, 1, 15540, 8.99, '2005-08-23 04:12:52', '2006-02-15 22:14:02');
insert into sakila.payment (payment_id, customer_id, staff_id, rental_id, amount, payment_date, last_update) values (5367, 198, 1, 6819, 4.99, '2005-07-12 18:21:01', '2006-02-15 22:14:02');
insert into sakila.payment (payment_id, customer_id, staff_id, rental_id, amount, payment_date, last_update) values (5377, 198, 1, 10679, 0.99, '2005-08-01 17:27:58', '2006-02-15 22:14:02');
insert into sakila.payment (payment_id, customer_id, staff_id, rental_id, amount, payment_date, last_update) values (5431, 200, 1, 6947, 3.99, '2005-07-26 23:42:03', '2006-02-15 22:14:04');
insert into sakila.payment (payment_id, customer_id, staff_id, rental_id, amount, payment_date, last_update) values (5444, 200, 2, 11866, 2.99, '2006-02-14 15:16:03', '2006-02-15 22:14:04');
insert into sakila.payment (payment_id, customer_id, staff_id, rental_id, amount, payment_date, last_update) values (5452, 201, 1, 3364, 7.99, '2005-06-21 12:37:46', '2006-02-15 22:14:05');
insert into sakila.payment (payment_id, customer_id, staff_id, rental_id, amount, payment_date, last_update) values (5457, 201, 2, 9355, 0.99, '2005-07-30 18:35:25', '2006-02-15 22:14:05');
insert into sakila.payment (payment_id, customer_id, staff_id, rental_id, amount, payment_date, last_update) values (5522, 204, 1, 1871, 4.99, '2005-06-17 02:25:12', '2006-02-15 22:14:06');
insert into sakila.payment (payment_id, customer_id, staff_id, rental_id, amount, payment_date, last_update) values (5523, 204, 2, 1894, 7.99, '2005-06-17 04:18:48', '2006-02-15 22:14:06');
insert into sakila.payment (payment_id, customer_id, staff_id, rental_id, amount, payment_date, last_update) values (5532, 204, 2, 6631, 0.99, '2005-07-12 09:31:43', '2006-02-15 22:14:07');
insert into sakila.payment (payment_id, customer_id, staff_id, rental_id, amount, payment_date, last_update) values (5542, 204, 2, 11886, 0.99, '2005-08-17 14:58:51', '2006-02-15 22:14:07');
insert into sakila.payment (payment_id, customer_id, staff_id, rental_id, amount, payment_date, last_update) values (5547, 204, 2, 14163, 4.99, '2005-08-21 02:56:52', '2006-02-15 22:14:07');
insert into sakila.payment (payment_id, customer_id, staff_id, rental_id, amount, payment_date, last_update) values (5580, 206, 1, 7222, 4.99, '2005-07-27 09:38:43', '2006-02-15 22:14:08');
insert into sakila.payment (payment_id, customer_id, staff_id, rental_id, amount, payment_date, last_update) values (5679, 209, 1, 9923, 0.99, '2005-07-31 15:00:15', '2006-02-15 22:14:11');
insert into sakila.payment (payment_id, customer_id, staff_id, rental_id, amount, payment_date, last_update) values (5702, 210, 2, 6227, 4.99, '2005-07-11 13:56:46', '2006-02-15 22:14:12');
insert into sakila.payment (payment_id, customer_id, staff_id, rental_id, amount, payment_date, last_update) values (5779, 213, 1, 2889, 4.99, '2005-06-20 01:54:08', '2006-02-15 22:14:14');
insert into sakila.payment (payment_id, customer_id, staff_id, rental_id, amount, payment_date, last_update) values (5856, 215, 1, 15843, 0.99, '2005-08-23 15:37:31', '2006-02-15 22:14:16');
insert into sakila.payment (payment_id, customer_id, staff_id, rental_id, amount, payment_date, last_update) values (5872, 216, 2, 11621, 7.99, '2005-08-17 04:13:45', '2006-02-15 22:14:17');
insert into sakila.payment (payment_id, customer_id, staff_id, rental_id, amount, payment_date, last_update) values (5881, 217, 2, 828, 2.99, '2005-05-29 22:14:55', '2006-02-15 22:14:17');
insert into sakila.payment (payment_id, customer_id, staff_id, rental_id, amount, payment_date, last_update) values (5889, 217, 2, 7104, 2.99, '2005-07-27 05:15:25', '2006-02-15 22:14:17');
insert into sakila.payment (payment_id, customer_id, staff_id, rental_id, amount, payment_date, last_update) values (5919, 218, 2, 13947, 5.99, '2005-08-20 17:46:06', '2006-02-15 22:14:18');
insert into sakila.payment (payment_id, customer_id, staff_id, rental_id, amount, payment_date, last_update) values (5924, 219, 2, 2580, 0.99, '2005-06-19 04:44:30', '2006-02-15 22:14:18');
insert into sakila.payment (payment_id, customer_id, staff_id, rental_id, amount, payment_date, last_update) values (5955, 220, 2, 6412, 0.99, '2005-07-11 23:19:21', '2006-02-15 22:14:19');
insert into sakila.payment (payment_id, customer_id, staff_id, rental_id, amount, payment_date, last_update) values (5970, 220, 1, 12896, 4.99, '2005-08-19 03:52:44', '2006-02-15 22:14:20');
insert into sakila.payment (payment_id, customer_id, staff_id, rental_id, amount, payment_date, last_update) values (5974, 220, 2, 15706, 4.99, '2005-08-23 10:32:52', '2006-02-15 22:14:20');
insert into sakila.payment (payment_id, customer_id, staff_id, rental_id, amount, payment_date, last_update) values (5983, 221, 1, 4693, 6.99, '2005-07-08 11:07:36', '2006-02-15 22:14:20');
insert into sakila.payment (payment_id, customer_id, staff_id, rental_id, amount, payment_date, last_update) values (6006, 222, 2, 809, 3.99, '2005-05-29 19:10:20', '2006-02-15 22:14:21');
insert into sakila.payment (payment_id, customer_id, staff_id, rental_id, amount, payment_date, last_update) values (6048, 224, 2, 6999, 2.99, '2005-07-27 01:21:19', '2006-02-15 22:14:22');
insert into sakila.payment (payment_id, customer_id, staff_id, rental_id, amount, payment_date, last_update) values (6071, 225, 1, 6159, 2.99, '2005-07-11 09:55:34', '2006-02-15 22:14:24');
insert into sakila.payment (payment_id, customer_id, staff_id, rental_id, amount, payment_date, last_update) values (6081, 225, 2, 9993, 2.99, '2005-07-31 17:30:20', '2006-02-15 22:14:25');
insert into sakila.payment (payment_id, customer_id, staff_id, rental_id, amount, payment_date, last_update) values (6093, 226, 1, 5282, 2.99, '2005-07-09 15:01:23', '2006-02-15 22:14:25');
insert into sakila.payment (payment_id, customer_id, staff_id, rental_id, amount, payment_date, last_update) values (6109, 226, 1, 16033, 5.99, '2005-08-23 22:06:15', '2006-02-15 22:14:26');
insert into sakila.payment (payment_id, customer_id, staff_id, rental_id, amount, payment_date, last_update) values (6123, 227, 1, 8234, 0.99, '2005-07-29 00:19:20', '2006-02-15 22:14:26');
insert into sakila.payment (payment_id, customer_id, staff_id, rental_id, amount, payment_date, last_update) values (6128, 227, 2, 10999, 3.99, '2005-08-02 04:53:13', '2006-02-15 22:14:26');
insert into sakila.payment (payment_id, customer_id, staff_id, rental_id, amount, payment_date, last_update) values (6204, 230, 2, 8653, 0.99, '2005-07-29 15:04:23', '2006-02-15 22:14:30');
insert into sakila.payment (payment_id, customer_id, staff_id, rental_id, amount, payment_date, last_update) values (6213, 230, 1, 12079, 1.99, '2005-08-17 22:04:17', '2006-02-15 22:14:30');
insert into sakila.payment (payment_id, customer_id, staff_id, rental_id, amount, payment_date, last_update) values (6234, 231, 2, 11113, 2.99, '2005-08-02 08:26:24', '2006-02-15 22:14:31');
insert into sakila.payment (payment_id, customer_id, staff_id, rental_id, amount, payment_date, last_update) values (6241, 231, 1, 14026, 0.99, '2005-08-20 21:21:08', '2006-02-15 22:14:32');
insert into sakila.payment (payment_id, customer_id, staff_id, rental_id, amount, payment_date, last_update) values (6290, 233, 2, 15285, 2.99, '2005-08-22 19:17:24', '2006-02-15 22:14:34');
insert into sakila.payment (payment_id, customer_id, staff_id, rental_id, amount, payment_date, last_update) values (6295, 234, 2, 1645, 0.99, '2005-06-16 09:10:06', '2006-02-15 22:14:34');
insert into sakila.payment (payment_id, customer_id, staff_id, rental_id, amount, payment_date, last_update) values (6327, 235, 1, 5790, 4.99, '2005-07-10 14:15:21', '2006-02-15 22:14:35');
insert into sakila.payment (payment_id, customer_id, staff_id, rental_id, amount, payment_date, last_update) values (6360, 236, 1, 5545, 3.99, '2005-07-10 02:50:29', '2006-02-15 22:14:36');
insert into sakila.payment (payment_id, customer_id, staff_id, rental_id, amount, payment_date, last_update) values (6407, 237, 2, 10058, 2.99, '2005-07-31 19:20:21', '2006-02-15 22:14:38');
insert into sakila.payment (payment_id, customer_id, staff_id, rental_id, amount, payment_date, last_update) values (6422, 238, 1, 1660, 4.99, '2005-06-16 10:12:55', '2006-02-15 22:14:38');
insert into sakila.payment (payment_id, customer_id, staff_id, rental_id, amount, payment_date, last_update) values (6478, 240, 1, 2264, 4.99, '2005-06-18 05:58:45', '2006-02-15 22:14:40');
insert into sakila.payment (payment_id, customer_id, staff_id, rental_id, amount, payment_date, last_update) values (6529, 241, 2, 14485, 2.99, '2005-08-21 13:52:07', '2006-02-15 22:14:42');
insert into sakila.payment (payment_id, customer_id, staff_id, rental_id, amount, payment_date, last_update) values (6547, 242, 2, 5666, 5.99, '2005-07-10 08:10:29', '2006-02-15 22:14:42');
insert into sakila.payment (payment_id, customer_id, staff_id, rental_id, amount, payment_date, last_update) values (6559, 242, 2, 12724, 7.99, '2005-08-18 21:37:20', '2006-02-15 22:14:43');
insert into sakila.payment (payment_id, customer_id, staff_id, rental_id, amount, payment_date, last_update) values (6616, 244, 1, 13928, 0.99, '2005-08-20 17:12:28', '2006-02-15 22:14:45');
insert into sakila.payment (payment_id, customer_id, staff_id, rental_id, amount, payment_date, last_update) values (6618, 244, 2, 14657, 0.99, '2005-08-21 19:39:43', '2006-02-15 22:14:45');
insert into sakila.payment (payment_id, customer_id, staff_id, rental_id, amount, payment_date, last_update) values (6623, 245, 1, 241, 0.99, '2005-05-26 12:49:01', '2006-02-15 22:14:45');
insert into sakila.payment (payment_id, customer_id, staff_id, rental_id, amount, payment_date, last_update) values (6668, 246, 1, 6688, 4.99, '2005-07-12 12:22:12', '2006-02-15 22:14:46');
insert into sakila.payment (payment_id, customer_id, staff_id, rental_id, amount, payment_date, last_update) values (6672, 246, 2, 13418, 5.99, '2005-08-19 22:53:56', '2006-02-15 22:14:47');
insert into sakila.payment (payment_id, customer_id, staff_id, rental_id, amount, payment_date, last_update) values (6691, 247, 2, 11306, 2.99, '2005-08-02 15:45:10', '2006-02-15 22:14:47');
insert into sakila.payment (payment_id, customer_id, staff_id, rental_id, amount, payment_date, last_update) values (6701, 248, 1, 2066, 3.99, '2005-06-17 16:07:08', '2006-02-15 22:14:48');
insert into sakila.payment (payment_id, customer_id, staff_id, rental_id, amount, payment_date, last_update) values (6709, 248, 2, 10418, 4.99, '2005-08-01 08:11:07', '2006-02-15 22:14:48');
insert into sakila.payment (payment_id, customer_id, staff_id, rental_id, amount, payment_date, last_update) values (6719, 249, 1, 1473, 5.99, '2005-06-15 20:55:20', '2006-02-15 22:14:48');
insert into sakila.payment (payment_id, customer_id, staff_id, rental_id, amount, payment_date, last_update) values (6754, 250, 1, 14587, 5.99, '2005-08-21 17:20:55', '2006-02-15 22:14:49');
insert into sakila.payment (payment_id, customer_id, staff_id, rental_id, amount, payment_date, last_update) values (6799, 252, 2, 7168, 0.99, '2005-07-27 07:51:11', '2006-02-15 22:14:51');
insert into sakila.payment (payment_id, customer_id, staff_id, rental_id, amount, payment_date, last_update) values (6840, 254, 1, 1108, 5.99, '2005-05-31 15:05:12', '2006-02-15 22:14:52');
insert into sakila.payment (payment_id, customer_id, staff_id, rental_id, amount, payment_date, last_update) values (6858, 254, 2, 9494, 1.99, '2005-07-30 23:52:46', '2006-02-15 22:14:53');
insert into sakila.payment (payment_id, customer_id, staff_id, rental_id, amount, payment_date, last_update) values (6895, 256, 2, 1965, 0.99, '2005-06-17 09:17:39', '2006-02-15 22:14:54');
insert into sakila.payment (payment_id, customer_id, staff_id, rental_id, amount, payment_date, last_update) values (6928, 257, 1, 6422, 5.99, '2005-07-11 23:46:19', '2006-02-15 22:14:55');
insert into sakila.payment (payment_id, customer_id, staff_id, rental_id, amount, payment_date, last_update) values (6976, 258, 1, 13491, 4.99, '2005-08-20 01:30:56', '2006-02-15 22:14:57');
insert into sakila.payment (payment_id, customer_id, staff_id, rental_id, amount, payment_date, last_update) values (6981, 259, 2, 901, 2.99, '2005-05-30 09:40:40', '2006-02-15 22:14:57');
insert into sakila.payment (payment_id, customer_id, staff_id, rental_id, amount, payment_date, last_update) values (7134, 264, 1, 6340, 8.99, '2005-07-11 19:46:05', '2006-02-15 22:15:03');
insert into sakila.payment (payment_id, customer_id, staff_id, rental_id, amount, payment_date, last_update) values (7142, 264, 1, 9932, 5.99, '2005-07-31 15:19:48', '2006-02-15 22:15:03');
insert into sakila.payment (payment_id, customer_id, staff_id, rental_id, amount, payment_date, last_update) values (7156, 265, 1, 3823, 2.99, '2005-07-06 15:41:27', '2006-02-15 22:15:03');
insert into sakila.payment (payment_id, customer_id, staff_id, rental_id, amount, payment_date, last_update) values (7162, 265, 1, 6068, 4.99, '2005-07-11 04:41:09', '2006-02-15 22:15:04');
insert into sakila.payment (payment_id, customer_id, staff_id, rental_id, amount, payment_date, last_update) values (7167, 265, 1, 7704, 2.99, '2005-07-28 04:02:13', '2006-02-15 22:15:04');
insert into sakila.payment (payment_id, customer_id, staff_id, rental_id, amount, payment_date, last_update) values (7197, 266, 1, 11726, 0.99, '2005-08-17 08:11:10', '2006-02-15 22:15:05');
insert into sakila.payment (payment_id, customer_id, staff_id, rental_id, amount, payment_date, last_update) values (7215, 267, 2, 2578, 7.99, '2005-06-19 04:40:06', '2006-02-15 22:15:05');
insert into sakila.payment (payment_id, customer_id, staff_id, rental_id, amount, payment_date, last_update) values (7227, 267, 2, 9059, 3.99, '2005-07-30 07:18:44', '2006-02-15 22:15:06');
insert into sakila.payment (payment_id, customer_id, staff_id, rental_id, amount, payment_date, last_update) values (7262, 268, 2, 9436, 7.99, '2005-07-30 21:33:01', '2006-02-15 22:15:07');
insert into sakila.payment (payment_id, customer_id, staff_id, rental_id, amount, payment_date, last_update) values (7277, 269, 2, 703, 0.99, '2005-05-29 02:29:36', '2006-02-15 22:15:08');
insert into sakila.payment (payment_id, customer_id, staff_id, rental_id, amount, payment_date, last_update) values (7301, 269, 2, 15788, 2.99, '2005-08-23 13:54:39', '2006-02-15 22:15:09');
insert into sakila.payment (payment_id, customer_id, staff_id, rental_id, amount, payment_date, last_update) values (7344, 271, 2, 14234, 0.99, '2005-08-21 05:07:12', '2006-02-15 22:15:10');
insert into sakila.payment (payment_id, customer_id, staff_id, rental_id, amount, payment_date, last_update) values (7360, 272, 1, 10736, 2.99, '2005-08-01 19:30:21', '2006-02-15 22:15:11');
insert into sakila.payment (payment_id, customer_id, staff_id, rental_id, amount, payment_date, last_update) values (7389, 273, 1, 10272, 8.99, '2005-08-01 03:14:34', '2006-02-15 22:15:12');
insert into sakila.payment (payment_id, customer_id, staff_id, rental_id, amount, payment_date, last_update) values (7444, 275, 2, 4912, 9.99, '2005-07-08 21:26:11', '2006-02-15 22:15:14');
insert into sakila.payment (payment_id, customer_id, staff_id, rental_id, amount, payment_date, last_update) values (7452, 275, 2, 11309, 1.99, '2005-08-02 15:50:55', '2006-02-15 22:15:15');
insert into sakila.payment (payment_id, customer_id, staff_id, rental_id, amount, payment_date, last_update) values (7487, 276, 2, 11961, 3.99, '2005-08-17 17:28:01', '2006-02-15 22:15:16');
insert into sakila.payment (payment_id, customer_id, staff_id, rental_id, amount, payment_date, last_update) values (7494, 276, 2, 15923, 4.99, '2005-08-23 18:08:19', '2006-02-15 22:15:17');
insert into sakila.payment (payment_id, customer_id, staff_id, rental_id, amount, payment_date, last_update) values (7504, 277, 2, 3897, 2.99, '2005-07-06 19:11:43', '2006-02-15 22:15:17');
insert into sakila.payment (payment_id, customer_id, staff_id, rental_id, amount, payment_date, last_update) values (7511, 277, 2, 7423, 4.99, '2005-07-27 17:11:47', '2006-02-15 22:15:17');
insert into sakila.payment (payment_id, customer_id, staff_id, rental_id, amount, payment_date, last_update) values (7515, 277, 2, 11074, 3.99, '2005-08-02 07:21:43', '2006-02-15 22:15:17');
insert into sakila.payment (payment_id, customer_id, staff_id, rental_id, amount, payment_date, last_update) values (7532, 278, 1, 3776, 2.99, '2005-07-06 13:31:37', '2006-02-15 22:15:18');
insert into sakila.payment (payment_id, customer_id, staff_id, rental_id, amount, payment_date, last_update) values (7550, 278, 2, 14803, 0.99, '2005-08-22 00:49:10', '2006-02-15 22:15:19');
insert into sakila.payment (payment_id, customer_id, staff_id, rental_id, amount, payment_date, last_update) values (7565, 279, 1, 7947, 2.99, '2005-07-28 13:05:50', '2006-02-15 22:15:19');
insert into sakila.payment (payment_id, customer_id, staff_id, rental_id, amount, payment_date, last_update) values (7569, 279, 2, 11250, 6.99, '2005-08-02 13:35:42', '2006-02-15 22:15:19');
insert into sakila.payment (payment_id, customer_id, staff_id, rental_id, amount, payment_date, last_update) values (7571, 279, 1, 11703, 4.99, '2005-08-17 07:19:29', '2006-02-15 22:15:19');
insert into sakila.payment (payment_id, customer_id, staff_id, rental_id, amount, payment_date, last_update) values (7578, 279, 1, 14714, 3.99, '2005-08-21 21:27:43', '2006-02-15 22:15:20');
insert into sakila.payment (payment_id, customer_id, staff_id, rental_id, amount, payment_date, last_update) values (7591, 280, 2, 7901, 0.99, '2005-07-28 11:12:12', '2006-02-15 22:15:20');
insert into sakila.payment (payment_id, customer_id, staff_id, rental_id, amount, payment_date, last_update) values (7611, 281, 2, 650, 2.99, '2005-05-28 19:45:40', '2006-02-15 22:15:22');
insert into sakila.payment (payment_id, customer_id, staff_id, rental_id, amount, payment_date, last_update) values (7618, 281, 2, 6825, 0.99, '2005-07-12 18:28:12', '2006-02-15 22:15:22');
insert into sakila.payment (payment_id, customer_id, staff_id, rental_id, amount, payment_date, last_update) values (7626, 282, 2, 282, 6.99, '2005-05-26 18:56:26', '2006-02-15 22:15:22');
insert into sakila.payment (payment_id, customer_id, staff_id, rental_id, amount, payment_date, last_update) values (7646, 282, 2, 9658, 9.99, '2005-07-31 06:00:52', '2006-02-15 22:15:23');
insert into sakila.payment (payment_id, customer_id, staff_id, rental_id, amount, payment_date, last_update) values (7674, 283, 1, 11637, 0.99, '2005-08-17 04:36:39', '2006-02-15 22:15:24');
insert into sakila.payment (payment_id, customer_id, staff_id, rental_id, amount, payment_date, last_update) values (7679, 283, 1, 15837, 2.99, '2005-08-23 15:29:41', '2006-02-15 22:15:24');
insert into sakila.payment (payment_id, customer_id, staff_id, rental_id, amount, payment_date, last_update) values (7684, 284, 2, 2813, 6.99, '2005-06-19 20:01:47', '2006-02-15 22:15:24');
insert into sakila.payment (payment_id, customer_id, staff_id, rental_id, amount, payment_date, last_update) values (7699, 284, 1, 10535, 4.99, '2005-08-01 12:21:13', '2006-02-15 22:15:25');
insert into sakila.payment (payment_id, customer_id, staff_id, rental_id, amount, payment_date, last_update) values (7708, 285, 2, 1161, 7.99, '2005-06-14 23:07:08', '2006-02-15 22:15:25');
insert into sakila.payment (payment_id, customer_id, staff_id, rental_id, amount, payment_date, last_update) values (7710, 285, 1, 2249, 5.99, '2005-06-18 05:03:08', '2006-02-15 22:15:25');
insert into sakila.payment (payment_id, customer_id, staff_id, rental_id, amount, payment_date, last_update) values (7724, 285, 1, 10493, 5.99, '2005-08-01 10:43:12', '2006-02-15 22:15:26');
insert into sakila.payment (payment_id, customer_id, staff_id, rental_id, amount, payment_date, last_update) values (7754, 286, 2, 11670, 0.99, '2005-08-17 05:48:59', '2006-02-15 22:15:27');
insert into sakila.payment (payment_id, customer_id, staff_id, rental_id, amount, payment_date, last_update) values (7767, 287, 2, 2612, 6.99, '2005-06-19 07:19:41', '2006-02-15 22:15:27');
insert into sakila.payment (payment_id, customer_id, staff_id, rental_id, amount, payment_date, last_update) values (7819, 289, 2, 3123, 6.99, '2005-06-20 18:26:14', '2006-02-15 22:15:29');
insert into sakila.payment (payment_id, customer_id, staff_id, rental_id, amount, payment_date, last_update) values (7834, 289, 1, 12170, 0.99, '2005-08-18 01:06:10', '2006-02-15 22:15:30');
insert into sakila.payment (payment_id, customer_id, staff_id, rental_id, amount, payment_date, last_update) values (7846, 290, 2, 1336, 8.99, '2005-06-15 12:01:34', '2006-02-15 22:15:31');
insert into sakila.payment (payment_id, customer_id, staff_id, rental_id, amount, payment_date, last_update) values (7851, 290, 1, 4073, 0.99, '2005-07-07 04:49:13', '2006-02-15 22:15:31');
insert into sakila.payment (payment_id, customer_id, staff_id, rental_id, amount, payment_date, last_update) values (7854, 290, 2, 5214, 5.99, '2005-07-09 11:43:08', '2006-02-15 22:15:31');
insert into sakila.payment (payment_id, customer_id, staff_id, rental_id, amount, payment_date, last_update) values (7888, 291, 2, 9201, 5.99, '2005-07-30 12:42:21', '2006-02-15 22:15:32');
insert into sakila.payment (payment_id, customer_id, staff_id, rental_id, amount, payment_date, last_update) values (7892, 291, 1, 13665, 5.99, '2005-08-20 08:19:20', '2006-02-15 22:15:32');
insert into sakila.payment (payment_id, customer_id, staff_id, rental_id, amount, payment_date, last_update) values (7896, 292, 1, 1901, 3.99, '2005-06-17 04:35:19', '2006-02-15 22:15:32');
insert into sakila.payment (payment_id, customer_id, staff_id, rental_id, amount, payment_date, last_update) values (7906, 292, 1, 6900, 6.99, '2005-07-12 21:45:25', '2006-02-15 22:15:33');
insert into sakila.payment (payment_id, customer_id, staff_id, rental_id, amount, payment_date, last_update) values (7921, 292, 1, 15117, 2.99, '2005-08-22 12:38:20', '2006-02-15 22:15:33');
insert into sakila.payment (payment_id, customer_id, staff_id, rental_id, amount, payment_date, last_update) values (7963, 294, 2, 9194, 2.99, '2005-07-30 12:28:45', '2006-02-15 22:15:35');
insert into sakila.payment (payment_id, customer_id, staff_id, rental_id, amount, payment_date, last_update) values (7995, 295, 2, 5283, 2.99, '2005-07-09 15:07:17', '2006-02-15 22:15:36');
insert into sakila.payment (payment_id, customer_id, staff_id, rental_id, amount, payment_date, last_update) values (8020, 296, 2, 956, 2.99, '2005-05-30 17:30:28', '2006-02-15 22:15:37');
insert into sakila.payment (payment_id, customer_id, staff_id, rental_id, amount, payment_date, last_update) values (8034, 296, 1, 9249, 5.99, '2005-07-30 14:15:02', '2006-02-15 22:15:38');
insert into sakila.payment (payment_id, customer_id, staff_id, rental_id, amount, payment_date, last_update) values (8084, 298, 2, 3400, 4.99, '2005-06-21 15:50:30', '2006-02-15 22:15:40');
insert into sakila.payment (payment_id, customer_id, staff_id, rental_id, amount, payment_date, last_update) values (8099, 298, 1, 12765, 8.99, '2005-08-18 23:21:50', '2006-02-15 22:15:40');
insert into sakila.payment (payment_id, customer_id, staff_id, rental_id, amount, payment_date, last_update) values (8117, 299, 1, 4350, 2.99, '2005-07-07 19:02:41', '2006-02-15 22:15:41');
insert into sakila.payment (payment_id, customer_id, staff_id, rental_id, amount, payment_date, last_update) values (8183, 301, 1, 10883, 0.99, '2005-08-02 00:47:19', '2006-02-15 22:15:44');
insert into sakila.payment (payment_id, customer_id, staff_id, rental_id, amount, payment_date, last_update) values (8195, 302, 2, 5821, 4.99, '2005-07-10 16:07:16', '2006-02-15 22:15:44');
insert into sakila.payment (payment_id, customer_id, staff_id, rental_id, amount, payment_date, last_update) values (8209, 302, 1, 12903, 2.99, '2005-08-19 04:09:38', '2006-02-15 22:15:45');
insert into sakila.payment (payment_id, customer_id, staff_id, rental_id, amount, payment_date, last_update) values (8231, 303, 2, 8734, 6.99, '2005-07-29 18:28:15', '2006-02-15 22:15:46');
insert into sakila.payment (payment_id, customer_id, staff_id, rental_id, amount, payment_date, last_update) values (8241, 303, 2, 14795, 4.99, '2005-08-22 00:40:22', '2006-02-15 22:15:46');
insert into sakila.payment (payment_id, customer_id, staff_id, rental_id, amount, payment_date, last_update) values (8247, 304, 2, 1525, 4.99, '2005-06-16 00:26:07', '2006-02-15 22:15:46');
insert into sakila.payment (payment_id, customer_id, staff_id, rental_id, amount, payment_date, last_update) values (8256, 304, 2, 6107, 0.99, '2005-07-11 07:07:09', '2006-02-15 22:15:47');
insert into sakila.payment (payment_id, customer_id, staff_id, rental_id, amount, payment_date, last_update) values (8313, 306, 2, 10893, 5.99, '2005-08-02 01:12:13', '2006-02-15 22:15:49');
insert into sakila.payment (payment_id, customer_id, staff_id, rental_id, amount, payment_date, last_update) values (8320, 306, 1, 13686, 4.99, '2005-08-20 08:57:28', '2006-02-15 22:15:49');
insert into sakila.payment (payment_id, customer_id, staff_id, rental_id, amount, payment_date, last_update) values (8342, 307, 1, 6256, 0.99, '2005-07-11 15:19:22', '2006-02-15 22:15:50');
insert into sakila.payment (payment_id, customer_id, staff_id, rental_id, amount, payment_date, last_update) values (8371, 308, 1, 11765, 2.99, '2005-08-17 09:55:28', '2006-02-15 22:15:51');
insert into sakila.payment (payment_id, customer_id, staff_id, rental_id, amount, payment_date, last_update) values (8406, 309, 2, 11964, 6.99, '2005-08-17 17:37:03', '2006-02-15 22:15:53');
insert into sakila.payment (payment_id, customer_id, staff_id, rental_id, amount, payment_date, last_update) values (8431, 310, 1, 14972, 5.99, '2005-08-22 06:53:21', '2006-02-15 22:15:54');
insert into sakila.payment (payment_id, customer_id, staff_id, rental_id, amount, payment_date, last_update) values (8434, 311, 1, 952, 2.99, '2005-05-30 16:28:07', '2006-02-15 22:15:54');
insert into sakila.payment (payment_id, customer_id, staff_id, rental_id, amount, payment_date, last_update) values (8479, 312, 1, 15100, 4.99, '2005-08-22 11:55:03', '2006-02-15 22:15:56');
insert into sakila.payment (payment_id, customer_id, staff_id, rental_id, amount, payment_date, last_update) values (8531, 314, 2, 14145, 4.99, '2005-08-21 02:11:38', '2006-02-15 22:15:58');
insert into sakila.payment (payment_id, customer_id, staff_id, rental_id, amount, payment_date, last_update) values (8570, 316, 2, 7586, 2.99, '2005-07-27 23:19:29', '2006-02-15 22:15:59');
insert into sakila.payment (payment_id, customer_id, staff_id, rental_id, amount, payment_date, last_update) values (8577, 316, 1, 12028, 0.99, '2005-08-17 20:03:47', '2006-02-15 22:16:00');
insert into sakila.payment (payment_id, customer_id, staff_id, rental_id, amount, payment_date, last_update) values (8650, 319, 1, 13548, 3.99, '2005-08-20 03:53:20', '2006-02-15 22:16:03');
insert into sakila.payment (payment_id, customer_id, staff_id, rental_id, amount, payment_date, last_update) values (8703, 322, 2, 3413, 8.99, '2005-06-21 16:57:07', '2006-02-15 22:16:05');
insert into sakila.payment (payment_id, customer_id, staff_id, rental_id, amount, payment_date, last_update) values (8704, 322, 1, 3478, 0.99, '2005-07-05 23:05:44', '2006-02-15 22:16:05');
insert into sakila.payment (payment_id, customer_id, staff_id, rental_id, amount, payment_date, last_update) values (8734, 323, 2, 7146, 7.99, '2005-07-27 07:02:30', '2006-02-15 22:16:06');
insert into sakila.payment (payment_id, customer_id, staff_id, rental_id, amount, payment_date, last_update) values (8745, 323, 1, 10994, 3.99, '2005-08-02 04:46:53', '2006-02-15 22:16:07');
insert into sakila.payment (payment_id, customer_id, staff_id, rental_id, amount, payment_date, last_update) values (8746, 323, 2, 11548, 0.99, '2005-08-17 00:59:47', '2006-02-15 22:16:07');
insert into sakila.payment (payment_id, customer_id, staff_id, rental_id, amount, payment_date, last_update) values (8761, 324, 1, 5778, 0.99, '2005-07-10 13:41:37', '2006-02-15 22:16:07');
insert into sakila.payment (payment_id, customer_id, staff_id, rental_id, amount, payment_date, last_update) values (8792, 325, 1, 10070, 4.99, '2005-07-31 19:46:29', '2006-02-15 22:16:09');
insert into sakila.payment (payment_id, customer_id, staff_id, rental_id, amount, payment_date, last_update) values (8816, 326, 2, 8739, 2.99, '2005-07-29 18:34:33', '2006-02-15 22:16:10');
insert into sakila.payment (payment_id, customer_id, staff_id, rental_id, amount, payment_date, last_update) values (8819, 326, 2, 10173, 4.99, '2005-07-31 23:36:59', '2006-02-15 22:16:10');
insert into sakila.payment (payment_id, customer_id, staff_id, rental_id, amount, payment_date, last_update) values (8826, 327, 1, 653, 6.99, '2005-05-28 20:12:20', '2006-02-15 22:16:10');
insert into sakila.payment (payment_id, customer_id, staff_id, rental_id, amount, payment_date, last_update) values (8855, 328, 2, 2243, 5.99, '2005-06-18 04:33:03', '2006-02-15 22:16:11');
insert into sakila.payment (payment_id, customer_id, staff_id, rental_id, amount, payment_date, last_update) values (8904, 329, 1, 14900, 4.99, '2005-08-22 04:27:48', '2006-02-15 22:16:13');
insert into sakila.payment (payment_id, customer_id, staff_id, rental_id, amount, payment_date, last_update) values (8975, 332, 1, 9388, 5.99, '2005-07-30 19:27:22', '2006-02-15 22:16:17');
insert into sakila.payment (payment_id, customer_id, staff_id, rental_id, amount, payment_date, last_update) values (8984, 332, 2, 14783, 4.99, '2005-08-22 00:21:57', '2006-02-15 22:16:17');
insert into sakila.payment (payment_id, customer_id, staff_id, rental_id, amount, payment_date, last_update) values (9014, 334, 1, 13, 6.99, '2005-05-25 00:22:55', '2006-02-15 22:16:18');
insert into sakila.payment (payment_id, customer_id, staff_id, rental_id, amount, payment_date, last_update) values (9054, 335, 1, 6906, 0.99, '2005-07-12 22:03:02', '2006-02-15 22:16:20');
insert into sakila.payment (payment_id, customer_id, staff_id, rental_id, amount, payment_date, last_update) values (9056, 335, 1, 8855, 2.99, '2005-07-29 23:40:10', '2006-02-15 22:16:20');
insert into sakila.payment (payment_id, customer_id, staff_id, rental_id, amount, payment_date, last_update) values (9076, 336, 1, 4595, 2.99, '2005-07-08 06:40:25', '2006-02-15 22:16:21');
insert into sakila.payment (payment_id, customer_id, staff_id, rental_id, amount, payment_date, last_update) values (9084, 336, 2, 8951, 8.99, '2005-07-30 03:18:24', '2006-02-15 22:16:22');
insert into sakila.payment (payment_id, customer_id, staff_id, rental_id, amount, payment_date, last_update) values (9176, 339, 2, 11582, 3.99, '2005-08-17 02:03:49', '2006-02-15 22:16:27');
insert into sakila.payment (payment_id, customer_id, staff_id, rental_id, amount, payment_date, last_update) values (9201, 340, 1, 10292, 2.99, '2005-08-01 03:42:40', '2006-02-15 22:16:28');
insert into sakila.payment (payment_id, customer_id, staff_id, rental_id, amount, payment_date, last_update) values (9205, 340, 1, 10995, 0.99, '2005-08-02 04:48:00', '2006-02-15 22:16:28');
insert into sakila.payment (payment_id, customer_id, staff_id, rental_id, amount, payment_date, last_update) values (9208, 340, 2, 12940, 2.99, '2005-08-19 05:38:29', '2006-02-15 22:16:29');
insert into sakila.payment (payment_id, customer_id, staff_id, rental_id, amount, payment_date, last_update) values (9216, 341, 2, 1520, 7.99, '2005-06-15 23:57:20', '2006-02-15 22:16:29');
insert into sakila.payment (payment_id, customer_id, staff_id, rental_id, amount, payment_date, last_update) values (9230, 341, 1, 11305, 6.99, '2005-08-02 15:44:55', '2006-02-15 22:16:30');
insert into sakila.payment (payment_id, customer_id, staff_id, rental_id, amount, payment_date, last_update) values (9248, 342, 1, 9164, 2.99, '2005-07-30 11:24:14', '2006-02-15 22:16:31');
insert into sakila.payment (payment_id, customer_id, staff_id, rental_id, amount, payment_date, last_update) values (9252, 342, 2, 9956, 4.99, '2005-07-31 16:03:47', '2006-02-15 22:16:32');
insert into sakila.payment (payment_id, customer_id, staff_id, rental_id, amount, payment_date, last_update) values (9259, 342, 1, 12522, 2.99, '2005-08-18 13:45:40', '2006-02-15 22:16:32');
insert into sakila.payment (payment_id, customer_id, staff_id, rental_id, amount, payment_date, last_update) values (9300, 344, 2, 4028, 5.99, '2005-07-07 02:19:14', '2006-02-15 22:16:34');
insert into sakila.payment (payment_id, customer_id, staff_id, rental_id, amount, payment_date, last_update) values (9311, 344, 2, 14624, 0.99, '2005-08-21 18:32:42', '2006-02-15 22:16:34');
insert into sakila.payment (payment_id, customer_id, staff_id, rental_id, amount, payment_date, last_update) values (9315, 345, 2, 1210, 0.99, '2005-06-15 02:57:51', '2006-02-15 22:16:34');
insert into sakila.payment (payment_id, customer_id, staff_id, rental_id, amount, payment_date, last_update) values (9318, 345, 2, 2766, 4.99, '2005-06-19 17:45:15', '2006-02-15 22:16:35');
insert into sakila.payment (payment_id, customer_id, staff_id, rental_id, amount, payment_date, last_update) values (9359, 346, 2, 11062, 4.99, '2005-08-02 06:52:54', '2006-02-15 22:16:36');
insert into sakila.payment (payment_id, customer_id, staff_id, rental_id, amount, payment_date, last_update) values (9366, 346, 2, 15825, 5.99, '2005-08-23 15:10:42', '2006-02-15 22:16:37');
insert into sakila.payment (payment_id, customer_id, staff_id, rental_id, amount, payment_date, last_update) values (9378, 347, 1, 5819, 2.99, '2005-07-10 15:56:20', '2006-02-15 22:16:37');
insert into sakila.payment (payment_id, customer_id, staff_id, rental_id, amount, payment_date, last_update) values (9429, 348, 1, 13962, 1.99, '2005-08-20 18:18:06', '2006-02-15 22:16:40');
insert into sakila.payment (payment_id, customer_id, staff_id, rental_id, amount, payment_date, last_update) values (9441, 349, 2, 4494, 5.99, '2005-07-08 01:42:45', '2006-02-15 22:16:40');
insert into sakila.payment (payment_id, customer_id, staff_id, rental_id, amount, payment_date, last_update) values (9449, 349, 1, 9670, 5.99, '2005-07-31 06:33:33', '2006-02-15 22:16:40');
insert into sakila.payment (payment_id, customer_id, staff_id, rental_id, amount, payment_date, last_update) values (9456, 349, 2, 13636, 4.99, '2005-08-20 07:20:09', '2006-02-15 22:16:41');
insert into sakila.payment (payment_id, customer_id, staff_id, rental_id, amount, payment_date, last_update) values (9481, 350, 2, 12252, 6.99, '2005-08-18 03:59:51', '2006-02-15 22:16:42');
insert into sakila.payment (payment_id, customer_id, staff_id, rental_id, amount, payment_date, last_update) values (9487, 351, 2, 1792, 5.99, '2005-06-16 20:04:50', '2006-02-15 22:16:42');
insert into sakila.payment (payment_id, customer_id, staff_id, rental_id, amount, payment_date, last_update) values (9514, 352, 1, 1780, 4.99, '2005-06-16 19:11:45', '2006-02-15 22:16:43');
insert into sakila.payment (payment_id, customer_id, staff_id, rental_id, amount, payment_date, last_update) values (9516, 352, 2, 4116, 4.99, '2005-07-07 06:56:13', '2006-02-15 22:16:44');
insert into sakila.payment (payment_id, customer_id, staff_id, rental_id, amount, payment_date, last_update) values (9539, 353, 1, 6610, 3.99, '2005-07-12 08:20:02', '2006-02-15 22:16:45');
insert into sakila.payment (payment_id, customer_id, staff_id, rental_id, amount, payment_date, last_update) values (9558, 354, 2, 3821, 2.99, '2005-07-06 15:36:20', '2006-02-15 22:16:45');
insert into sakila.payment (payment_id, customer_id, staff_id, rental_id, amount, payment_date, last_update) values (9653, 357, 2, 8041, 2.99, '2005-07-28 16:39:56', '2006-02-15 22:16:50');
insert into sakila.payment (payment_id, customer_id, staff_id, rental_id, amount, payment_date, last_update) values (9660, 357, 2, 11065, 2.99, '2005-08-02 06:57:55', '2006-02-15 22:16:50');
insert into sakila.payment (payment_id, customer_id, staff_id, rental_id, amount, payment_date, last_update) values (9686, 359, 1, 528, 3.99, '2005-05-28 04:30:05', '2006-02-15 22:16:51');
insert into sakila.payment (payment_id, customer_id, staff_id, rental_id, amount, payment_date, last_update) values (9707, 359, 1, 15453, 1.99, '2005-08-23 01:01:01', '2006-02-15 22:16:52');
insert into sakila.payment (payment_id, customer_id, staff_id, rental_id, amount, payment_date, last_update) values (9713, 360, 2, 2541, 3.99, '2005-06-19 02:08:10', '2006-02-15 22:16:53');
insert into sakila.payment (payment_id, customer_id, staff_id, rental_id, amount, payment_date, last_update) values (9724, 360, 1, 7654, 4.99, '2005-07-28 02:00:14', '2006-02-15 22:16:53');
insert into sakila.payment (payment_id, customer_id, staff_id, rental_id, amount, payment_date, last_update) values (9733, 360, 2, 11264, 6.99, '2005-08-02 14:05:18', '2006-02-15 22:16:54');
insert into sakila.payment (payment_id, customer_id, staff_id, rental_id, amount, payment_date, last_update) values (9804, 362, 1, 14808, 4.99, '2005-08-22 00:58:35', '2006-02-15 22:16:57');
insert into sakila.payment (payment_id, customer_id, staff_id, rental_id, amount, payment_date, last_update) values (9850, 364, 2, 11932, 4.99, '2005-08-17 16:36:12', '2006-02-15 22:16:59');
insert into sakila.payment (payment_id, customer_id, staff_id, rental_id, amount, payment_date, last_update) values (9868, 365, 2, 7634, 4.99, '2005-07-28 01:07:01', '2006-02-15 22:17:00');
insert into sakila.payment (payment_id, customer_id, staff_id, rental_id, amount, payment_date, last_update) values (9878, 365, 1, 12804, 8.99, '2005-08-19 00:33:15', '2006-02-15 22:17:01');
insert into sakila.payment (payment_id, customer_id, staff_id, rental_id, amount, payment_date, last_update) values (9915, 366, 1, 14906, 6.99, '2005-08-22 04:38:18', '2006-02-15 22:17:03');
insert into sakila.payment (payment_id, customer_id, staff_id, rental_id, amount, payment_date, last_update) values (9992, 369, 1, 10299, 0.99, '2005-08-01 04:08:04', '2006-02-15 22:17:06');
insert into sakila.payment (payment_id, customer_id, staff_id, rental_id, amount, payment_date, last_update) values (9996, 369, 2, 11388, 1.99, '2005-08-02 18:35:55', '2006-02-15 22:17:06');
insert into sakila.payment (payment_id, customer_id, staff_id, rental_id, amount, payment_date, last_update) values (10046, 371, 2, 12584, 7.99, '2005-08-18 15:51:36', '2006-02-15 22:17:09');
insert into sakila.payment (payment_id, customer_id, staff_id, rental_id, amount, payment_date, last_update) values (10048, 371, 2, 13143, 3.99, '2005-08-19 12:44:38', '2006-02-15 22:17:09');
insert into sakila.payment (payment_id, customer_id, staff_id, rental_id, amount, payment_date, last_update) values (10101, 373, 1, 8611, 3.99, '2005-07-29 13:26:21', '2006-02-15 22:17:12');
insert into sakila.payment (payment_id, customer_id, staff_id, rental_id, amount, payment_date, last_update) values (10111, 373, 2, 11663, 3.99, '2005-08-17 05:30:19', '2006-02-15 22:17:12');
insert into sakila.payment (payment_id, customer_id, staff_id, rental_id, amount, payment_date, last_update) values (10117, 373, 2, 13299, 2.99, '2005-08-19 18:46:33', '2006-02-15 22:17:12');
insert into sakila.payment (payment_id, customer_id, staff_id, rental_id, amount, payment_date, last_update) values (10132, 374, 1, 5570, 6.99, '2005-07-10 03:46:47', '2006-02-15 22:17:13');
insert into sakila.payment (payment_id, customer_id, staff_id, rental_id, amount, payment_date, last_update) values (10135, 374, 2, 6315, 0.99, '2005-07-11 18:42:49', '2006-02-15 22:17:13');
insert into sakila.payment (payment_id, customer_id, staff_id, rental_id, amount, payment_date, last_update) values (10136, 374, 2, 7837, 0.99, '2005-07-28 08:58:32', '2006-02-15 22:17:13');
insert into sakila.payment (payment_id, customer_id, staff_id, rental_id, amount, payment_date, last_update) values (10161, 375, 1, 7856, 4.99, '2005-07-28 09:48:24', '2006-02-15 22:17:14');
insert into sakila.payment (payment_id, customer_id, staff_id, rental_id, amount, payment_date, last_update) values (10185, 376, 1, 6524, 6.99, '2005-07-12 04:14:35', '2006-02-15 22:17:16');
insert into sakila.payment (payment_id, customer_id, staff_id, rental_id, amount, payment_date, last_update) values (10201, 376, 1, 15107, 4.99, '2005-08-22 12:05:02', '2006-02-15 22:17:16');
insert into sakila.payment (payment_id, customer_id, staff_id, rental_id, amount, payment_date, last_update) values (10203, 377, 2, 2556, 3.99, '2005-06-19 03:07:32', '2006-02-15 22:17:16');
insert into sakila.payment (payment_id, customer_id, staff_id, rental_id, amount, payment_date, last_update) values (10204, 377, 1, 3080, 1.99, '2005-06-20 15:22:32', '2006-02-15 22:17:17');
insert into sakila.payment (payment_id, customer_id, staff_id, rental_id, amount, payment_date, last_update) values (10205, 377, 2, 3086, 0.99, '2005-06-20 15:42:40', '2006-02-15 22:17:17');
insert into sakila.payment (payment_id, customer_id, staff_id, rental_id, amount, payment_date, last_update) values (10223, 377, 1, 12549, 4.99, '2005-08-18 14:38:07', '2006-02-15 22:17:17');
insert into sakila.payment (payment_id, customer_id, staff_id, rental_id, amount, payment_date, last_update) values (10227, 377, 1, 15995, 0.99, '2005-08-23 20:29:56', '2006-02-15 22:17:18');
insert into sakila.payment (payment_id, customer_id, staff_id, rental_id, amount, payment_date, last_update) values (10230, 378, 2, 1623, 4.99, '2005-06-16 07:48:50', '2006-02-15 22:17:18');
insert into sakila.payment (payment_id, customer_id, staff_id, rental_id, amount, payment_date, last_update) values (10254, 379, 2, 4740, 2.99, '2005-07-08 13:30:35', '2006-02-15 22:17:19');
insert into sakila.payment (payment_id, customer_id, staff_id, rental_id, amount, payment_date, last_update) values (10265, 379, 2, 14152, 2.99, '2005-08-21 02:23:50', '2006-02-15 22:17:19');
insert into sakila.payment (payment_id, customer_id, staff_id, rental_id, amount, payment_date, last_update) values (10271, 380, 1, 847, 3.99, '2005-05-30 01:18:15', '2006-02-15 22:17:20');
insert into sakila.payment (payment_id, customer_id, staff_id, rental_id, amount, payment_date, last_update) values (10306, 380, 2, 15748, 2.99, '2005-08-23 12:33:00', '2006-02-15 22:17:21');
insert into sakila.payment (payment_id, customer_id, staff_id, rental_id, amount, payment_date, last_update) values (10320, 381, 2, 6451, 4.99, '2005-07-12 00:52:19', '2006-02-15 22:17:22');
insert into sakila.payment (payment_id, customer_id, staff_id, rental_id, amount, payment_date, last_update) values (10327, 381, 1, 9822, 2.99, '2005-07-31 11:48:25', '2006-02-15 22:17:22');
insert into sakila.payment (payment_id, customer_id, staff_id, rental_id, amount, payment_date, last_update) values (10347, 382, 1, 2514, 2.99, '2005-06-18 23:56:44', '2006-02-15 22:17:23');
insert into sakila.payment (payment_id, customer_id, staff_id, rental_id, amount, payment_date, last_update) values (10360, 382, 2, 12229, 0.99, '2005-08-18 03:08:23', '2006-02-15 22:17:24');
insert into sakila.payment (payment_id, customer_id, staff_id, rental_id, amount, payment_date, last_update) values (10419, 385, 2, 1038, 4.99, '2005-05-31 05:23:47', '2006-02-15 22:17:27');
insert into sakila.payment (payment_id, customer_id, staff_id, rental_id, amount, payment_date, last_update) values (10448, 386, 1, 2732, 0.99, '2005-06-19 15:19:39', '2006-02-15 22:17:28');
insert into sakila.payment (payment_id, customer_id, staff_id, rental_id, amount, payment_date, last_update) values (10478, 387, 2, 1465, 0.99, '2005-06-15 20:43:08', '2006-02-15 22:17:30');
insert into sakila.payment (payment_id, customer_id, staff_id, rental_id, amount, payment_date, last_update) values (10494, 387, 1, 13082, 5.99, '2005-08-19 10:19:19', '2006-02-15 22:17:31');
insert into sakila.payment (payment_id, customer_id, staff_id, rental_id, amount, payment_date, last_update) values (10499, 388, 2, 21, 4.99, '2005-05-25 01:59:46', '2006-02-15 22:17:31');
insert into sakila.payment (payment_id, customer_id, staff_id, rental_id, amount, payment_date, last_update) values (10500, 388, 2, 411, 4.99, '2005-05-27 14:14:14', '2006-02-15 22:17:31');
insert into sakila.payment (payment_id, customer_id, staff_id, rental_id, amount, payment_date, last_update) values (10570, 390, 1, 7595, 5.99, '2005-07-27 23:32:23', '2006-02-15 22:17:35');
insert into sakila.payment (payment_id, customer_id, staff_id, rental_id, amount, payment_date, last_update) values (10624, 392, 2, 6406, 2.99, '2005-07-11 22:55:27', '2006-02-15 22:17:38');
insert into sakila.payment (payment_id, customer_id, staff_id, rental_id, amount, payment_date, last_update) values (10639, 392, 2, 14369, 0.99, '2005-08-21 09:33:44', '2006-02-15 22:17:39');
insert into sakila.payment (payment_id, customer_id, staff_id, rental_id, amount, payment_date, last_update) values (10659, 393, 2, 9763, 7.99, '2005-07-31 09:34:03', '2006-02-15 22:17:40');
insert into sakila.payment (payment_id, customer_id, staff_id, rental_id, amount, payment_date, last_update) values (10681, 394, 2, 6059, 4.99, '2005-07-11 04:03:54', '2006-02-15 22:17:41');
insert into sakila.payment (payment_id, customer_id, staff_id, rental_id, amount, payment_date, last_update) values (10692, 394, 1, 14605, 0.99, '2005-08-21 17:56:06', '2006-02-15 22:17:41');
insert into sakila.payment (payment_id, customer_id, staff_id, rental_id, amount, payment_date, last_update) values (10708, 395, 1, 14471, 5.99, '2005-08-21 13:10:40', '2006-02-15 22:17:42');
insert into sakila.payment (payment_id, customer_id, staff_id, rental_id, amount, payment_date, last_update) values (10714, 396, 2, 1370, 1.99, '2005-06-15 14:31:05', '2006-02-15 22:17:42');
insert into sakila.payment (payment_id, customer_id, staff_id, rental_id, amount, payment_date, last_update) values (10719, 396, 2, 6335, 2.99, '2005-07-11 19:25:15', '2006-02-15 22:17:43');
insert into sakila.payment (payment_id, customer_id, staff_id, rental_id, amount, payment_date, last_update) values (10735, 396, 1, 14169, 4.99, '2005-08-21 03:00:31', '2006-02-15 22:17:44');
insert into sakila.payment (payment_id, customer_id, staff_id, rental_id, amount, payment_date, last_update) values (10738, 396, 1, 14792, 1.99, '2005-08-22 00:36:41', '2006-02-15 22:17:44');
insert into sakila.payment (payment_id, customer_id, staff_id, rental_id, amount, payment_date, last_update) values (10739, 396, 2, 15198, 7.99, '2005-08-22 16:15:33', '2006-02-15 22:17:44');
insert into sakila.payment (payment_id, customer_id, staff_id, rental_id, amount, payment_date, last_update) values (10757, 397, 2, 10598, 4.99, '2005-08-01 14:23:36', '2006-02-15 22:17:45');
insert into sakila.payment (payment_id, customer_id, staff_id, rental_id, amount, payment_date, last_update) values (10768, 397, 1, 15083, 6.99, '2005-08-22 11:17:37', '2006-02-15 22:17:45');
insert into sakila.payment (payment_id, customer_id, staff_id, rental_id, amount, payment_date, last_update) values (10784, 398, 1, 15189, 3.99, '2005-08-22 15:56:42', '2006-02-15 22:17:46');
insert into sakila.payment (payment_id, customer_id, staff_id, rental_id, amount, payment_date, last_update) values (10810, 400, 2, 1364, 0.99, '2005-06-15 14:05:32', '2006-02-15 22:17:48');
insert into sakila.payment (payment_id, customer_id, staff_id, rental_id, amount, payment_date, last_update) values (10817, 400, 2, 6790, 5.99, '2005-07-12 16:34:59', '2006-02-15 22:17:48');
insert into sakila.payment (payment_id, customer_id, staff_id, rental_id, amount, payment_date, last_update) values (10887, 403, 1, 5982, 4.99, '2005-07-11 00:24:44', '2006-02-15 22:17:52');
insert into sakila.payment (payment_id, customer_id, staff_id, rental_id, amount, payment_date, last_update) values (10890, 403, 1, 7103, 4.99, '2005-07-27 05:08:59', '2006-02-15 22:17:52');
insert into sakila.payment (payment_id, customer_id, staff_id, rental_id, amount, payment_date, last_update) values (10922, 404, 1, 6114, 1.99, '2005-07-11 07:33:48', '2006-02-15 22:17:54');
insert into sakila.payment (payment_id, customer_id, staff_id, rental_id, amount, payment_date, last_update) values (10972, 405, 1, 12792, 0.99, '2006-02-14 15:16:03', '2006-02-15 22:17:57');
insert into sakila.payment (payment_id, customer_id, staff_id, rental_id, amount, payment_date, last_update) values (10973, 406, 1, 855, 0.99, '2005-05-30 02:00:28', '2006-02-15 22:17:57');
insert into sakila.payment (payment_id, customer_id, staff_id, rental_id, amount, payment_date, last_update) values (10983, 406, 2, 5263, 0.99, '2005-07-09 14:10:36', '2006-02-15 22:17:57');
insert into sakila.payment (payment_id, customer_id, staff_id, rental_id, amount, payment_date, last_update) values (10984, 406, 1, 5766, 0.99, '2005-07-10 13:07:31', '2006-02-15 22:17:57');
insert into sakila.payment (payment_id, customer_id, staff_id, rental_id, amount, payment_date, last_update) values (10986, 406, 2, 7109, 5.99, '2005-07-27 05:28:57', '2006-02-15 22:17:57');
insert into sakila.payment (payment_id, customer_id, staff_id, rental_id, amount, payment_date, last_update) values (10994, 406, 2, 8962, 1.99, '2005-07-30 03:43:45', '2006-02-15 22:17:58');
insert into sakila.payment (payment_id, customer_id, staff_id, rental_id, amount, payment_date, last_update) values (11030, 407, 2, 15320, 0.99, '2005-08-22 20:17:49', '2006-02-15 22:18:00');
insert into sakila.payment (payment_id, customer_id, staff_id, rental_id, amount, payment_date, last_update) values (11043, 408, 1, 7053, 4.99, '2005-07-27 03:38:54', '2006-02-15 22:18:01');
insert into sakila.payment (payment_id, customer_id, staff_id, rental_id, amount, payment_date, last_update) values (11079, 409, 2, 9267, 0.99, '2005-07-30 14:59:05', '2006-02-15 22:18:04');
insert into sakila.payment (payment_id, customer_id, staff_id, rental_id, amount, payment_date, last_update) values (11083, 409, 1, 14103, 1.99, '2005-08-21 00:37:00', '2006-02-15 22:18:04');
insert into sakila.payment (payment_id, customer_id, staff_id, rental_id, amount, payment_date, last_update) values (11124, 411, 2, 972, 1.99, '2005-05-30 20:21:07', '2006-02-15 22:18:08');
insert into sakila.payment (payment_id, customer_id, staff_id, rental_id, amount, payment_date, last_update) values (11157, 412, 2, 8330, 8.99, '2005-07-29 04:09:07', '2006-02-15 22:18:10');
insert into sakila.payment (payment_id, customer_id, staff_id, rental_id, amount, payment_date, last_update) values (11199, 414, 2, 6728, 0.99, '2005-07-12 13:56:48', '2006-02-15 22:18:12');
insert into sakila.payment (payment_id, customer_id, staff_id, rental_id, amount, payment_date, last_update) values (11262, 416, 1, 11557, 6.99, '2005-08-17 01:19:20', '2006-02-15 22:18:15');
insert into sakila.payment (payment_id, customer_id, staff_id, rental_id, amount, payment_date, last_update) values (11264, 416, 1, 12932, 4.99, '2005-08-19 05:17:30', '2006-02-15 22:18:15');
insert into sakila.payment (payment_id, customer_id, staff_id, rental_id, amount, payment_date, last_update) values (11271, 417, 2, 630, 8.99, '2005-05-28 17:24:51', '2006-02-15 22:18:16');
insert into sakila.payment (payment_id, customer_id, staff_id, rental_id, amount, payment_date, last_update) values (11292, 417, 2, 14882, 2.99, '2005-08-22 03:52:21', '2006-02-15 22:18:17');
insert into sakila.payment (payment_id, customer_id, staff_id, rental_id, amount, payment_date, last_update) values (11306, 418, 2, 8886, 10.99, '2005-07-30 00:36:31', '2006-02-15 22:18:17');
insert into sakila.payment (payment_id, customer_id, staff_id, rental_id, amount, payment_date, last_update) values (11312, 418, 2, 11322, 3.99, '2005-08-02 16:23:17', '2006-02-15 22:18:18');
insert into sakila.payment (payment_id, customer_id, staff_id, rental_id, amount, payment_date, last_update) values (11317, 418, 2, 13312, 0.99, '2005-08-19 19:09:14', '2006-02-15 22:18:18');
insert into sakila.payment (payment_id, customer_id, staff_id, rental_id, amount, payment_date, last_update) values (11445, 423, 2, 12806, 4.99, '2005-08-19 00:37:26', '2006-02-15 22:18:25');
insert into sakila.payment (payment_id, customer_id, staff_id, rental_id, amount, payment_date, last_update) values (11471, 424, 1, 10866, 2.99, '2005-08-02 00:22:49', '2006-02-15 22:18:26');
insert into sakila.payment (payment_id, customer_id, staff_id, rental_id, amount, payment_date, last_update) values (11483, 425, 2, 4361, 2.99, '2005-07-07 19:33:23', '2006-02-15 22:18:27');
insert into sakila.payment (payment_id, customer_id, staff_id, rental_id, amount, payment_date, last_update) values (11486, 425, 1, 4659, 2.99, '2005-07-08 09:53:28', '2006-02-15 22:18:27');
insert into sakila.payment (payment_id, customer_id, staff_id, rental_id, amount, payment_date, last_update) values (11502, 425, 2, 14881, 4.99, '2005-08-22 03:47:39', '2006-02-15 22:18:28');
insert into sakila.payment (payment_id, customer_id, staff_id, rental_id, amount, payment_date, last_update) values (11504, 425, 2, 15784, 6.99, '2005-08-23 13:46:00', '2006-02-15 22:18:28');
insert into sakila.payment (payment_id, customer_id, staff_id, rental_id, amount, payment_date, last_update) values (11543, 427, 1, 6509, 2.99, '2005-07-12 03:35:01', '2006-02-15 22:18:30');
insert into sakila.payment (payment_id, customer_id, staff_id, rental_id, amount, payment_date, last_update) values (11561, 428, 1, 2677, 2.99, '2005-06-19 12:01:59', '2006-02-15 22:18:31');
insert into sakila.payment (payment_id, customer_id, staff_id, rental_id, amount, payment_date, last_update) values (11583, 429, 2, 1798, 2.99, '2005-06-16 20:16:15', '2006-02-15 22:18:32');
insert into sakila.payment (payment_id, customer_id, staff_id, rental_id, amount, payment_date, last_update) values (11629, 431, 1, 4801, 2.99, '2005-07-08 16:51:36', '2006-02-15 22:18:35');
insert into sakila.payment (payment_id, customer_id, staff_id, rental_id, amount, payment_date, last_update) values (11630, 431, 1, 4863, 0.99, '2005-07-08 19:03:15', '2006-02-15 22:18:35');
insert into sakila.payment (payment_id, customer_id, staff_id, rental_id, amount, payment_date, last_update) values (11681, 433, 1, 9294, 3.99, '2005-07-30 16:14:37', '2006-02-15 22:18:37');
insert into sakila.payment (payment_id, customer_id, staff_id, rental_id, amount, payment_date, last_update) values (11738, 435, 2, 13208, 0.99, '2005-08-19 15:18:55', '2006-02-15 22:18:40');
insert into sakila.payment (payment_id, customer_id, staff_id, rental_id, amount, payment_date, last_update) values (11899, 441, 2, 8237, 2.99, '2005-07-29 00:29:56', '2006-02-15 22:18:49');
insert into sakila.payment (payment_id, customer_id, staff_id, rental_id, amount, payment_date, last_update) values (11936, 442, 2, 9873, 5.99, '2005-07-31 13:32:18', '2006-02-15 22:18:51');
insert into sakila.payment (payment_id, customer_id, staff_id, rental_id, amount, payment_date, last_update) values (11947, 443, 2, 1068, 4.99, '2005-05-31 09:32:15', '2006-02-15 22:18:52');
insert into sakila.payment (payment_id, customer_id, staff_id, rental_id, amount, payment_date, last_update) values (11966, 443, 1, 15182, 0.99, '2005-08-22 15:47:05', '2006-02-15 22:18:53');
insert into sakila.payment (payment_id, customer_id, staff_id, rental_id, amount, payment_date, last_update) values (12048, 446, 2, 8922, 9.99, '2005-07-30 02:08:25', '2006-02-15 22:18:58');
insert into sakila.payment (payment_id, customer_id, staff_id, rental_id, amount, payment_date, last_update) values (12057, 447, 2, 732, 0.99, '2005-05-29 07:32:51', '2006-02-15 22:18:58');
insert into sakila.payment (payment_id, customer_id, staff_id, rental_id, amount, payment_date, last_update) values (12074, 447, 2, 10957, 5.99, '2005-08-02 03:33:30', '2006-02-15 22:18:59');
insert into sakila.payment (payment_id, customer_id, staff_id, rental_id, amount, payment_date, last_update) values (12084, 447, 2, 16032, 4.99, '2005-08-23 21:59:57', '2006-02-15 22:19:00');
insert into sakila.payment (payment_id, customer_id, staff_id, rental_id, amount, payment_date, last_update) values (12087, 448, 1, 1313, 5.99, '2005-06-15 10:18:34', '2006-02-15 22:19:00');
insert into sakila.payment (payment_id, customer_id, staff_id, rental_id, amount, payment_date, last_update) values (12143, 450, 1, 5999, 7.99, '2005-07-11 01:21:22', '2006-02-15 22:19:03');
insert into sakila.payment (payment_id, customer_id, staff_id, rental_id, amount, payment_date, last_update) values (12164, 451, 1, 1851, 0.99, '2005-06-17 00:32:26', '2006-02-15 22:19:04');
insert into sakila.payment (payment_id, customer_id, staff_id, rental_id, amount, payment_date, last_update) values (12168, 451, 2, 2917, 0.99, '2005-06-20 04:08:35', '2006-02-15 22:19:04');
insert into sakila.payment (payment_id, customer_id, staff_id, rental_id, amount, payment_date, last_update) values (12180, 451, 2, 11167, 6.99, '2005-08-02 10:15:51', '2006-02-15 22:19:05');
insert into sakila.payment (payment_id, customer_id, staff_id, rental_id, amount, payment_date, last_update) values (12196, 452, 2, 1203, 4.99, '2005-06-15 02:09:02', '2006-02-15 22:19:06');
insert into sakila.payment (payment_id, customer_id, staff_id, rental_id, amount, payment_date, last_update) values (12236, 453, 2, 9406, 6.99, '2005-07-30 20:24:00', '2006-02-15 22:19:08');
insert into sakila.payment (payment_id, customer_id, staff_id, rental_id, amount, payment_date, last_update) values (12248, 454, 1, 735, 7.99, '2005-05-29 08:08:13', '2006-02-15 22:19:09');
insert into sakila.payment (payment_id, customer_id, staff_id, rental_id, amount, payment_date, last_update) values (12273, 454, 2, 13513, 2.99, '2005-08-20 02:27:53', '2006-02-15 22:19:10');
insert into sakila.payment (payment_id, customer_id, staff_id, rental_id, amount, payment_date, last_update) values (12308, 456, 2, 2103, 5.99, '2005-06-17 19:13:10', '2006-02-15 22:19:12');
insert into sakila.payment (payment_id, customer_id, staff_id, rental_id, amount, payment_date, last_update) values (12356, 457, 1, 12645, 3.98, '2006-02-14 15:16:03', '2006-02-15 22:19:15');
insert into sakila.payment (payment_id, customer_id, staff_id, rental_id, amount, payment_date, last_update) values (12379, 459, 2, 1977, 2.99, '2005-06-17 09:38:22', '2006-02-15 22:19:16');
insert into sakila.payment (payment_id, customer_id, staff_id, rental_id, amount, payment_date, last_update) values (12418, 460, 2, 1064, 4.99, '2005-05-31 08:50:07', '2006-02-15 22:19:18');
insert into sakila.payment (payment_id, customer_id, staff_id, rental_id, amount, payment_date, last_update) values (12423, 460, 1, 6613, 4.99, '2005-07-12 08:30:07', '2006-02-15 22:19:19');
insert into sakila.payment (payment_id, customer_id, staff_id, rental_id, amount, payment_date, last_update) values (12501, 463, 1, 560, 1.99, '2005-05-28 08:53:02', '2006-02-15 22:19:23');
insert into sakila.payment (payment_id, customer_id, staff_id, rental_id, amount, payment_date, last_update) values (12508, 463, 1, 5448, 0.99, '2005-07-09 22:11:14', '2006-02-15 22:19:24');
insert into sakila.payment (payment_id, customer_id, staff_id, rental_id, amount, payment_date, last_update) values (12523, 463, 1, 14689, 0.99, '2005-08-21 20:33:00', '2006-02-15 22:19:24');
insert into sakila.payment (payment_id, customer_id, staff_id, rental_id, amount, payment_date, last_update) values (12623, 468, 1, 3840, 5.99, '2005-07-06 16:30:59', '2006-02-15 22:19:30');
insert into sakila.payment (payment_id, customer_id, staff_id, rental_id, amount, payment_date, last_update) values (12651, 469, 2, 506, 7.99, '2005-05-28 02:09:19', '2006-02-15 22:19:32');
insert into sakila.payment (payment_id, customer_id, staff_id, rental_id, amount, payment_date, last_update) values (12655, 469, 2, 1399, 0.99, '2005-06-15 16:29:51', '2006-02-15 22:19:32');
insert into sakila.payment (payment_id, customer_id, staff_id, rental_id, amount, payment_date, last_update) values (12663, 469, 2, 5664, 6.99, '2005-07-10 08:04:41', '2006-02-15 22:19:33');
insert into sakila.payment (payment_id, customer_id, staff_id, rental_id, amount, payment_date, last_update) values (12691, 470, 2, 1256, 0.99, '2005-06-15 06:13:57', '2006-02-15 22:19:34');
insert into sakila.payment (payment_id, customer_id, staff_id, rental_id, amount, payment_date, last_update) values (12712, 470, 2, 10944, 4.99, '2005-08-02 03:20:03', '2006-02-15 22:19:36');
insert into sakila.payment (payment_id, customer_id, staff_id, rental_id, amount, payment_date, last_update) values (12790, 473, 2, 5447, 5.99, '2005-07-09 22:09:28', '2006-02-15 22:19:40');
insert into sakila.payment (payment_id, customer_id, staff_id, rental_id, amount, payment_date, last_update) values (12797, 473, 1, 9025, 4.99, '2005-07-30 05:50:08', '2006-02-15 22:19:40');
insert into sakila.payment (payment_id, customer_id, staff_id, rental_id, amount, payment_date, last_update) values (12823, 474, 1, 5251, 0.99, '2005-07-09 13:36:10', '2006-02-15 22:19:42');
insert into sakila.payment (payment_id, customer_id, staff_id, rental_id, amount, payment_date, last_update) values (12947, 479, 2, 9697, 2.99, '2005-07-31 07:23:11', '2006-02-15 22:19:49');
insert into sakila.payment (payment_id, customer_id, staff_id, rental_id, amount, payment_date, last_update) values (12975, 480, 2, 13131, 9.99, '2005-08-19 12:08:13', '2006-02-15 22:19:51');
insert into sakila.payment (payment_id, customer_id, staff_id, rental_id, amount, payment_date, last_update) values (12991, 481, 1, 7228, 4.99, '2005-07-27 09:55:33', '2006-02-15 22:19:52');
insert into sakila.payment (payment_id, customer_id, staff_id, rental_id, amount, payment_date, last_update) values (12996, 481, 1, 10018, 3.99, '2005-07-31 18:15:14', '2006-02-15 22:19:52');
insert into sakila.payment (payment_id, customer_id, staff_id, rental_id, amount, payment_date, last_update) values (13011, 482, 2, 3048, 2.99, '2005-06-20 12:49:55', '2006-02-15 22:19:53');
insert into sakila.payment (payment_id, customer_id, staff_id, rental_id, amount, payment_date, last_update) values (13023, 482, 2, 8584, 2.99, '2005-07-29 12:07:53', '2006-02-15 22:19:54');
insert into sakila.payment (payment_id, customer_id, staff_id, rental_id, amount, payment_date, last_update) values (13148, 487, 2, 8510, 1.99, '2005-07-29 09:41:38', '2006-02-15 22:20:01');
insert into sakila.payment (payment_id, customer_id, staff_id, rental_id, amount, payment_date, last_update) values (13210, 490, 2, 676, 4.99, '2005-05-28 22:27:51', '2006-02-15 22:20:05');
insert into sakila.payment (payment_id, customer_id, staff_id, rental_id, amount, payment_date, last_update) values (13218, 490, 1, 5654, 4.99, '2005-07-10 07:24:46', '2006-02-15 22:20:06');
insert into sakila.payment (payment_id, customer_id, staff_id, rental_id, amount, payment_date, last_update) values (13236, 491, 1, 1371, 4.99, '2005-06-15 14:38:15', '2006-02-15 22:20:07');
insert into sakila.payment (payment_id, customer_id, staff_id, rental_id, amount, payment_date, last_update) values (13244, 491, 2, 5134, 6.99, '2005-07-09 07:53:12', '2006-02-15 22:20:07');
insert into sakila.payment (payment_id, customer_id, staff_id, rental_id, amount, payment_date, last_update) values (13261, 492, 2, 1691, 1.99, '2005-06-16 12:24:28', '2006-02-15 22:20:08');
insert into sakila.payment (payment_id, customer_id, staff_id, rental_id, amount, payment_date, last_update) values (13286, 493, 2, 7043, 7.99, '2005-07-27 03:24:23', '2006-02-15 22:20:10');
insert into sakila.payment (payment_id, customer_id, staff_id, rental_id, amount, payment_date, last_update) values (13307, 494, 2, 5083, 4.99, '2005-07-09 05:30:32', '2006-02-15 22:20:11');
insert into sakila.payment (payment_id, customer_id, staff_id, rental_id, amount, payment_date, last_update) values (13381, 497, 2, 2818, 4.99, '2005-06-19 20:05:52', '2006-02-15 22:20:16');
insert into sakila.payment (payment_id, customer_id, staff_id, rental_id, amount, payment_date, last_update) values (13383, 497, 2, 4218, 7.99, '2005-07-07 12:10:24', '2006-02-15 22:20:16');
insert into sakila.payment (payment_id, customer_id, staff_id, rental_id, amount, payment_date, last_update) values (13389, 497, 2, 7603, 2.99, '2005-07-27 23:54:44', '2006-02-15 22:20:16');
insert into sakila.payment (payment_id, customer_id, staff_id, rental_id, amount, payment_date, last_update) values (13406, 498, 1, 429, 8.99, '2005-05-27 16:21:26', '2006-02-15 22:20:17');
insert into sakila.payment (payment_id, customer_id, staff_id, rental_id, amount, payment_date, last_update) values (13410, 498, 1, 2344, 2.99, '2005-06-18 12:01:47', '2006-02-15 22:20:17');
insert into sakila.payment (payment_id, customer_id, staff_id, rental_id, amount, payment_date, last_update) values (13444, 499, 1, 7831, 0.99, '2005-07-28 08:44:21', '2006-02-15 22:20:19');
insert into sakila.payment (payment_id, customer_id, staff_id, rental_id, amount, payment_date, last_update) values (13482, 500, 2, 11218, 1.99, '2005-08-02 12:29:12', '2006-02-15 22:20:22');
insert into sakila.payment (payment_id, customer_id, staff_id, rental_id, amount, payment_date, last_update) values (13485, 500, 2, 13628, 4.99, '2005-08-20 07:03:53', '2006-02-15 22:20:22');
insert into sakila.payment (payment_id, customer_id, staff_id, rental_id, amount, payment_date, last_update) values (13497, 501, 2, 5520, 1.99, '2005-07-10 01:30:41', '2006-02-15 22:20:23');
insert into sakila.payment (payment_id, customer_id, staff_id, rental_id, amount, payment_date, last_update) values (13597, 504, 1, 13166, 2.99, '2005-08-19 13:36:28', '2006-02-15 22:20:29');
insert into sakila.payment (payment_id, customer_id, staff_id, rental_id, amount, payment_date, last_update) values (13613, 505, 2, 5976, 9.99, '2005-07-11 00:16:35', '2006-02-15 22:20:30');
insert into sakila.payment (payment_id, customer_id, staff_id, rental_id, amount, payment_date, last_update) values (13702, 508, 2, 10128, 2.99, '2005-07-31 21:40:04', '2006-02-15 22:20:35');
insert into sakila.payment (payment_id, customer_id, staff_id, rental_id, amount, payment_date, last_update) values (13717, 509, 2, 4832, 2.99, '2005-07-08 18:07:05', '2006-02-15 22:20:36');
insert into sakila.payment (payment_id, customer_id, staff_id, rental_id, amount, payment_date, last_update) values (13738, 510, 2, 2806, 0.99, '2005-06-19 19:30:48', '2006-02-15 22:20:38');
insert into sakila.payment (payment_id, customer_id, staff_id, rental_id, amount, payment_date, last_update) values (13812, 513, 2, 4055, 2.99, '2005-07-07 03:49:13', '2006-02-15 22:20:42');
insert into sakila.payment (payment_id, customer_id, staff_id, rental_id, amount, payment_date, last_update) values (13831, 513, 1, 13596, 5.99, '2005-08-20 05:58:58', '2006-02-15 22:20:43');
insert into sakila.payment (payment_id, customer_id, staff_id, rental_id, amount, payment_date, last_update) values (13850, 514, 2, 12067, 4.99, '2005-08-17 21:36:47', '2006-02-15 22:20:45');
insert into sakila.payment (payment_id, customer_id, staff_id, rental_id, amount, payment_date, last_update) values (13869, 515, 2, 4111, 6.99, '2005-07-07 06:47:56', '2006-02-15 22:20:46');
insert into sakila.payment (payment_id, customer_id, staff_id, rental_id, amount, payment_date, last_update) values (13879, 515, 1, 11691, 3.99, '2005-08-17 06:51:05', '2006-02-15 22:20:47');
insert into sakila.payment (payment_id, customer_id, staff_id, rental_id, amount, payment_date, last_update) values (13893, 516, 1, 2017, 0.99, '2005-06-17 12:33:30', '2006-02-15 22:20:47');
insert into sakila.payment (payment_id, customer_id, staff_id, rental_id, amount, payment_date, last_update) values (13910, 516, 1, 15526, 0.99, '2005-08-23 03:44:30', '2006-02-15 22:20:48');
insert into sakila.payment (payment_id, customer_id, staff_id, rental_id, amount, payment_date, last_update) values (13915, 517, 2, 1653, 4.99, '2005-06-16 09:34:45', '2006-02-15 22:20:49');
insert into sakila.payment (payment_id, customer_id, staff_id, rental_id, amount, payment_date, last_update) values (13917, 517, 1, 1850, 4.99, '2005-06-17 00:31:35', '2006-02-15 22:20:49');
insert into sakila.payment (payment_id, customer_id, staff_id, rental_id, amount, payment_date, last_update) values (13935, 517, 2, 12705, 0.99, '2005-08-18 20:44:14', '2006-02-15 22:20:50');
insert into sakila.payment (payment_id, customer_id, staff_id, rental_id, amount, payment_date, last_update) values (13956, 518, 2, 11433, 3.99, '2005-08-02 20:13:10', '2006-02-15 22:20:51');
insert into sakila.payment (payment_id, customer_id, staff_id, rental_id, amount, payment_date, last_update) values (13957, 518, 2, 12450, 2.99, '2005-08-18 11:04:04', '2006-02-15 22:20:51');
insert into sakila.payment (payment_id, customer_id, staff_id, rental_id, amount, payment_date, last_update) values (13996, 520, 1, 5802, 10.99, '2005-07-10 15:02:17', '2006-02-15 22:20:54');
insert into sakila.payment (payment_id, customer_id, staff_id, rental_id, amount, payment_date, last_update) values (14063, 522, 1, 9335, 4.99, '2005-07-30 18:00:53', '2006-02-15 22:20:58');
insert into sakila.payment (payment_id, customer_id, staff_id, rental_id, amount, payment_date, last_update) values (14069, 522, 2, 10821, 5.99, '2005-08-01 22:54:27', '2006-02-15 22:20:59');
insert into sakila.payment (payment_id, customer_id, staff_id, rental_id, amount, payment_date, last_update) values (14095, 523, 1, 13133, 2.99, '2005-08-19 12:11:03', '2006-02-15 22:21:00');
insert into sakila.payment (payment_id, customer_id, staff_id, rental_id, amount, payment_date, last_update) values (14131, 525, 2, 11406, 2.99, '2005-08-02 19:16:10', '2006-02-15 22:21:03');
insert into sakila.payment (payment_id, customer_id, staff_id, rental_id, amount, payment_date, last_update) values (14136, 526, 1, 495, 4.99, '2005-05-28 00:40:48', '2006-02-15 22:21:03');
insert into sakila.payment (payment_id, customer_id, staff_id, rental_id, amount, payment_date, last_update) values (14140, 526, 2, 1848, 0.99, '2005-06-17 00:07:07', '2006-02-15 22:21:03');
insert into sakila.payment (payment_id, customer_id, staff_id, rental_id, amount, payment_date, last_update) values (14142, 526, 2, 1972, 2.99, '2005-06-17 09:25:49', '2006-02-15 22:21:03');
insert into sakila.payment (payment_id, customer_id, staff_id, rental_id, amount, payment_date, last_update) values (14183, 527, 2, 2496, 0.99, '2005-06-18 22:20:11', '2006-02-15 22:21:06');
insert into sakila.payment (payment_id, customer_id, staff_id, rental_id, amount, payment_date, last_update) values (14198, 527, 1, 11624, 0.99, '2005-08-17 04:17:42', '2006-02-15 22:21:07');
insert into sakila.payment (payment_id, customer_id, staff_id, rental_id, amount, payment_date, last_update) values (14210, 528, 2, 1875, 2.99, '2005-06-17 02:45:10', '2006-02-15 22:21:08');
insert into sakila.payment (payment_id, customer_id, staff_id, rental_id, amount, payment_date, last_update) values (14237, 529, 1, 4553, 0.99, '2005-07-08 04:43:41', '2006-02-15 22:21:09');
insert into sakila.payment (payment_id, customer_id, staff_id, rental_id, amount, payment_date, last_update) values (14264, 530, 2, 3887, 4.99, '2005-07-06 18:46:34', '2006-02-15 22:21:11');
insert into sakila.payment (payment_id, customer_id, staff_id, rental_id, amount, payment_date, last_update) values (14266, 530, 1, 7031, 3.99, '2005-07-27 03:02:07', '2006-02-15 22:21:11');
insert into sakila.payment (payment_id, customer_id, staff_id, rental_id, amount, payment_date, last_update) values (14286, 531, 1, 5587, 5.99, '2005-07-10 04:17:25', '2006-02-15 22:21:13');
insert into sakila.payment (payment_id, customer_id, staff_id, rental_id, amount, payment_date, last_update) values (14308, 532, 1, 1694, 4.99, '2005-06-16 12:40:23', '2006-02-15 22:21:14');
insert into sakila.payment (payment_id, customer_id, staff_id, rental_id, amount, payment_date, last_update) values (14310, 532, 1, 4336, 2.99, '2005-07-07 18:34:36', '2006-02-15 22:21:14');
insert into sakila.payment (payment_id, customer_id, staff_id, rental_id, amount, payment_date, last_update) values (14330, 532, 2, 12295, 5.99, '2005-08-18 05:15:46', '2006-02-15 22:21:16');
insert into sakila.payment (payment_id, customer_id, staff_id, rental_id, amount, payment_date, last_update) values (14331, 532, 2, 13038, 4.99, '2005-08-19 08:55:16', '2006-02-15 22:21:16');
insert into sakila.payment (payment_id, customer_id, staff_id, rental_id, amount, payment_date, last_update) values (14353, 533, 2, 7555, 4.99, '2005-07-27 22:17:05', '2006-02-15 22:21:17');
insert into sakila.payment (payment_id, customer_id, staff_id, rental_id, amount, payment_date, last_update) values (14361, 533, 1, 10380, 2.99, '2005-08-01 06:34:36', '2006-02-15 22:21:18');
insert into sakila.payment (payment_id, customer_id, staff_id, rental_id, amount, payment_date, last_update) values (14386, 534, 2, 10465, 5.99, '2005-08-01 09:45:25', '2006-02-15 22:21:19');
insert into sakila.payment (payment_id, customer_id, staff_id, rental_id, amount, payment_date, last_update) values (14387, 534, 2, 10725, 6.99, '2005-08-01 19:11:04', '2006-02-15 22:21:19');
insert into sakila.payment (payment_id, customer_id, staff_id, rental_id, amount, payment_date, last_update) values (14388, 534, 1, 10796, 0.99, '2005-08-01 21:56:41', '2006-02-15 22:21:19');
insert into sakila.payment (payment_id, customer_id, staff_id, rental_id, amount, payment_date, last_update) values (14403, 535, 1, 4718, 6.99, '2005-07-08 12:32:08', '2006-02-15 22:21:20');
insert into sakila.payment (payment_id, customer_id, staff_id, rental_id, amount, payment_date, last_update) values (14431, 536, 2, 1962, 2.99, '2005-06-17 09:08:58', '2006-02-15 22:21:22');
insert into sakila.payment (payment_id, customer_id, staff_id, rental_id, amount, payment_date, last_update) values (14439, 536, 2, 8535, 4.99, '2005-07-29 10:32:33', '2006-02-15 22:21:23');
insert into sakila.payment (payment_id, customer_id, staff_id, rental_id, amount, payment_date, last_update) values (14444, 536, 2, 10019, 3.99, '2005-07-31 18:20:56', '2006-02-15 22:21:23');
insert into sakila.payment (payment_id, customer_id, staff_id, rental_id, amount, payment_date, last_update) values (14446, 536, 1, 11826, 2.99, '2005-08-17 12:43:46', '2006-02-15 22:21:23');
insert into sakila.payment (payment_id, customer_id, staff_id, rental_id, amount, payment_date, last_update) values (14450, 536, 1, 15130, 7.99, '2005-08-22 13:04:32', '2006-02-15 22:21:23');
insert into sakila.payment (payment_id, customer_id, staff_id, rental_id, amount, payment_date, last_update) values (14476, 537, 1, 15832, 8.99, '2005-08-23 15:21:35', '2006-02-15 22:21:25');
insert into sakila.payment (payment_id, customer_id, staff_id, rental_id, amount, payment_date, last_update) values (14492, 538, 1, 7694, 0.99, '2005-07-28 03:39:25', '2006-02-15 22:21:26');
insert into sakila.payment (payment_id, customer_id, staff_id, rental_id, amount, payment_date, last_update) values (14538, 540, 2, 6182, 2.99, '2005-07-11 11:11:38', '2006-02-15 22:21:29');
insert into sakila.payment (payment_id, customer_id, staff_id, rental_id, amount, payment_date, last_update) values (14540, 540, 1, 6919, 0.99, '2005-07-12 22:32:17', '2006-02-15 22:21:29');
insert into sakila.payment (payment_id, customer_id, staff_id, rental_id, amount, payment_date, last_update) values (14575, 541, 1, 15421, 0.99, '2005-08-22 23:56:37', '2006-02-15 22:21:32');
insert into sakila.payment (payment_id, customer_id, staff_id, rental_id, amount, payment_date, last_update) values (14585, 542, 1, 6887, 9.99, '2005-07-12 21:00:23', '2006-02-15 22:21:32');
insert into sakila.payment (payment_id, customer_id, staff_id, rental_id, amount, payment_date, last_update) values (14594, 542, 2, 14982, 9.99, '2005-08-22 07:20:55', '2006-02-15 22:21:33');
insert into sakila.payment (payment_id, customer_id, staff_id, rental_id, amount, payment_date, last_update) values (14609, 543, 1, 9999, 0.99, '2005-07-31 17:40:53', '2006-02-15 22:21:34');
insert into sakila.payment (payment_id, customer_id, staff_id, rental_id, amount, payment_date, last_update) values (14694, 547, 1, 6605, 0.99, '2005-07-12 08:01:07', '2006-02-15 22:21:40');
insert into sakila.payment (payment_id, customer_id, staff_id, rental_id, amount, payment_date, last_update) values (14701, 547, 1, 10980, 4.99, '2005-08-02 04:17:32', '2006-02-15 22:21:40');
insert into sakila.payment (payment_id, customer_id, staff_id, rental_id, amount, payment_date, last_update) values (14703, 547, 2, 11361, 0.99, '2005-08-02 17:46:34', '2006-02-15 22:21:40');
insert into sakila.payment (payment_id, customer_id, staff_id, rental_id, amount, payment_date, last_update) values (14710, 548, 1, 743, 4.99, '2005-05-29 08:39:02', '2006-02-15 22:21:41');
insert into sakila.payment (payment_id, customer_id, staff_id, rental_id, amount, payment_date, last_update) values (14759, 550, 2, 7838, 2.99, '2005-07-28 09:00:21', '2006-02-15 22:21:44');
insert into sakila.payment (payment_id, customer_id, staff_id, rental_id, amount, payment_date, last_update) values (14768, 550, 1, 11969, 4.99, '2005-08-17 17:49:37', '2006-02-15 22:21:45');
insert into sakila.payment (payment_id, customer_id, staff_id, rental_id, amount, payment_date, last_update) values (14782, 551, 1, 795, 0.99, '2005-05-29 16:57:39', '2006-02-15 22:21:46');
insert into sakila.payment (payment_id, customer_id, staff_id, rental_id, amount, payment_date, last_update) values (14791, 551, 2, 7095, 9.99, '2005-07-27 04:51:15', '2006-02-15 22:21:46');
insert into sakila.payment (payment_id, customer_id, staff_id, rental_id, amount, payment_date, last_update) values (14810, 552, 1, 5213, 7.99, '2005-07-09 11:39:43', '2006-02-15 22:21:48');
insert into sakila.payment (payment_id, customer_id, staff_id, rental_id, amount, payment_date, last_update) values (14811, 552, 2, 6189, 4.99, '2005-07-11 11:36:03', '2006-02-15 22:21:48');
insert into sakila.payment (payment_id, customer_id, staff_id, rental_id, amount, payment_date, last_update) values (14843, 553, 1, 6812, 6.99, '2005-07-12 18:03:25', '2006-02-15 22:21:50');
insert into sakila.payment (payment_id, customer_id, staff_id, rental_id, amount, payment_date, last_update) values (14851, 554, 1, 607, 2.99, '2005-05-28 15:02:41', '2006-02-15 22:21:50');
insert into sakila.payment (payment_id, customer_id, staff_id, rental_id, amount, payment_date, last_update) values (14856, 554, 1, 3312, 6.99, '2005-06-21 08:05:32', '2006-02-15 22:21:51');
insert into sakila.payment (payment_id, customer_id, staff_id, rental_id, amount, payment_date, last_update) values (14869, 554, 1, 14098, 3.99, '2005-08-21 00:30:32', '2006-02-15 22:21:51');
insert into sakila.payment (payment_id, customer_id, staff_id, rental_id, amount, payment_date, last_update) values (14895, 556, 2, 2986, 0.99, '2005-06-20 08:50:28', '2006-02-15 22:21:53');
insert into sakila.payment (payment_id, customer_id, staff_id, rental_id, amount, payment_date, last_update) values (14927, 557, 1, 12555, 1.99, '2005-08-18 14:49:22', '2006-02-15 22:21:55');
insert into sakila.payment (payment_id, customer_id, staff_id, rental_id, amount, payment_date, last_update) values (14934, 557, 1, 14278, 4.99, '2006-02-14 15:16:03', '2006-02-15 22:21:56');
insert into sakila.payment (payment_id, customer_id, staff_id, rental_id, amount, payment_date, last_update) values (14953, 558, 1, 8858, 4.99, '2005-07-29 23:44:35', '2006-02-15 22:21:57');
insert into sakila.payment (payment_id, customer_id, staff_id, rental_id, amount, payment_date, last_update) values (14961, 558, 2, 14235, 7.99, '2005-08-21 05:08:42', '2006-02-15 22:21:58');
insert into sakila.payment (payment_id, customer_id, staff_id, rental_id, amount, payment_date, last_update) values (14962, 558, 1, 14286, 5.99, '2005-08-21 06:53:53', '2006-02-15 22:21:58');
insert into sakila.payment (payment_id, customer_id, staff_id, rental_id, amount, payment_date, last_update) values (14976, 559, 2, 9134, 0.99, '2005-07-30 10:00:21', '2006-02-15 22:21:59');
insert into sakila.payment (payment_id, customer_id, staff_id, rental_id, amount, payment_date, last_update) values (15004, 560, 2, 8861, 5.99, '2005-07-29 23:47:29', '2006-02-15 22:22:01');
insert into sakila.payment (payment_id, customer_id, staff_id, rental_id, amount, payment_date, last_update) values (15029, 561, 1, 2950, 4.99, '2005-06-20 06:08:36', '2006-02-15 22:22:02');
insert into sakila.payment (payment_id, customer_id, staff_id, rental_id, amount, payment_date, last_update) values (15037, 561, 1, 8504, 10.99, '2005-07-29 09:20:16', '2006-02-15 22:22:03');
insert into sakila.payment (payment_id, customer_id, staff_id, rental_id, amount, payment_date, last_update) values (15048, 562, 2, 788, 2.99, '2005-05-29 16:13:55', '2006-02-15 22:22:04');
insert into sakila.payment (payment_id, customer_id, staff_id, rental_id, amount, payment_date, last_update) values (15050, 562, 1, 1139, 5.99, '2005-05-31 19:34:52', '2006-02-15 22:22:04');
insert into sakila.payment (payment_id, customer_id, staff_id, rental_id, amount, payment_date, last_update) values (15058, 562, 2, 6065, 6.99, '2005-07-11 04:25:51', '2006-02-15 22:22:04');
insert into sakila.payment (payment_id, customer_id, staff_id, rental_id, amount, payment_date, last_update) values (15075, 563, 2, 1545, 4.99, '2005-06-16 01:31:23', '2006-02-15 22:22:06');
insert into sakila.payment (payment_id, customer_id, staff_id, rental_id, amount, payment_date, last_update) values (15154, 565, 1, 15885, 2.99, '2005-08-23 16:50:43', '2006-02-15 22:22:11');
insert into sakila.payment (payment_id, customer_id, staff_id, rental_id, amount, payment_date, last_update) values (15206, 567, 2, 14839, 2.99, '2005-08-22 01:58:15', '2006-02-15 22:22:14');
insert into sakila.payment (payment_id, customer_id, staff_id, rental_id, amount, payment_date, last_update) values (15230, 569, 2, 53, 4.99, '2005-05-25 07:19:16', '2006-02-15 22:22:16');
insert into sakila.payment (payment_id, customer_id, staff_id, rental_id, amount, payment_date, last_update) values (15246, 569, 1, 11030, 1.99, '2005-08-02 05:51:20', '2006-02-15 22:22:17');
insert into sakila.payment (payment_id, customer_id, staff_id, rental_id, amount, payment_date, last_update) values (15299, 571, 2, 6676, 8.99, '2005-07-12 11:53:40', '2006-02-15 22:22:21');
insert into sakila.payment (payment_id, customer_id, staff_id, rental_id, amount, payment_date, last_update) values (15314, 572, 1, 2007, 0.99, '2005-06-17 11:47:17', '2006-02-15 22:22:22');
insert into sakila.payment (payment_id, customer_id, staff_id, rental_id, amount, payment_date, last_update) values (15326, 572, 2, 9950, 5.99, '2005-07-31 15:50:22', '2006-02-15 22:22:23');
insert into sakila.payment (payment_id, customer_id, staff_id, rental_id, amount, payment_date, last_update) values (15351, 573, 1, 6693, 7.99, '2005-07-12 12:37:00', '2006-02-15 22:22:25');
insert into sakila.payment (payment_id, customer_id, staff_id, rental_id, amount, payment_date, last_update) values (15373, 574, 1, 4004, 4.99, '2005-07-07 00:20:51', '2006-02-15 22:22:26');
insert into sakila.payment (payment_id, customer_id, staff_id, rental_id, amount, payment_date, last_update) values (15377, 574, 1, 5076, 3.99, '2005-07-09 05:13:22', '2006-02-15 22:22:26');
insert into sakila.payment (payment_id, customer_id, staff_id, rental_id, amount, payment_date, last_update) values (15383, 574, 1, 7964, 2.99, '2005-07-28 13:49:58', '2006-02-15 22:22:27');
insert into sakila.payment (payment_id, customer_id, staff_id, rental_id, amount, payment_date, last_update) values (15410, 575, 1, 9733, 4.99, '2005-07-31 08:57:35', '2006-02-15 22:22:29');
insert into sakila.payment (payment_id, customer_id, staff_id, rental_id, amount, payment_date, last_update) values (15417, 575, 2, 12770, 5.99, '2005-08-18 23:29:00', '2006-02-15 22:22:29');
insert into sakila.payment (payment_id, customer_id, staff_id, rental_id, amount, payment_date, last_update) values (15424, 576, 1, 968, 0.99, '2005-05-30 19:20:03', '2006-02-15 22:22:30');
insert into sakila.payment (payment_id, customer_id, staff_id, rental_id, amount, payment_date, last_update) values (15427, 576, 1, 2309, 0.99, '2005-06-18 08:43:24', '2006-02-15 22:22:30');
insert into sakila.payment (payment_id, customer_id, staff_id, rental_id, amount, payment_date, last_update) values (15445, 576, 1, 9979, 2.99, '2005-07-31 17:00:07', '2006-02-15 22:22:31');
insert into sakila.payment (payment_id, customer_id, staff_id, rental_id, amount, payment_date, last_update) values (15474, 577, 1, 10487, 0.99, '2005-08-01 10:26:34', '2006-02-15 22:22:33');
insert into sakila.payment (payment_id, customer_id, staff_id, rental_id, amount, payment_date, last_update) values (15489, 578, 2, 4496, 4.99, '2005-07-08 01:44:19', '2006-02-15 22:22:34');
insert into sakila.payment (payment_id, customer_id, staff_id, rental_id, amount, payment_date, last_update) values (15495, 578, 2, 7059, 5.99, '2005-07-27 03:51:02', '2006-02-15 22:22:35');
insert into sakila.payment (payment_id, customer_id, staff_id, rental_id, amount, payment_date, last_update) values (15505, 578, 2, 13552, 2.99, '2005-08-20 04:03:51', '2006-02-15 22:22:35');
insert into sakila.payment (payment_id, customer_id, staff_id, rental_id, amount, payment_date, last_update) values (15506, 578, 1, 15652, 0.99, '2005-08-23 08:34:10', '2006-02-15 22:22:35');
insert into sakila.payment (payment_id, customer_id, staff_id, rental_id, amount, payment_date, last_update) values (15526, 579, 2, 12315, 5.99, '2005-08-18 06:15:06', '2006-02-15 22:22:37');
insert into sakila.payment (payment_id, customer_id, staff_id, rental_id, amount, payment_date, last_update) values (15545, 580, 1, 8839, 3.99, '2005-07-29 22:52:34', '2006-02-15 22:22:38');
insert into sakila.payment (payment_id, customer_id, staff_id, rental_id, amount, payment_date, last_update) values (15551, 580, 1, 10723, 3.99, '2005-08-01 19:10:49', '2006-02-15 22:22:38');
insert into sakila.payment (payment_id, customer_id, staff_id, rental_id, amount, payment_date, last_update) values (15555, 580, 2, 13313, 2.99, '2005-08-19 19:11:41', '2006-02-15 22:22:39');
insert into sakila.payment (payment_id, customer_id, staff_id, rental_id, amount, payment_date, last_update) values (15569, 581, 2, 4613, 0.99, '2005-07-08 07:44:49', '2006-02-15 22:22:40');
insert into sakila.payment (payment_id, customer_id, staff_id, rental_id, amount, payment_date, last_update) values (15576, 581, 2, 7048, 7.99, '2005-07-27 03:31:48', '2006-02-15 22:22:40');
insert into sakila.payment (payment_id, customer_id, staff_id, rental_id, amount, payment_date, last_update) values (15579, 581, 1, 9449, 1.99, '2005-07-30 22:02:34', '2006-02-15 22:22:40');
insert into sakila.payment (payment_id, customer_id, staff_id, rental_id, amount, payment_date, last_update) values (15654, 584, 2, 10966, 0.99, '2005-08-02 04:00:47', '2006-02-15 22:22:46');
insert into sakila.payment (payment_id, customer_id, staff_id, rental_id, amount, payment_date, last_update) values (15655, 584, 1, 11213, 4.99, '2005-08-02 12:18:35', '2006-02-15 22:22:46');
insert into sakila.payment (payment_id, customer_id, staff_id, rental_id, amount, payment_date, last_update) values (15698, 586, 2, 9786, 2.99, '2005-07-31 10:25:21', '2006-02-15 22:22:49');
insert into sakila.payment (payment_id, customer_id, staff_id, rental_id, amount, payment_date, last_update) values (15710, 587, 1, 361, 0.99, '2005-05-27 07:03:28', '2006-02-15 22:22:51');
insert into sakila.payment (payment_id, customer_id, staff_id, rental_id, amount, payment_date, last_update) values (15726, 587, 1, 10825, 2.99, '2005-08-01 23:05:33', '2006-02-15 22:22:55');
insert into sakila.payment (payment_id, customer_id, staff_id, rental_id, amount, payment_date, last_update) values (15740, 588, 1, 2453, 2.99, '2005-06-18 19:30:53', '2006-02-15 22:22:59');
insert into sakila.payment (payment_id, customer_id, staff_id, rental_id, amount, payment_date, last_update) values (15743, 588, 1, 4101, 0.99, '2005-07-07 06:25:11', '2006-02-15 22:22:59');
insert into sakila.payment (payment_id, customer_id, staff_id, rental_id, amount, payment_date, last_update) values (15770, 589, 1, 2707, 8.99, '2005-06-19 13:57:08', '2006-02-15 22:23:06');
insert into sakila.payment (payment_id, customer_id, staff_id, rental_id, amount, payment_date, last_update) values (15775, 589, 2, 6247, 3.99, '2005-07-11 15:00:05', '2006-02-15 22:23:07');
insert into sakila.payment (payment_id, customer_id, staff_id, rental_id, amount, payment_date, last_update) values (15784, 589, 1, 12738, 7.99, '2005-08-18 22:11:47', '2006-02-15 22:23:09');
insert into sakila.payment (payment_id, customer_id, staff_id, rental_id, amount, payment_date, last_update) values (15802, 590, 1, 5529, 2.99, '2005-07-10 02:11:13', '2006-02-15 22:23:14');
insert into sakila.payment (payment_id, customer_id, staff_id, rental_id, amount, payment_date, last_update) values (15888, 593, 1, 8497, 2.99, '2005-07-29 09:07:03', '2006-02-15 22:23:34');
insert into sakila.payment (payment_id, customer_id, staff_id, rental_id, amount, payment_date, last_update) values (15919, 594, 2, 8820, 5.99, '2005-07-29 22:14:56', '2006-02-15 22:23:42');
insert into sakila.payment (payment_id, customer_id, staff_id, rental_id, amount, payment_date, last_update) values (15928, 595, 2, 3371, 4.99, '2005-06-21 13:27:22', '2006-02-15 22:23:44');
insert into sakila.payment (payment_id, customer_id, staff_id, rental_id, amount, payment_date, last_update) values (15945, 595, 2, 9542, 4.99, '2005-07-31 01:41:48', '2006-02-15 22:23:48');
insert into sakila.payment (payment_id, customer_id, staff_id, rental_id, amount, payment_date, last_update) values (15985, 597, 2, 514, 8.99, '2005-05-28 03:09:28', '2006-02-15 22:23:58');
insert into sakila.payment (payment_id, customer_id, staff_id, rental_id, amount, payment_date, last_update) values (15988, 597, 1, 3201, 1.99, '2005-06-21 00:30:26', '2006-02-15 22:23:58');
insert into sakila.payment (payment_id, customer_id, staff_id, rental_id, amount, payment_date, last_update) values (15996, 597, 1, 10214, 0.99, '2005-08-01 01:04:15', '2006-02-15 22:24:00');
insert into sakila.payment (payment_id, customer_id, staff_id, rental_id, amount, payment_date, last_update) values (16019, 598, 2, 7201, 6.99, '2005-07-27 08:57:40', '2006-02-15 22:24:06');
insert into sakila.customer (customer_id, store_id, first_name, last_name, email, address_id, active, create_date, last_update) values (1, 1, 'MARY', 'SMITH', 'MARY.SMITH@sakilacustomer.org', 5, 1, '2006-02-14 22:04:36', '2006-02-15 04:57:20');
insert into sakila.customer (customer_id, store_id, first_name, last_name, email, address_id, active, create_date, last_update) values (2, 1, 'PATRICIA', 'JOHNSON', 'PATRICIA.JOHNSON@sakilacustomer.org', 6, 1, '2006-02-14 22:04:36', '2006-02-15 04:57:20');
insert into sakila.customer (customer_id, store_id, first_name, last_name, email, address_id, active, create_date, last_update) values (3, 1, 'LINDA', 'WILLIAMS', 'LINDA.WILLIAMS@sakilacustomer.org', 7, 1, '2006-02-14 22:04:36', '2006-02-15 04:57:20');
insert into sakila.customer (customer_id, store_id, first_name, last_name, email, address_id, active, create_date, last_update) values (4, 2, 'BARBARA', 'JONES', 'BARBARA.JONES@sakilacustomer.org', 8, 1, '2006-02-14 22:04:36', '2006-02-15 04:57:20');
insert into sakila.customer (customer_id, store_id, first_name, last_name, email, address_id, active, create_date, last_update) values (5, 1, 'ELIZABETH', 'BROWN', 'ELIZABETH.BROWN@sakilacustomer.org', 9, 1, '2006-02-14 22:04:36', '2006-02-15 04:57:20');
insert into sakila.customer (customer_id, store_id, first_name, last_name, email, address_id, active, create_date, last_update) values (8, 2, 'SUSAN', 'WILSON', 'SUSAN.WILSON@sakilacustomer.org', 12, 1, '2006-02-14 22:04:36', '2006-02-15 04:57:20');
insert into sakila.customer (customer_id, store_id, first_name, last_name, email, address_id, active, create_date, last_update) values (9, 2, 'MARGARET', 'MOORE', 'MARGARET.MOORE@sakilacustomer.org', 13, 1, '2006-02-14 22:04:36', '2006-02-15 04:57:20');
insert into sakila.customer (customer_id, store_id, first_name, last_name, email, address_id, active, create_date, last_update) values (11, 2, 'LISA', 'ANDERSON', 'LISA.ANDERSON@sakilacustomer.org', 15, 1, '2006-02-14 22:04:36', '2006-02-15 04:57:20');
insert into sakila.customer (customer_id, store_id, first_name, last_name, email, address_id, active, create_date, last_update) values (12, 1, 'NANCY', 'THOMAS', 'NANCY.THOMAS@sakilacustomer.org', 16, 1, '2006-02-14 22:04:36', '2006-02-15 04:57:20');
insert into sakila.customer (customer_id, store_id, first_name, last_name, email, address_id, active, create_date, last_update) values (13, 2, 'KAREN', 'JACKSON', 'KAREN.JACKSON@sakilacustomer.org', 17, 1, '2006-02-14 22:04:36', '2006-02-15 04:57:20');
insert into sakila.customer (customer_id, store_id, first_name, last_name, email, address_id, active, create_date, last_update) values (14, 2, 'BETTY', 'WHITE', 'BETTY.WHITE@sakilacustomer.org', 18, 1, '2006-02-14 22:04:36', '2006-02-15 04:57:20');
insert into sakila.customer (customer_id, store_id, first_name, last_name, email, address_id, active, create_date, last_update) values (15, 1, 'HELEN', 'HARRIS', 'HELEN.HARRIS@sakilacustomer.org', 19, 1, '2006-02-14 22:04:36', '2006-02-15 04:57:20');
insert into sakila.customer (customer_id, store_id, first_name, last_name, email, address_id, active, create_date, last_update) values (16, 2, 'SANDRA', 'MARTIN', 'SANDRA.MARTIN@sakilacustomer.org', 20, 0, '2006-02-14 22:04:36', '2006-02-15 04:57:20');
insert into sakila.customer (customer_id, store_id, first_name, last_name, email, address_id, active, create_date, last_update) values (17, 1, 'DONNA', 'THOMPSON', 'DONNA.THOMPSON@sakilacustomer.org', 21, 1, '2006-02-14 22:04:36', '2006-02-15 04:57:20');
insert into sakila.customer (customer_id, store_id, first_name, last_name, email, address_id, active, create_date, last_update) values (19, 1, 'RUTH', 'MARTINEZ', 'RUTH.MARTINEZ@sakilacustomer.org', 23, 1, '2006-02-14 22:04:36', '2006-02-15 04:57:20');
insert into sakila.customer (customer_id, store_id, first_name, last_name, email, address_id, active, create_date, last_update) values (20, 2, 'SHARON', 'ROBINSON', 'SHARON.ROBINSON@sakilacustomer.org', 24, 1, '2006-02-14 22:04:36', '2006-02-15 04:57:20');
insert into sakila.customer (customer_id, store_id, first_name, last_name, email, address_id, active, create_date, last_update) values (21, 1, 'MICHELLE', 'CLARK', 'MICHELLE.CLARK@sakilacustomer.org', 25, 1, '2006-02-14 22:04:36', '2006-02-15 04:57:20');
insert into sakila.customer (customer_id, store_id, first_name, last_name, email, address_id, active, create_date, last_update) values (24, 2, 'KIMBERLY', 'LEE', 'KIMBERLY.LEE@sakilacustomer.org', 28, 1, '2006-02-14 22:04:36', '2006-02-15 04:57:20');
insert into sakila.customer (customer_id, store_id, first_name, last_name, email, address_id, active, create_date, last_update) values (25, 1, 'DEBORAH', 'WALKER', 'DEBORAH.WALKER@sakilacustomer.org', 29, 1, '2006-02-14 22:04:36', '2006-02-15 04:57:20');
insert into sakila.customer (customer_id, store_id, first_name, last_name, email, address_id, active, create_date, last_update) values (26, 2, 'JESSICA', 'HALL', 'JESSICA.HALL@sakilacustomer.org', 30, 1, '2006-02-14 22:04:36', '2006-02-15 04:57:20');
insert into sakila.customer (customer_id, store_id, first_name, last_name, email, address_id, active, create_date, last_update) values (27, 2, 'SHIRLEY', 'ALLEN', 'SHIRLEY.ALLEN@sakilacustomer.org', 31, 1, '2006-02-14 22:04:36', '2006-02-15 04:57:20');
insert into sakila.customer (customer_id, store_id, first_name, last_name, email, address_id, active, create_date, last_update) values (29, 2, 'ANGELA', 'HERNANDEZ', 'ANGELA.HERNANDEZ@sakilacustomer.org', 33, 1, '2006-02-14 22:04:36', '2006-02-15 04:57:20');
insert into sakila.customer (customer_id, store_id, first_name, last_name, email, address_id, active, create_date, last_update) values (30, 1, 'MELISSA', 'KING', 'MELISSA.KING@sakilacustomer.org', 34, 1, '2006-02-14 22:04:36', '2006-02-15 04:57:20');
insert into sakila.customer (customer_id, store_id, first_name, last_name, email, address_id, active, create_date, last_update) values (34, 2, 'REBECCA', 'SCOTT', 'REBECCA.SCOTT@sakilacustomer.org', 38, 1, '2006-02-14 22:04:36', '2006-02-15 04:57:20');
insert into sakila.customer (customer_id, store_id, first_name, last_name, email, address_id, active, create_date, last_update) values (35, 2, 'VIRGINIA', 'GREEN', 'VIRGINIA.GREEN@sakilacustomer.org', 39, 1, '2006-02-14 22:04:36', '2006-02-15 04:57:20');
insert into sakila.customer (customer_id, store_id, first_name, last_name, email, address_id, active, create_date, last_update) values (37, 1, 'PAMELA', 'BAKER', 'PAMELA.BAKER@sakilacustomer.org', 41, 1, '2006-02-14 22:04:36', '2006-02-15 04:57:20');
insert into sakila.customer (customer_id, store_id, first_name, last_name, email, address_id, active, create_date, last_update) values (38, 1, 'MARTHA', 'GONZALEZ', 'MARTHA.GONZALEZ@sakilacustomer.org', 42, 1, '2006-02-14 22:04:36', '2006-02-15 04:57:20');
insert into sakila.customer (customer_id, store_id, first_name, last_name, email, address_id, active, create_date, last_update) values (39, 1, 'DEBRA', 'NELSON', 'DEBRA.NELSON@sakilacustomer.org', 43, 1, '2006-02-14 22:04:36', '2006-02-15 04:57:20');
insert into sakila.customer (customer_id, store_id, first_name, last_name, email, address_id, active, create_date, last_update) values (40, 2, 'AMANDA', 'CARTER', 'AMANDA.CARTER@sakilacustomer.org', 44, 1, '2006-02-14 22:04:36', '2006-02-15 04:57:20');
insert into sakila.customer (customer_id, store_id, first_name, last_name, email, address_id, active, create_date, last_update) values (41, 1, 'STEPHANIE', 'MITCHELL', 'STEPHANIE.MITCHELL@sakilacustomer.org', 45, 1, '2006-02-14 22:04:36', '2006-02-15 04:57:20');
insert into sakila.customer (customer_id, store_id, first_name, last_name, email, address_id, active, create_date, last_update) values (44, 1, 'MARIE', 'TURNER', 'MARIE.TURNER@sakilacustomer.org', 48, 1, '2006-02-14 22:04:36', '2006-02-15 04:57:20');
insert into sakila.customer (customer_id, store_id, first_name, last_name, email, address_id, active, create_date, last_update) values (45, 1, 'JANET', 'PHILLIPS', 'JANET.PHILLIPS@sakilacustomer.org', 49, 1, '2006-02-14 22:04:36', '2006-02-15 04:57:20');
insert into sakila.customer (customer_id, store_id, first_name, last_name, email, address_id, active, create_date, last_update) values (46, 2, 'CATHERINE', 'CAMPBELL', 'CATHERINE.CAMPBELL@sakilacustomer.org', 50, 1, '2006-02-14 22:04:36', '2006-02-15 04:57:20');
insert into sakila.customer (customer_id, store_id, first_name, last_name, email, address_id, active, create_date, last_update) values (49, 2, 'JOYCE', 'EDWARDS', 'JOYCE.EDWARDS@sakilacustomer.org', 53, 1, '2006-02-14 22:04:36', '2006-02-15 04:57:20');
insert into sakila.customer (customer_id, store_id, first_name, last_name, email, address_id, active, create_date, last_update) values (50, 1, 'DIANE', 'COLLINS', 'DIANE.COLLINS@sakilacustomer.org', 54, 1, '2006-02-14 22:04:36', '2006-02-15 04:57:20');
insert into sakila.customer (customer_id, store_id, first_name, last_name, email, address_id, active, create_date, last_update) values (51, 1, 'ALICE', 'STEWART', 'ALICE.STEWART@sakilacustomer.org', 55, 1, '2006-02-14 22:04:36', '2006-02-15 04:57:20');
insert into sakila.customer (customer_id, store_id, first_name, last_name, email, address_id, active, create_date, last_update) values (53, 1, 'HEATHER', 'MORRIS', 'HEATHER.MORRIS@sakilacustomer.org', 57, 1, '2006-02-14 22:04:36', '2006-02-15 04:57:20');
insert into sakila.customer (customer_id, store_id, first_name, last_name, email, address_id, active, create_date, last_update) values (54, 1, 'TERESA', 'ROGERS', 'TERESA.ROGERS@sakilacustomer.org', 58, 1, '2006-02-14 22:04:36', '2006-02-15 04:57:20');
insert into sakila.customer (customer_id, store_id, first_name, last_name, email, address_id, active, create_date, last_update) values (56, 1, 'GLORIA', 'COOK', 'GLORIA.COOK@sakilacustomer.org', 60, 1, '2006-02-14 22:04:36', '2006-02-15 04:57:20');
insert into sakila.customer (customer_id, store_id, first_name, last_name, email, address_id, active, create_date, last_update) values (57, 2, 'EVELYN', 'MORGAN', 'EVELYN.MORGAN@sakilacustomer.org', 61, 1, '2006-02-14 22:04:36', '2006-02-15 04:57:20');
insert into sakila.customer (customer_id, store_id, first_name, last_name, email, address_id, active, create_date, last_update) values (58, 1, 'JEAN', 'BELL', 'JEAN.BELL@sakilacustomer.org', 62, 1, '2006-02-14 22:04:36', '2006-02-15 04:57:20');
insert into sakila.customer (customer_id, store_id, first_name, last_name, email, address_id, active, create_date, last_update) values (60, 1, 'MILDRED', 'BAILEY', 'MILDRED.BAILEY@sakilacustomer.org', 64, 1, '2006-02-14 22:04:36', '2006-02-15 04:57:20');
insert into sakila.customer (customer_id, store_id, first_name, last_name, email, address_id, active, create_date, last_update) values (62, 1, 'JOAN', 'COOPER', 'JOAN.COOPER@sakilacustomer.org', 66, 1, '2006-02-14 22:04:36', '2006-02-15 04:57:20');
insert into sakila.customer (customer_id, store_id, first_name, last_name, email, address_id, active, create_date, last_update) values (63, 1, 'ASHLEY', 'RICHARDSON', 'ASHLEY.RICHARDSON@sakilacustomer.org', 67, 1, '2006-02-14 22:04:36', '2006-02-15 04:57:20');
insert into sakila.customer (customer_id, store_id, first_name, last_name, email, address_id, active, create_date, last_update) values (65, 2, 'ROSE', 'HOWARD', 'ROSE.HOWARD@sakilacustomer.org', 69, 1, '2006-02-14 22:04:36', '2006-02-15 04:57:20');
insert into sakila.customer (customer_id, store_id, first_name, last_name, email, address_id, active, create_date, last_update) values (66, 2, 'JANICE', 'WARD', 'JANICE.WARD@sakilacustomer.org', 70, 1, '2006-02-14 22:04:36', '2006-02-15 04:57:20');
insert into sakila.customer (customer_id, store_id, first_name, last_name, email, address_id, active, create_date, last_update) values (70, 2, 'CHRISTINA', 'RAMIREZ', 'CHRISTINA.RAMIREZ@sakilacustomer.org', 74, 1, '2006-02-14 22:04:36', '2006-02-15 04:57:20');
insert into sakila.customer (customer_id, store_id, first_name, last_name, email, address_id, active, create_date, last_update) values (71, 1, 'KATHY', 'JAMES', 'KATHY.JAMES@sakilacustomer.org', 75, 1, '2006-02-14 22:04:36', '2006-02-15 04:57:20');
insert into sakila.customer (customer_id, store_id, first_name, last_name, email, address_id, active, create_date, last_update) values (72, 2, 'THERESA', 'WATSON', 'THERESA.WATSON@sakilacustomer.org', 76, 1, '2006-02-14 22:04:36', '2006-02-15 04:57:20');
insert into sakila.customer (customer_id, store_id, first_name, last_name, email, address_id, active, create_date, last_update) values (73, 2, 'BEVERLY', 'BROOKS', 'BEVERLY.BROOKS@sakilacustomer.org', 77, 1, '2006-02-14 22:04:36', '2006-02-15 04:57:20');
insert into sakila.customer (customer_id, store_id, first_name, last_name, email, address_id, active, create_date, last_update) values (74, 1, 'DENISE', 'KELLY', 'DENISE.KELLY@sakilacustomer.org', 78, 1, '2006-02-14 22:04:36', '2006-02-15 04:57:20');
insert into sakila.customer (customer_id, store_id, first_name, last_name, email, address_id, active, create_date, last_update) values (75, 2, 'TAMMY', 'SANDERS', 'TAMMY.SANDERS@sakilacustomer.org', 79, 1, '2006-02-14 22:04:36', '2006-02-15 04:57:20');
insert into sakila.customer (customer_id, store_id, first_name, last_name, email, address_id, active, create_date, last_update) values (77, 2, 'JANE', 'BENNETT', 'JANE.BENNETT@sakilacustomer.org', 81, 1, '2006-02-14 22:04:36', '2006-02-15 04:57:20');
insert into sakila.customer (customer_id, store_id, first_name, last_name, email, address_id, active, create_date, last_update) values (78, 1, 'LORI', 'WOOD', 'LORI.WOOD@sakilacustomer.org', 82, 1, '2006-02-14 22:04:36', '2006-02-15 04:57:20');
insert into sakila.customer (customer_id, store_id, first_name, last_name, email, address_id, active, create_date, last_update) values (80, 1, 'MARILYN', 'ROSS', 'MARILYN.ROSS@sakilacustomer.org', 84, 1, '2006-02-14 22:04:36', '2006-02-15 04:57:20');
insert into sakila.customer (customer_id, store_id, first_name, last_name, email, address_id, active, create_date, last_update) values (81, 1, 'ANDREA', 'HENDERSON', 'ANDREA.HENDERSON@sakilacustomer.org', 85, 1, '2006-02-14 22:04:36', '2006-02-15 04:57:20');
insert into sakila.customer (customer_id, store_id, first_name, last_name, email, address_id, active, create_date, last_update) values (83, 1, 'LOUISE', 'JENKINS', 'LOUISE.JENKINS@sakilacustomer.org', 87, 1, '2006-02-14 22:04:36', '2006-02-15 04:57:20');
insert into sakila.customer (customer_id, store_id, first_name, last_name, email, address_id, active, create_date, last_update) values (84, 2, 'SARA', 'PERRY', 'SARA.PERRY@sakilacustomer.org', 88, 1, '2006-02-14 22:04:36', '2006-02-15 04:57:20');
insert into sakila.customer (customer_id, store_id, first_name, last_name, email, address_id, active, create_date, last_update) values (85, 2, 'ANNE', 'POWELL', 'ANNE.POWELL@sakilacustomer.org', 89, 1, '2006-02-14 22:04:36', '2006-02-15 04:57:20');
insert into sakila.customer (customer_id, store_id, first_name, last_name, email, address_id, active, create_date, last_update) values (86, 2, 'JACQUELINE', 'LONG', 'JACQUELINE.LONG@sakilacustomer.org', 90, 1, '2006-02-14 22:04:36', '2006-02-15 04:57:20');
insert into sakila.customer (customer_id, store_id, first_name, last_name, email, address_id, active, create_date, last_update) values (87, 1, 'WANDA', 'PATTERSON', 'WANDA.PATTERSON@sakilacustomer.org', 91, 1, '2006-02-14 22:04:36', '2006-02-15 04:57:20');
insert into sakila.customer (customer_id, store_id, first_name, last_name, email, address_id, active, create_date, last_update) values (88, 2, 'BONNIE', 'HUGHES', 'BONNIE.HUGHES@sakilacustomer.org', 92, 1, '2006-02-14 22:04:36', '2006-02-15 04:57:20');
insert into sakila.customer (customer_id, store_id, first_name, last_name, email, address_id, active, create_date, last_update) values (89, 1, 'JULIA', 'FLORES', 'JULIA.FLORES@sakilacustomer.org', 93, 1, '2006-02-14 22:04:36', '2006-02-15 04:57:20');
insert into sakila.customer (customer_id, store_id, first_name, last_name, email, address_id, active, create_date, last_update) values (90, 2, 'RUBY', 'WASHINGTON', 'RUBY.WASHINGTON@sakilacustomer.org', 94, 1, '2006-02-14 22:04:36', '2006-02-15 04:57:20');
insert into sakila.customer (customer_id, store_id, first_name, last_name, email, address_id, active, create_date, last_update) values (91, 2, 'LOIS', 'BUTLER', 'LOIS.BUTLER@sakilacustomer.org', 95, 1, '2006-02-14 22:04:36', '2006-02-15 04:57:20');
insert into sakila.customer (customer_id, store_id, first_name, last_name, email, address_id, active, create_date, last_update) values (92, 2, 'TINA', 'SIMMONS', 'TINA.SIMMONS@sakilacustomer.org', 96, 1, '2006-02-14 22:04:36', '2006-02-15 04:57:20');
insert into sakila.customer (customer_id, store_id, first_name, last_name, email, address_id, active, create_date, last_update) values (96, 1, 'DIANA', 'ALEXANDER', 'DIANA.ALEXANDER@sakilacustomer.org', 100, 1, '2006-02-14 22:04:36', '2006-02-15 04:57:20');
insert into sakila.customer (customer_id, store_id, first_name, last_name, email, address_id, active, create_date, last_update) values (98, 1, 'LILLIAN', 'GRIFFIN', 'LILLIAN.GRIFFIN@sakilacustomer.org', 102, 1, '2006-02-14 22:04:36', '2006-02-15 04:57:20');
insert into sakila.customer (customer_id, store_id, first_name, last_name, email, address_id, active, create_date, last_update) values (100, 1, 'ROBIN', 'HAYES', 'ROBIN.HAYES@sakilacustomer.org', 104, 1, '2006-02-14 22:04:36', '2006-02-15 04:57:20');
insert into sakila.customer (customer_id, store_id, first_name, last_name, email, address_id, active, create_date, last_update) values (102, 1, 'CRYSTAL', 'FORD', 'CRYSTAL.FORD@sakilacustomer.org', 106, 1, '2006-02-14 22:04:36', '2006-02-15 04:57:20');
insert into sakila.customer (customer_id, store_id, first_name, last_name, email, address_id, active, create_date, last_update) values (103, 1, 'GLADYS', 'HAMILTON', 'GLADYS.HAMILTON@sakilacustomer.org', 107, 1, '2006-02-14 22:04:36', '2006-02-15 04:57:20');
insert into sakila.customer (customer_id, store_id, first_name, last_name, email, address_id, active, create_date, last_update) values (105, 1, 'DAWN', 'SULLIVAN', 'DAWN.SULLIVAN@sakilacustomer.org', 109, 1, '2006-02-14 22:04:36', '2006-02-15 04:57:20');
insert into sakila.customer (customer_id, store_id, first_name, last_name, email, address_id, active, create_date, last_update) values (106, 1, 'CONNIE', 'WALLACE', 'CONNIE.WALLACE@sakilacustomer.org', 110, 1, '2006-02-14 22:04:36', '2006-02-15 04:57:20');
insert into sakila.customer (customer_id, store_id, first_name, last_name, email, address_id, active, create_date, last_update) values (107, 1, 'FLORENCE', 'WOODS', 'FLORENCE.WOODS@sakilacustomer.org', 111, 1, '2006-02-14 22:04:36', '2006-02-15 04:57:20');
insert into sakila.customer (customer_id, store_id, first_name, last_name, email, address_id, active, create_date, last_update) values (111, 1, 'CARMEN', 'OWENS', 'CARMEN.OWENS@sakilacustomer.org', 115, 1, '2006-02-14 22:04:36', '2006-02-15 04:57:20');
insert into sakila.customer (customer_id, store_id, first_name, last_name, email, address_id, active, create_date, last_update) values (113, 2, 'CINDY', 'FISHER', 'CINDY.FISHER@sakilacustomer.org', 117, 1, '2006-02-14 22:04:36', '2006-02-15 04:57:20');
insert into sakila.customer (customer_id, store_id, first_name, last_name, email, address_id, active, create_date, last_update) values (115, 1, 'WENDY', 'HARRISON', 'WENDY.HARRISON@sakilacustomer.org', 119, 1, '2006-02-14 22:04:36', '2006-02-15 04:57:20');
insert into sakila.customer (customer_id, store_id, first_name, last_name, email, address_id, active, create_date, last_update) values (116, 1, 'VICTORIA', 'GIBSON', 'VICTORIA.GIBSON@sakilacustomer.org', 120, 1, '2006-02-14 22:04:36', '2006-02-15 04:57:20');
insert into sakila.customer (customer_id, store_id, first_name, last_name, email, address_id, active, create_date, last_update) values (118, 1, 'KIM', 'CRUZ', 'KIM.CRUZ@sakilacustomer.org', 122, 1, '2006-02-14 22:04:36', '2006-02-15 04:57:20');
insert into sakila.customer (customer_id, store_id, first_name, last_name, email, address_id, active, create_date, last_update) values (119, 1, 'SHERRY', 'MARSHALL', 'SHERRY.MARSHALL@sakilacustomer.org', 123, 1, '2006-02-14 22:04:36', '2006-02-15 04:57:20');
insert into sakila.customer (customer_id, store_id, first_name, last_name, email, address_id, active, create_date, last_update) values (121, 1, 'JOSEPHINE', 'GOMEZ', 'JOSEPHINE.GOMEZ@sakilacustomer.org', 125, 1, '2006-02-14 22:04:36', '2006-02-15 04:57:20');
insert into sakila.customer (customer_id, store_id, first_name, last_name, email, address_id, active, create_date, last_update) values (122, 1, 'THELMA', 'MURRAY', 'THELMA.MURRAY@sakilacustomer.org', 126, 1, '2006-02-14 22:04:36', '2006-02-15 04:57:20');
insert into sakila.customer (customer_id, store_id, first_name, last_name, email, address_id, active, create_date, last_update) values (123, 2, 'SHANNON', 'FREEMAN', 'SHANNON.FREEMAN@sakilacustomer.org', 127, 1, '2006-02-14 22:04:36', '2006-02-15 04:57:20');
insert into sakila.customer (customer_id, store_id, first_name, last_name, email, address_id, active, create_date, last_update) values (125, 1, 'ETHEL', 'WEBB', 'ETHEL.WEBB@sakilacustomer.org', 129, 1, '2006-02-14 22:04:36', '2006-02-15 04:57:20');
insert into sakila.customer (customer_id, store_id, first_name, last_name, email, address_id, active, create_date, last_update) values (126, 1, 'ELLEN', 'SIMPSON', 'ELLEN.SIMPSON@sakilacustomer.org', 130, 1, '2006-02-14 22:04:36', '2006-02-15 04:57:20');
insert into sakila.customer (customer_id, store_id, first_name, last_name, email, address_id, active, create_date, last_update) values (127, 2, 'ELAINE', 'STEVENS', 'ELAINE.STEVENS@sakilacustomer.org', 131, 1, '2006-02-14 22:04:36', '2006-02-15 04:57:20');
insert into sakila.customer (customer_id, store_id, first_name, last_name, email, address_id, active, create_date, last_update) values (128, 1, 'MARJORIE', 'TUCKER', 'MARJORIE.TUCKER@sakilacustomer.org', 132, 1, '2006-02-14 22:04:36', '2006-02-15 04:57:20');
insert into sakila.customer (customer_id, store_id, first_name, last_name, email, address_id, active, create_date, last_update) values (129, 1, 'CARRIE', 'PORTER', 'CARRIE.PORTER@sakilacustomer.org', 133, 1, '2006-02-14 22:04:36', '2006-02-15 04:57:20');
insert into sakila.customer (customer_id, store_id, first_name, last_name, email, address_id, active, create_date, last_update) values (131, 2, 'MONICA', 'HICKS', 'MONICA.HICKS@sakilacustomer.org', 135, 1, '2006-02-14 22:04:36', '2006-02-15 04:57:20');
insert into sakila.customer (customer_id, store_id, first_name, last_name, email, address_id, active, create_date, last_update) values (132, 2, 'ESTHER', 'CRAWFORD', 'ESTHER.CRAWFORD@sakilacustomer.org', 136, 1, '2006-02-14 22:04:36', '2006-02-15 04:57:20');
insert into sakila.customer (customer_id, store_id, first_name, last_name, email, address_id, active, create_date, last_update) values (134, 1, 'EMMA', 'BOYD', 'EMMA.BOYD@sakilacustomer.org', 138, 1, '2006-02-14 22:04:36', '2006-02-15 04:57:20');
insert into sakila.customer (customer_id, store_id, first_name, last_name, email, address_id, active, create_date, last_update) values (135, 2, 'JUANITA', 'MASON', 'JUANITA.MASON@sakilacustomer.org', 139, 1, '2006-02-14 22:04:36', '2006-02-15 04:57:20');
insert into sakila.customer (customer_id, store_id, first_name, last_name, email, address_id, active, create_date, last_update) values (138, 1, 'HAZEL', 'WARREN', 'HAZEL.WARREN@sakilacustomer.org', 142, 1, '2006-02-14 22:04:36', '2006-02-15 04:57:20');
insert into sakila.customer (customer_id, store_id, first_name, last_name, email, address_id, active, create_date, last_update) values (141, 1, 'DEBBIE', 'REYES', 'DEBBIE.REYES@sakilacustomer.org', 145, 1, '2006-02-14 22:04:36', '2006-02-15 04:57:20');
insert into sakila.customer (customer_id, store_id, first_name, last_name, email, address_id, active, create_date, last_update) values (144, 1, 'CLARA', 'SHAW', 'CLARA.SHAW@sakilacustomer.org', 148, 1, '2006-02-14 22:04:36', '2006-02-15 04:57:20');
insert into sakila.customer (customer_id, store_id, first_name, last_name, email, address_id, active, create_date, last_update) values (145, 1, 'LUCILLE', 'HOLMES', 'LUCILLE.HOLMES@sakilacustomer.org', 149, 1, '2006-02-14 22:04:36', '2006-02-15 04:57:20');
insert into sakila.customer (customer_id, store_id, first_name, last_name, email, address_id, active, create_date, last_update) values (146, 1, 'JAMIE', 'RICE', 'JAMIE.RICE@sakilacustomer.org', 150, 1, '2006-02-14 22:04:36', '2006-02-15 04:57:20');
insert into sakila.customer (customer_id, store_id, first_name, last_name, email, address_id, active, create_date, last_update) values (147, 2, 'JOANNE', 'ROBERTSON', 'JOANNE.ROBERTSON@sakilacustomer.org', 151, 1, '2006-02-14 22:04:36', '2006-02-15 04:57:20');
insert into sakila.customer (customer_id, store_id, first_name, last_name, email, address_id, active, create_date, last_update) values (148, 1, 'ELEANOR', 'HUNT', 'ELEANOR.HUNT@sakilacustomer.org', 152, 1, '2006-02-14 22:04:36', '2006-02-15 04:57:20');
insert into sakila.customer (customer_id, store_id, first_name, last_name, email, address_id, active, create_date, last_update) values (152, 1, 'ALICIA', 'MILLS', 'ALICIA.MILLS@sakilacustomer.org', 156, 1, '2006-02-14 22:04:36', '2006-02-15 04:57:20');
insert into sakila.customer (customer_id, store_id, first_name, last_name, email, address_id, active, create_date, last_update) values (157, 2, 'DARLENE', 'ROSE', 'DARLENE.ROSE@sakilacustomer.org', 161, 1, '2006-02-14 22:04:36', '2006-02-15 04:57:20');
insert into sakila.customer (customer_id, store_id, first_name, last_name, email, address_id, active, create_date, last_update) values (158, 1, 'VERONICA', 'STONE', 'VERONICA.STONE@sakilacustomer.org', 162, 1, '2006-02-14 22:04:36', '2006-02-15 04:57:20');
insert into sakila.customer (customer_id, store_id, first_name, last_name, email, address_id, active, create_date, last_update) values (159, 1, 'JILL', 'HAWKINS', 'JILL.HAWKINS@sakilacustomer.org', 163, 1, '2006-02-14 22:04:36', '2006-02-15 04:57:20');
insert into sakila.customer (customer_id, store_id, first_name, last_name, email, address_id, active, create_date, last_update) values (160, 2, 'ERIN', 'DUNN', 'ERIN.DUNN@sakilacustomer.org', 164, 1, '2006-02-14 22:04:36', '2006-02-15 04:57:20');
insert into sakila.customer (customer_id, store_id, first_name, last_name, email, address_id, active, create_date, last_update) values (161, 1, 'GERALDINE', 'PERKINS', 'GERALDINE.PERKINS@sakilacustomer.org', 165, 1, '2006-02-14 22:04:36', '2006-02-15 04:57:20');
insert into sakila.customer (customer_id, store_id, first_name, last_name, email, address_id, active, create_date, last_update) values (163, 1, 'CATHY', 'SPENCER', 'CATHY.SPENCER@sakilacustomer.org', 167, 1, '2006-02-14 22:04:36', '2006-02-15 04:57:20');
insert into sakila.customer (customer_id, store_id, first_name, last_name, email, address_id, active, create_date, last_update) values (164, 2, 'JOANN', 'GARDNER', 'JOANN.GARDNER@sakilacustomer.org', 168, 1, '2006-02-14 22:04:36', '2006-02-15 04:57:20');
insert into sakila.customer (customer_id, store_id, first_name, last_name, email, address_id, active, create_date, last_update) values (165, 2, 'LORRAINE', 'STEPHENS', 'LORRAINE.STEPHENS@sakilacustomer.org', 169, 1, '2006-02-14 22:04:36', '2006-02-15 04:57:20');
insert into sakila.customer (customer_id, store_id, first_name, last_name, email, address_id, active, create_date, last_update) values (166, 1, 'LYNN', 'PAYNE', 'LYNN.PAYNE@sakilacustomer.org', 170, 1, '2006-02-14 22:04:36', '2006-02-15 04:57:20');
insert into sakila.customer (customer_id, store_id, first_name, last_name, email, address_id, active, create_date, last_update) values (167, 2, 'SALLY', 'PIERCE', 'SALLY.PIERCE@sakilacustomer.org', 171, 1, '2006-02-14 22:04:36', '2006-02-15 04:57:20');
insert into sakila.customer (customer_id, store_id, first_name, last_name, email, address_id, active, create_date, last_update) values (169, 2, 'ERICA', 'MATTHEWS', 'ERICA.MATTHEWS@sakilacustomer.org', 173, 0, '2006-02-14 22:04:36', '2006-02-15 04:57:20');
insert into sakila.customer (customer_id, store_id, first_name, last_name, email, address_id, active, create_date, last_update) values (170, 1, 'BEATRICE', 'ARNOLD', 'BEATRICE.ARNOLD@sakilacustomer.org', 174, 1, '2006-02-14 22:04:36', '2006-02-15 04:57:20');
insert into sakila.customer (customer_id, store_id, first_name, last_name, email, address_id, active, create_date, last_update) values (171, 2, 'DOLORES', 'WAGNER', 'DOLORES.WAGNER@sakilacustomer.org', 175, 1, '2006-02-14 22:04:36', '2006-02-15 04:57:20');
insert into sakila.customer (customer_id, store_id, first_name, last_name, email, address_id, active, create_date, last_update) values (172, 1, 'BERNICE', 'WILLIS', 'BERNICE.WILLIS@sakilacustomer.org', 176, 1, '2006-02-14 22:04:36', '2006-02-15 04:57:20');
insert into sakila.customer (customer_id, store_id, first_name, last_name, email, address_id, active, create_date, last_update) values (173, 1, 'AUDREY', 'RAY', 'AUDREY.RAY@sakilacustomer.org', 177, 1, '2006-02-14 22:04:36', '2006-02-15 04:57:20');
insert into sakila.customer (customer_id, store_id, first_name, last_name, email, address_id, active, create_date, last_update) values (175, 1, 'ANNETTE', 'OLSON', 'ANNETTE.OLSON@sakilacustomer.org', 179, 1, '2006-02-14 22:04:36', '2006-02-15 04:57:20');
insert into sakila.customer (customer_id, store_id, first_name, last_name, email, address_id, active, create_date, last_update) values (176, 1, 'JUNE', 'CARROLL', 'JUNE.CARROLL@sakilacustomer.org', 180, 1, '2006-02-14 22:04:36', '2006-02-15 04:57:20');
insert into sakila.customer (customer_id, store_id, first_name, last_name, email, address_id, active, create_date, last_update) values (177, 2, 'SAMANTHA', 'DUNCAN', 'SAMANTHA.DUNCAN@sakilacustomer.org', 181, 1, '2006-02-14 22:04:36', '2006-02-15 04:57:20');
insert into sakila.customer (customer_id, store_id, first_name, last_name, email, address_id, active, create_date, last_update) values (178, 2, 'MARION', 'SNYDER', 'MARION.SNYDER@sakilacustomer.org', 182, 1, '2006-02-14 22:04:36', '2006-02-15 04:57:20');
insert into sakila.customer (customer_id, store_id, first_name, last_name, email, address_id, active, create_date, last_update) values (179, 1, 'DANA', 'HART', 'DANA.HART@sakilacustomer.org', 183, 1, '2006-02-14 22:04:36', '2006-02-15 04:57:20');
insert into sakila.customer (customer_id, store_id, first_name, last_name, email, address_id, active, create_date, last_update) values (180, 2, 'STACY', 'CUNNINGHAM', 'STACY.CUNNINGHAM@sakilacustomer.org', 184, 1, '2006-02-14 22:04:36', '2006-02-15 04:57:20');
insert into sakila.customer (customer_id, store_id, first_name, last_name, email, address_id, active, create_date, last_update) values (181, 2, 'ANA', 'BRADLEY', 'ANA.BRADLEY@sakilacustomer.org', 185, 1, '2006-02-14 22:04:36', '2006-02-15 04:57:20');
insert into sakila.customer (customer_id, store_id, first_name, last_name, email, address_id, active, create_date, last_update) values (182, 1, 'RENEE', 'LANE', 'RENEE.LANE@sakilacustomer.org', 186, 1, '2006-02-14 22:04:36', '2006-02-15 04:57:20');
insert into sakila.customer (customer_id, store_id, first_name, last_name, email, address_id, active, create_date, last_update) values (183, 2, 'IDA', 'ANDREWS', 'IDA.ANDREWS@sakilacustomer.org', 187, 1, '2006-02-14 22:04:36', '2006-02-15 04:57:20');
insert into sakila.customer (customer_id, store_id, first_name, last_name, email, address_id, active, create_date, last_update) values (186, 2, 'HOLLY', 'FOX', 'HOLLY.FOX@sakilacustomer.org', 190, 1, '2006-02-14 22:04:36', '2006-02-15 04:57:20');
insert into sakila.customer (customer_id, store_id, first_name, last_name, email, address_id, active, create_date, last_update) values (187, 2, 'BRITTANY', 'RILEY', 'BRITTANY.RILEY@sakilacustomer.org', 191, 1, '2006-02-14 22:04:36', '2006-02-15 04:57:20');
insert into sakila.customer (customer_id, store_id, first_name, last_name, email, address_id, active, create_date, last_update) values (189, 1, 'LORETTA', 'CARPENTER', 'LORETTA.CARPENTER@sakilacustomer.org', 193, 1, '2006-02-14 22:04:36', '2006-02-15 04:57:20');
insert into sakila.customer (customer_id, store_id, first_name, last_name, email, address_id, active, create_date, last_update) values (191, 1, 'JEANETTE', 'GREENE', 'JEANETTE.GREENE@sakilacustomer.org', 195, 1, '2006-02-14 22:04:36', '2006-02-15 04:57:20');
insert into sakila.customer (customer_id, store_id, first_name, last_name, email, address_id, active, create_date, last_update) values (192, 1, 'LAURIE', 'LAWRENCE', 'LAURIE.LAWRENCE@sakilacustomer.org', 196, 1, '2006-02-14 22:04:36', '2006-02-15 04:57:20');
insert into sakila.customer (customer_id, store_id, first_name, last_name, email, address_id, active, create_date, last_update) values (193, 2, 'KATIE', 'ELLIOTT', 'KATIE.ELLIOTT@sakilacustomer.org', 197, 1, '2006-02-14 22:04:36', '2006-02-15 04:57:20');
insert into sakila.customer (customer_id, store_id, first_name, last_name, email, address_id, active, create_date, last_update) values (194, 2, 'KRISTEN', 'CHAVEZ', 'KRISTEN.CHAVEZ@sakilacustomer.org', 198, 1, '2006-02-14 22:04:36', '2006-02-15 04:57:20');
insert into sakila.customer (customer_id, store_id, first_name, last_name, email, address_id, active, create_date, last_update) values (197, 2, 'SUE', 'PETERS', 'SUE.PETERS@sakilacustomer.org', 201, 1, '2006-02-14 22:04:36', '2006-02-15 04:57:20');
insert into sakila.customer (customer_id, store_id, first_name, last_name, email, address_id, active, create_date, last_update) values (198, 2, 'ELSIE', 'KELLEY', 'ELSIE.KELLEY@sakilacustomer.org', 202, 1, '2006-02-14 22:04:36', '2006-02-15 04:57:20');
insert into sakila.customer (customer_id, store_id, first_name, last_name, email, address_id, active, create_date, last_update) values (200, 2, 'JEANNE', 'LAWSON', 'JEANNE.LAWSON@sakilacustomer.org', 204, 1, '2006-02-14 22:04:36', '2006-02-15 04:57:20');
insert into sakila.customer (customer_id, store_id, first_name, last_name, email, address_id, active, create_date, last_update) values (201, 1, 'VICKI', 'FIELDS', 'VICKI.FIELDS@sakilacustomer.org', 205, 1, '2006-02-14 22:04:36', '2006-02-15 04:57:20');
insert into sakila.customer (customer_id, store_id, first_name, last_name, email, address_id, active, create_date, last_update) values (204, 1, 'ROSEMARY', 'SCHMIDT', 'ROSEMARY.SCHMIDT@sakilacustomer.org', 208, 1, '2006-02-14 22:04:36', '2006-02-15 04:57:20');
insert into sakila.customer (customer_id, store_id, first_name, last_name, email, address_id, active, create_date, last_update) values (206, 1, 'TERRI', 'VASQUEZ', 'TERRI.VASQUEZ@sakilacustomer.org', 210, 1, '2006-02-14 22:04:36', '2006-02-15 04:57:20');
insert into sakila.customer (customer_id, store_id, first_name, last_name, email, address_id, active, create_date, last_update) values (209, 2, 'TONYA', 'CHAPMAN', 'TONYA.CHAPMAN@sakilacustomer.org', 213, 1, '2006-02-14 22:04:36', '2006-02-15 04:57:20');
insert into sakila.customer (customer_id, store_id, first_name, last_name, email, address_id, active, create_date, last_update) values (210, 2, 'ELLA', 'OLIVER', 'ELLA.OLIVER@sakilacustomer.org', 214, 1, '2006-02-14 22:04:36', '2006-02-15 04:57:20');
insert into sakila.customer (customer_id, store_id, first_name, last_name, email, address_id, active, create_date, last_update) values (213, 1, 'GINA', 'WILLIAMSON', 'GINA.WILLIAMSON@sakilacustomer.org', 217, 1, '2006-02-14 22:04:36', '2006-02-15 04:57:20');
insert into sakila.customer (customer_id, store_id, first_name, last_name, email, address_id, active, create_date, last_update) values (215, 2, 'JESSIE', 'BANKS', 'JESSIE.BANKS@sakilacustomer.org', 219, 1, '2006-02-14 22:04:36', '2006-02-15 04:57:20');
insert into sakila.customer (customer_id, store_id, first_name, last_name, email, address_id, active, create_date, last_update) values (216, 1, 'NATALIE', 'MEYER', 'NATALIE.MEYER@sakilacustomer.org', 220, 1, '2006-02-14 22:04:36', '2006-02-15 04:57:20');
insert into sakila.customer (customer_id, store_id, first_name, last_name, email, address_id, active, create_date, last_update) values (217, 2, 'AGNES', 'BISHOP', 'AGNES.BISHOP@sakilacustomer.org', 221, 1, '2006-02-14 22:04:36', '2006-02-15 04:57:20');
insert into sakila.customer (customer_id, store_id, first_name, last_name, email, address_id, active, create_date, last_update) values (218, 1, 'VERA', 'MCCOY', 'VERA.MCCOY@sakilacustomer.org', 222, 1, '2006-02-14 22:04:36', '2006-02-15 04:57:20');
insert into sakila.customer (customer_id, store_id, first_name, last_name, email, address_id, active, create_date, last_update) values (219, 2, 'WILLIE', 'HOWELL', 'WILLIE.HOWELL@sakilacustomer.org', 223, 1, '2006-02-14 22:04:36', '2006-02-15 04:57:20');
insert into sakila.customer (customer_id, store_id, first_name, last_name, email, address_id, active, create_date, last_update) values (220, 2, 'CHARLENE', 'ALVAREZ', 'CHARLENE.ALVAREZ@sakilacustomer.org', 224, 1, '2006-02-14 22:04:36', '2006-02-15 04:57:20');
insert into sakila.customer (customer_id, store_id, first_name, last_name, email, address_id, active, create_date, last_update) values (221, 1, 'BESSIE', 'MORRISON', 'BESSIE.MORRISON@sakilacustomer.org', 225, 1, '2006-02-14 22:04:36', '2006-02-15 04:57:20');
insert into sakila.customer (customer_id, store_id, first_name, last_name, email, address_id, active, create_date, last_update) values (222, 2, 'DELORES', 'HANSEN', 'DELORES.HANSEN@sakilacustomer.org', 226, 1, '2006-02-14 22:04:36', '2006-02-15 04:57:20');
insert into sakila.customer (customer_id, store_id, first_name, last_name, email, address_id, active, create_date, last_update) values (224, 2, 'PEARL', 'GARZA', 'PEARL.GARZA@sakilacustomer.org', 228, 1, '2006-02-14 22:04:36', '2006-02-15 04:57:20');
insert into sakila.customer (customer_id, store_id, first_name, last_name, email, address_id, active, create_date, last_update) values (225, 1, 'ARLENE', 'HARVEY', 'ARLENE.HARVEY@sakilacustomer.org', 229, 1, '2006-02-14 22:04:36', '2006-02-15 04:57:20');
insert into sakila.customer (customer_id, store_id, first_name, last_name, email, address_id, active, create_date, last_update) values (226, 2, 'MAUREEN', 'LITTLE', 'MAUREEN.LITTLE@sakilacustomer.org', 230, 1, '2006-02-14 22:04:36', '2006-02-15 04:57:20');
insert into sakila.customer (customer_id, store_id, first_name, last_name, email, address_id, active, create_date, last_update) values (227, 1, 'COLLEEN', 'BURTON', 'COLLEEN.BURTON@sakilacustomer.org', 231, 1, '2006-02-14 22:04:36', '2006-02-15 04:57:20');
insert into sakila.customer (customer_id, store_id, first_name, last_name, email, address_id, active, create_date, last_update) values (230, 2, 'JOY', 'GEORGE', 'JOY.GEORGE@sakilacustomer.org', 234, 1, '2006-02-14 22:04:36', '2006-02-15 04:57:20');
insert into sakila.customer (customer_id, store_id, first_name, last_name, email, address_id, active, create_date, last_update) values (231, 1, 'GEORGIA', 'JACOBS', 'GEORGIA.JACOBS@sakilacustomer.org', 235, 1, '2006-02-14 22:04:36', '2006-02-15 04:57:20');
insert into sakila.customer (customer_id, store_id, first_name, last_name, email, address_id, active, create_date, last_update) values (233, 2, 'LILLIE', 'KIM', 'LILLIE.KIM@sakilacustomer.org', 237, 1, '2006-02-14 22:04:36', '2006-02-15 04:57:20');
insert into sakila.customer (customer_id, store_id, first_name, last_name, email, address_id, active, create_date, last_update) values (234, 1, 'CLAUDIA', 'FULLER', 'CLAUDIA.FULLER@sakilacustomer.org', 238, 1, '2006-02-14 22:04:36', '2006-02-15 04:57:20');
insert into sakila.customer (customer_id, store_id, first_name, last_name, email, address_id, active, create_date, last_update) values (235, 1, 'JACKIE', 'LYNCH', 'JACKIE.LYNCH@sakilacustomer.org', 239, 1, '2006-02-14 22:04:36', '2006-02-15 04:57:20');
insert into sakila.customer (customer_id, store_id, first_name, last_name, email, address_id, active, create_date, last_update) values (236, 1, 'MARCIA', 'DEAN', 'MARCIA.DEAN@sakilacustomer.org', 240, 1, '2006-02-14 22:04:36', '2006-02-15 04:57:20');
insert into sakila.customer (customer_id, store_id, first_name, last_name, email, address_id, active, create_date, last_update) values (237, 1, 'TANYA', 'GILBERT', 'TANYA.GILBERT@sakilacustomer.org', 241, 1, '2006-02-14 22:04:36', '2006-02-15 04:57:20');
insert into sakila.customer (customer_id, store_id, first_name, last_name, email, address_id, active, create_date, last_update) values (238, 1, 'NELLIE', 'GARRETT', 'NELLIE.GARRETT@sakilacustomer.org', 242, 1, '2006-02-14 22:04:36', '2006-02-15 04:57:20');
insert into sakila.customer (customer_id, store_id, first_name, last_name, email, address_id, active, create_date, last_update) values (240, 1, 'MARLENE', 'WELCH', 'MARLENE.WELCH@sakilacustomer.org', 244, 1, '2006-02-14 22:04:36', '2006-02-15 04:57:20');
insert into sakila.customer (customer_id, store_id, first_name, last_name, email, address_id, active, create_date, last_update) values (241, 2, 'HEIDI', 'LARSON', 'HEIDI.LARSON@sakilacustomer.org', 245, 0, '2006-02-14 22:04:36', '2006-02-15 04:57:20');
insert into sakila.customer (customer_id, store_id, first_name, last_name, email, address_id, active, create_date, last_update) values (242, 1, 'GLENDA', 'FRAZIER', 'GLENDA.FRAZIER@sakilacustomer.org', 246, 1, '2006-02-14 22:04:36', '2006-02-15 04:57:20');
insert into sakila.customer (customer_id, store_id, first_name, last_name, email, address_id, active, create_date, last_update) values (244, 2, 'VIOLA', 'HANSON', 'VIOLA.HANSON@sakilacustomer.org', 248, 1, '2006-02-14 22:04:36', '2006-02-15 04:57:20');
insert into sakila.customer (customer_id, store_id, first_name, last_name, email, address_id, active, create_date, last_update) values (245, 1, 'COURTNEY', 'DAY', 'COURTNEY.DAY@sakilacustomer.org', 249, 1, '2006-02-14 22:04:36', '2006-02-15 04:57:20');
insert into sakila.customer (customer_id, store_id, first_name, last_name, email, address_id, active, create_date, last_update) values (246, 1, 'MARIAN', 'MENDOZA', 'MARIAN.MENDOZA@sakilacustomer.org', 250, 1, '2006-02-14 22:04:36', '2006-02-15 04:57:20');
insert into sakila.customer (customer_id, store_id, first_name, last_name, email, address_id, active, create_date, last_update) values (247, 1, 'STELLA', 'MORENO', 'STELLA.MORENO@sakilacustomer.org', 251, 1, '2006-02-14 22:04:36', '2006-02-15 04:57:20');
insert into sakila.customer (customer_id, store_id, first_name, last_name, email, address_id, active, create_date, last_update) values (248, 1, 'CAROLINE', 'BOWMAN', 'CAROLINE.BOWMAN@sakilacustomer.org', 252, 1, '2006-02-14 22:04:36', '2006-02-15 04:57:20');
insert into sakila.customer (customer_id, store_id, first_name, last_name, email, address_id, active, create_date, last_update) values (249, 2, 'DORA', 'MEDINA', 'DORA.MEDINA@sakilacustomer.org', 253, 1, '2006-02-14 22:04:36', '2006-02-15 04:57:20');
insert into sakila.customer (customer_id, store_id, first_name, last_name, email, address_id, active, create_date, last_update) values (250, 2, 'JO', 'FOWLER', 'JO.FOWLER@sakilacustomer.org', 254, 1, '2006-02-14 22:04:36', '2006-02-15 04:57:20');
insert into sakila.customer (customer_id, store_id, first_name, last_name, email, address_id, active, create_date, last_update) values (252, 2, 'MATTIE', 'HOFFMAN', 'MATTIE.HOFFMAN@sakilacustomer.org', 256, 1, '2006-02-14 22:04:36', '2006-02-15 04:57:20');
insert into sakila.customer (customer_id, store_id, first_name, last_name, email, address_id, active, create_date, last_update) values (254, 2, 'MAXINE', 'SILVA', 'MAXINE.SILVA@sakilacustomer.org', 259, 1, '2006-02-14 22:04:36', '2006-02-15 04:57:20');
insert into sakila.customer (customer_id, store_id, first_name, last_name, email, address_id, active, create_date, last_update) values (256, 2, 'MABEL', 'HOLLAND', 'MABEL.HOLLAND@sakilacustomer.org', 261, 1, '2006-02-14 22:04:36', '2006-02-15 04:57:20');
insert into sakila.customer (customer_id, store_id, first_name, last_name, email, address_id, active, create_date, last_update) values (257, 2, 'MARSHA', 'DOUGLAS', 'MARSHA.DOUGLAS@sakilacustomer.org', 262, 1, '2006-02-14 22:04:36', '2006-02-15 04:57:20');
insert into sakila.customer (customer_id, store_id, first_name, last_name, email, address_id, active, create_date, last_update) values (258, 1, 'MYRTLE', 'FLEMING', 'MYRTLE.FLEMING@sakilacustomer.org', 263, 1, '2006-02-14 22:04:36', '2006-02-15 04:57:20');
insert into sakila.customer (customer_id, store_id, first_name, last_name, email, address_id, active, create_date, last_update) values (259, 2, 'LENA', 'JENSEN', 'LENA.JENSEN@sakilacustomer.org', 264, 1, '2006-02-14 22:04:36', '2006-02-15 04:57:20');
insert into sakila.customer (customer_id, store_id, first_name, last_name, email, address_id, active, create_date, last_update) values (264, 1, 'GWENDOLYN', 'MAY', 'GWENDOLYN.MAY@sakilacustomer.org', 269, 1, '2006-02-14 22:04:36', '2006-02-15 04:57:20');
insert into sakila.customer (customer_id, store_id, first_name, last_name, email, address_id, active, create_date, last_update) values (265, 2, 'JENNIE', 'TERRY', 'JENNIE.TERRY@sakilacustomer.org', 270, 1, '2006-02-14 22:04:36', '2006-02-15 04:57:20');
insert into sakila.customer (customer_id, store_id, first_name, last_name, email, address_id, active, create_date, last_update) values (266, 2, 'NORA', 'HERRERA', 'NORA.HERRERA@sakilacustomer.org', 271, 1, '2006-02-14 22:04:36', '2006-02-15 04:57:20');
insert into sakila.customer (customer_id, store_id, first_name, last_name, email, address_id, active, create_date, last_update) values (267, 1, 'MARGIE', 'WADE', 'MARGIE.WADE@sakilacustomer.org', 272, 1, '2006-02-14 22:04:36', '2006-02-15 04:57:20');
insert into sakila.customer (customer_id, store_id, first_name, last_name, email, address_id, active, create_date, last_update) values (268, 1, 'NINA', 'SOTO', 'NINA.SOTO@sakilacustomer.org', 273, 1, '2006-02-14 22:04:36', '2006-02-15 04:57:20');
insert into sakila.customer (customer_id, store_id, first_name, last_name, email, address_id, active, create_date, last_update) values (269, 1, 'CASSANDRA', 'WALTERS', 'CASSANDRA.WALTERS@sakilacustomer.org', 274, 1, '2006-02-14 22:04:36', '2006-02-15 04:57:20');
insert into sakila.customer (customer_id, store_id, first_name, last_name, email, address_id, active, create_date, last_update) values (271, 1, 'PENNY', 'NEAL', 'PENNY.NEAL@sakilacustomer.org', 276, 0, '2006-02-14 22:04:36', '2006-02-15 04:57:20');
insert into sakila.customer (customer_id, store_id, first_name, last_name, email, address_id, active, create_date, last_update) values (272, 1, 'KAY', 'CALDWELL', 'KAY.CALDWELL@sakilacustomer.org', 277, 1, '2006-02-14 22:04:37', '2006-02-15 04:57:20');
insert into sakila.customer (customer_id, store_id, first_name, last_name, email, address_id, active, create_date, last_update) values (273, 2, 'PRISCILLA', 'LOWE', 'PRISCILLA.LOWE@sakilacustomer.org', 278, 1, '2006-02-14 22:04:37', '2006-02-15 04:57:20');
insert into sakila.customer (customer_id, store_id, first_name, last_name, email, address_id, active, create_date, last_update) values (275, 2, 'CAROLE', 'BARNETT', 'CAROLE.BARNETT@sakilacustomer.org', 280, 1, '2006-02-14 22:04:37', '2006-02-15 04:57:20');
insert into sakila.customer (customer_id, store_id, first_name, last_name, email, address_id, active, create_date, last_update) values (276, 1, 'BRANDY', 'GRAVES', 'BRANDY.GRAVES@sakilacustomer.org', 281, 1, '2006-02-14 22:04:37', '2006-02-15 04:57:20');
insert into sakila.customer (customer_id, store_id, first_name, last_name, email, address_id, active, create_date, last_update) values (277, 2, 'OLGA', 'JIMENEZ', 'OLGA.JIMENEZ@sakilacustomer.org', 282, 1, '2006-02-14 22:04:37', '2006-02-15 04:57:20');
insert into sakila.customer (customer_id, store_id, first_name, last_name, email, address_id, active, create_date, last_update) values (278, 2, 'BILLIE', 'HORTON', 'BILLIE.HORTON@sakilacustomer.org', 283, 1, '2006-02-14 22:04:37', '2006-02-15 04:57:20');
insert into sakila.customer (customer_id, store_id, first_name, last_name, email, address_id, active, create_date, last_update) values (279, 2, 'DIANNE', 'SHELTON', 'DIANNE.SHELTON@sakilacustomer.org', 284, 1, '2006-02-14 22:04:37', '2006-02-15 04:57:20');
insert into sakila.customer (customer_id, store_id, first_name, last_name, email, address_id, active, create_date, last_update) values (280, 2, 'TRACEY', 'BARRETT', 'TRACEY.BARRETT@sakilacustomer.org', 285, 1, '2006-02-14 22:04:37', '2006-02-15 04:57:20');
insert into sakila.customer (customer_id, store_id, first_name, last_name, email, address_id, active, create_date, last_update) values (281, 2, 'LEONA', 'OBRIEN', 'LEONA.OBRIEN@sakilacustomer.org', 286, 1, '2006-02-14 22:04:37', '2006-02-15 04:57:20');
insert into sakila.customer (customer_id, store_id, first_name, last_name, email, address_id, active, create_date, last_update) values (282, 2, 'JENNY', 'CASTRO', 'JENNY.CASTRO@sakilacustomer.org', 287, 1, '2006-02-14 22:04:37', '2006-02-15 04:57:20');
insert into sakila.customer (customer_id, store_id, first_name, last_name, email, address_id, active, create_date, last_update) values (283, 1, 'FELICIA', 'SUTTON', 'FELICIA.SUTTON@sakilacustomer.org', 288, 1, '2006-02-14 22:04:37', '2006-02-15 04:57:20');
insert into sakila.customer (customer_id, store_id, first_name, last_name, email, address_id, active, create_date, last_update) values (284, 1, 'SONIA', 'GREGORY', 'SONIA.GREGORY@sakilacustomer.org', 289, 1, '2006-02-14 22:04:37', '2006-02-15 04:57:20');
insert into sakila.customer (customer_id, store_id, first_name, last_name, email, address_id, active, create_date, last_update) values (285, 1, 'MIRIAM', 'MCKINNEY', 'MIRIAM.MCKINNEY@sakilacustomer.org', 290, 1, '2006-02-14 22:04:37', '2006-02-15 04:57:20');
insert into sakila.customer (customer_id, store_id, first_name, last_name, email, address_id, active, create_date, last_update) values (286, 1, 'VELMA', 'LUCAS', 'VELMA.LUCAS@sakilacustomer.org', 291, 1, '2006-02-14 22:04:37', '2006-02-15 04:57:20');
insert into sakila.customer (customer_id, store_id, first_name, last_name, email, address_id, active, create_date, last_update) values (287, 2, 'BECKY', 'MILES', 'BECKY.MILES@sakilacustomer.org', 292, 1, '2006-02-14 22:04:37', '2006-02-15 04:57:20');
insert into sakila.customer (customer_id, store_id, first_name, last_name, email, address_id, active, create_date, last_update) values (289, 1, 'VIOLET', 'RODRIQUEZ', 'VIOLET.RODRIQUEZ@sakilacustomer.org', 294, 1, '2006-02-14 22:04:37', '2006-02-15 04:57:20');
insert into sakila.customer (customer_id, store_id, first_name, last_name, email, address_id, active, create_date, last_update) values (290, 1, 'KRISTINA', 'CHAMBERS', 'KRISTINA.CHAMBERS@sakilacustomer.org', 295, 1, '2006-02-14 22:04:37', '2006-02-15 04:57:20');
insert into sakila.customer (customer_id, store_id, first_name, last_name, email, address_id, active, create_date, last_update) values (291, 1, 'TONI', 'HOLT', 'TONI.HOLT@sakilacustomer.org', 296, 1, '2006-02-14 22:04:37', '2006-02-15 04:57:20');
insert into sakila.customer (customer_id, store_id, first_name, last_name, email, address_id, active, create_date, last_update) values (292, 2, 'MISTY', 'LAMBERT', 'MISTY.LAMBERT@sakilacustomer.org', 297, 1, '2006-02-14 22:04:37', '2006-02-15 04:57:20');
insert into sakila.customer (customer_id, store_id, first_name, last_name, email, address_id, active, create_date, last_update) values (294, 2, 'SHELLY', 'WATTS', 'SHELLY.WATTS@sakilacustomer.org', 299, 1, '2006-02-14 22:04:37', '2006-02-15 04:57:20');
insert into sakila.customer (customer_id, store_id, first_name, last_name, email, address_id, active, create_date, last_update) values (295, 1, 'DAISY', 'BATES', 'DAISY.BATES@sakilacustomer.org', 300, 1, '2006-02-14 22:04:37', '2006-02-15 04:57:20');
insert into sakila.customer (customer_id, store_id, first_name, last_name, email, address_id, active, create_date, last_update) values (296, 2, 'RAMONA', 'HALE', 'RAMONA.HALE@sakilacustomer.org', 301, 1, '2006-02-14 22:04:37', '2006-02-15 04:57:20');
insert into sakila.customer (customer_id, store_id, first_name, last_name, email, address_id, active, create_date, last_update) values (298, 1, 'ERIKA', 'PENA', 'ERIKA.PENA@sakilacustomer.org', 303, 1, '2006-02-14 22:04:37', '2006-02-15 04:57:20');
insert into sakila.customer (customer_id, store_id, first_name, last_name, email, address_id, active, create_date, last_update) values (299, 2, 'JAMES', 'GANNON', 'JAMES.GANNON@sakilacustomer.org', 304, 1, '2006-02-14 22:04:37', '2006-02-15 04:57:20');
insert into sakila.customer (customer_id, store_id, first_name, last_name, email, address_id, active, create_date, last_update) values (301, 2, 'ROBERT', 'BAUGHMAN', 'ROBERT.BAUGHMAN@sakilacustomer.org', 306, 1, '2006-02-14 22:04:37', '2006-02-15 04:57:20');
insert into sakila.customer (customer_id, store_id, first_name, last_name, email, address_id, active, create_date, last_update) values (302, 1, 'MICHAEL', 'SILVERMAN', 'MICHAEL.SILVERMAN@sakilacustomer.org', 307, 1, '2006-02-14 22:04:37', '2006-02-15 04:57:20');
insert into sakila.customer (customer_id, store_id, first_name, last_name, email, address_id, active, create_date, last_update) values (303, 2, 'WILLIAM', 'SATTERFIELD', 'WILLIAM.SATTERFIELD@sakilacustomer.org', 308, 1, '2006-02-14 22:04:37', '2006-02-15 04:57:20');
insert into sakila.customer (customer_id, store_id, first_name, last_name, email, address_id, active, create_date, last_update) values (304, 2, 'DAVID', 'ROYAL', 'DAVID.ROYAL@sakilacustomer.org', 309, 1, '2006-02-14 22:04:37', '2006-02-15 04:57:20');
insert into sakila.customer (customer_id, store_id, first_name, last_name, email, address_id, active, create_date, last_update) values (306, 1, 'CHARLES', 'KOWALSKI', 'CHARLES.KOWALSKI@sakilacustomer.org', 311, 1, '2006-02-14 22:04:37', '2006-02-15 04:57:20');
insert into sakila.customer (customer_id, store_id, first_name, last_name, email, address_id, active, create_date, last_update) values (307, 2, 'JOSEPH', 'JOY', 'JOSEPH.JOY@sakilacustomer.org', 312, 1, '2006-02-14 22:04:37', '2006-02-15 04:57:20');
insert into sakila.customer (customer_id, store_id, first_name, last_name, email, address_id, active, create_date, last_update) values (308, 1, 'THOMAS', 'GRIGSBY', 'THOMAS.GRIGSBY@sakilacustomer.org', 313, 1, '2006-02-14 22:04:37', '2006-02-15 04:57:20');
insert into sakila.customer (customer_id, store_id, first_name, last_name, email, address_id, active, create_date, last_update) values (309, 1, 'CHRISTOPHER', 'GRECO', 'CHRISTOPHER.GRECO@sakilacustomer.org', 314, 1, '2006-02-14 22:04:37', '2006-02-15 04:57:20');
insert into sakila.customer (customer_id, store_id, first_name, last_name, email, address_id, active, create_date, last_update) values (310, 2, 'DANIEL', 'CABRAL', 'DANIEL.CABRAL@sakilacustomer.org', 315, 1, '2006-02-14 22:04:37', '2006-02-15 04:57:20');
insert into sakila.customer (customer_id, store_id, first_name, last_name, email, address_id, active, create_date, last_update) values (311, 2, 'PAUL', 'TROUT', 'PAUL.TROUT@sakilacustomer.org', 316, 1, '2006-02-14 22:04:37', '2006-02-15 04:57:20');
insert into sakila.customer (customer_id, store_id, first_name, last_name, email, address_id, active, create_date, last_update) values (312, 2, 'MARK', 'RINEHART', 'MARK.RINEHART@sakilacustomer.org', 317, 1, '2006-02-14 22:04:37', '2006-02-15 04:57:20');
insert into sakila.customer (customer_id, store_id, first_name, last_name, email, address_id, active, create_date, last_update) values (314, 1, 'GEORGE', 'LINTON', 'GEORGE.LINTON@sakilacustomer.org', 319, 1, '2006-02-14 22:04:37', '2006-02-15 04:57:20');
insert into sakila.customer (customer_id, store_id, first_name, last_name, email, address_id, active, create_date, last_update) values (316, 1, 'STEVEN', 'CURLEY', 'STEVEN.CURLEY@sakilacustomer.org', 321, 1, '2006-02-14 22:04:37', '2006-02-15 04:57:20');
insert into sakila.customer (customer_id, store_id, first_name, last_name, email, address_id, active, create_date, last_update) values (319, 2, 'RONALD', 'WEINER', 'RONALD.WEINER@sakilacustomer.org', 324, 1, '2006-02-14 22:04:37', '2006-02-15 04:57:20');
insert into sakila.customer (customer_id, store_id, first_name, last_name, email, address_id, active, create_date, last_update) values (322, 1, 'JASON', 'MORRISSEY', 'JASON.MORRISSEY@sakilacustomer.org', 327, 1, '2006-02-14 22:04:37', '2006-02-15 04:57:20');
insert into sakila.customer (customer_id, store_id, first_name, last_name, email, address_id, active, create_date, last_update) values (323, 2, 'MATTHEW', 'MAHAN', 'MATTHEW.MAHAN@sakilacustomer.org', 328, 1, '2006-02-14 22:04:37', '2006-02-15 04:57:20');
insert into sakila.customer (customer_id, store_id, first_name, last_name, email, address_id, active, create_date, last_update) values (324, 2, 'GARY', 'COY', 'GARY.COY@sakilacustomer.org', 329, 1, '2006-02-14 22:04:37', '2006-02-15 04:57:20');
insert into sakila.customer (customer_id, store_id, first_name, last_name, email, address_id, active, create_date, last_update) values (325, 1, 'TIMOTHY', 'BUNN', 'TIMOTHY.BUNN@sakilacustomer.org', 330, 1, '2006-02-14 22:04:37', '2006-02-15 04:57:20');
insert into sakila.customer (customer_id, store_id, first_name, last_name, email, address_id, active, create_date, last_update) values (326, 1, 'JOSE', 'ANDREW', 'JOSE.ANDREW@sakilacustomer.org', 331, 1, '2006-02-14 22:04:37', '2006-02-15 04:57:20');
insert into sakila.customer (customer_id, store_id, first_name, last_name, email, address_id, active, create_date, last_update) values (327, 2, 'LARRY', 'THRASHER', 'LARRY.THRASHER@sakilacustomer.org', 332, 1, '2006-02-14 22:04:37', '2006-02-15 04:57:20');
insert into sakila.customer (customer_id, store_id, first_name, last_name, email, address_id, active, create_date, last_update) values (328, 2, 'JEFFREY', 'SPEAR', 'JEFFREY.SPEAR@sakilacustomer.org', 333, 1, '2006-02-14 22:04:37', '2006-02-15 04:57:20');
insert into sakila.customer (customer_id, store_id, first_name, last_name, email, address_id, active, create_date, last_update) values (329, 2, 'FRANK', 'WAGGONER', 'FRANK.WAGGONER@sakilacustomer.org', 334, 1, '2006-02-14 22:04:37', '2006-02-15 04:57:20');
insert into sakila.customer (customer_id, store_id, first_name, last_name, email, address_id, active, create_date, last_update) values (332, 1, 'STEPHEN', 'QUALLS', 'STEPHEN.QUALLS@sakilacustomer.org', 337, 1, '2006-02-14 22:04:37', '2006-02-15 04:57:20');
insert into sakila.customer (customer_id, store_id, first_name, last_name, email, address_id, active, create_date, last_update) values (334, 2, 'RAYMOND', 'MCWHORTER', 'RAYMOND.MCWHORTER@sakilacustomer.org', 339, 1, '2006-02-14 22:04:37', '2006-02-15 04:57:20');
insert into sakila.customer (customer_id, store_id, first_name, last_name, email, address_id, active, create_date, last_update) values (335, 1, 'GREGORY', 'MAULDIN', 'GREGORY.MAULDIN@sakilacustomer.org', 340, 1, '2006-02-14 22:04:37', '2006-02-15 04:57:20');
insert into sakila.customer (customer_id, store_id, first_name, last_name, email, address_id, active, create_date, last_update) values (336, 1, 'JOSHUA', 'MARK', 'JOSHUA.MARK@sakilacustomer.org', 341, 1, '2006-02-14 22:04:37', '2006-02-15 04:57:20');
insert into sakila.customer (customer_id, store_id, first_name, last_name, email, address_id, active, create_date, last_update) values (339, 2, 'WALTER', 'PERRYMAN', 'WALTER.PERRYMAN@sakilacustomer.org', 344, 1, '2006-02-14 22:04:37', '2006-02-15 04:57:20');
insert into sakila.customer (customer_id, store_id, first_name, last_name, email, address_id, active, create_date, last_update) values (340, 1, 'PATRICK', 'NEWSOM', 'PATRICK.NEWSOM@sakilacustomer.org', 345, 1, '2006-02-14 22:04:37', '2006-02-15 04:57:20');
insert into sakila.customer (customer_id, store_id, first_name, last_name, email, address_id, active, create_date, last_update) values (341, 1, 'PETER', 'MENARD', 'PETER.MENARD@sakilacustomer.org', 346, 1, '2006-02-14 22:04:37', '2006-02-15 04:57:20');
insert into sakila.customer (customer_id, store_id, first_name, last_name, email, address_id, active, create_date, last_update) values (342, 1, 'HAROLD', 'MARTINO', 'HAROLD.MARTINO@sakilacustomer.org', 347, 1, '2006-02-14 22:04:37', '2006-02-15 04:57:20');
insert into sakila.customer (customer_id, store_id, first_name, last_name, email, address_id, active, create_date, last_update) values (344, 1, 'HENRY', 'BILLINGSLEY', 'HENRY.BILLINGSLEY@sakilacustomer.org', 349, 1, '2006-02-14 22:04:37', '2006-02-15 04:57:20');
insert into sakila.customer (customer_id, store_id, first_name, last_name, email, address_id, active, create_date, last_update) values (345, 1, 'CARL', 'ARTIS', 'CARL.ARTIS@sakilacustomer.org', 350, 1, '2006-02-14 22:04:37', '2006-02-15 04:57:20');
insert into sakila.customer (customer_id, store_id, first_name, last_name, email, address_id, active, create_date, last_update) values (346, 1, 'ARTHUR', 'SIMPKINS', 'ARTHUR.SIMPKINS@sakilacustomer.org', 351, 1, '2006-02-14 22:04:37', '2006-02-15 04:57:20');
insert into sakila.customer (customer_id, store_id, first_name, last_name, email, address_id, active, create_date, last_update) values (347, 2, 'RYAN', 'SALISBURY', 'RYAN.SALISBURY@sakilacustomer.org', 352, 1, '2006-02-14 22:04:37', '2006-02-15 04:57:20');
insert into sakila.customer (customer_id, store_id, first_name, last_name, email, address_id, active, create_date, last_update) values (348, 2, 'ROGER', 'QUINTANILLA', 'ROGER.QUINTANILLA@sakilacustomer.org', 353, 1, '2006-02-14 22:04:37', '2006-02-15 04:57:20');
insert into sakila.customer (customer_id, store_id, first_name, last_name, email, address_id, active, create_date, last_update) values (349, 2, 'JOE', 'GILLILAND', 'JOE.GILLILAND@sakilacustomer.org', 354, 1, '2006-02-14 22:04:37', '2006-02-15 04:57:20');
insert into sakila.customer (customer_id, store_id, first_name, last_name, email, address_id, active, create_date, last_update) values (350, 1, 'JUAN', 'FRALEY', 'JUAN.FRALEY@sakilacustomer.org', 355, 1, '2006-02-14 22:04:37', '2006-02-15 04:57:20');
insert into sakila.customer (customer_id, store_id, first_name, last_name, email, address_id, active, create_date, last_update) values (351, 1, 'JACK', 'FOUST', 'JACK.FOUST@sakilacustomer.org', 356, 1, '2006-02-14 22:04:37', '2006-02-15 04:57:20');
insert into sakila.customer (customer_id, store_id, first_name, last_name, email, address_id, active, create_date, last_update) values (352, 1, 'ALBERT', 'CROUSE', 'ALBERT.CROUSE@sakilacustomer.org', 357, 1, '2006-02-14 22:04:37', '2006-02-15 04:57:20');
insert into sakila.customer (customer_id, store_id, first_name, last_name, email, address_id, active, create_date, last_update) values (353, 1, 'JONATHAN', 'SCARBOROUGH', 'JONATHAN.SCARBOROUGH@sakilacustomer.org', 358, 1, '2006-02-14 22:04:37', '2006-02-15 04:57:20');
insert into sakila.customer (customer_id, store_id, first_name, last_name, email, address_id, active, create_date, last_update) values (354, 2, 'JUSTIN', 'NGO', 'JUSTIN.NGO@sakilacustomer.org', 359, 1, '2006-02-14 22:04:37', '2006-02-15 04:57:20');
insert into sakila.customer (customer_id, store_id, first_name, last_name, email, address_id, active, create_date, last_update) values (357, 1, 'KEITH', 'RICO', 'KEITH.RICO@sakilacustomer.org', 362, 1, '2006-02-14 22:04:37', '2006-02-15 04:57:20');
insert into sakila.customer (customer_id, store_id, first_name, last_name, email, address_id, active, create_date, last_update) values (359, 2, 'WILLIE', 'MARKHAM', 'WILLIE.MARKHAM@sakilacustomer.org', 364, 1, '2006-02-14 22:04:37', '2006-02-15 04:57:20');
insert into sakila.customer (customer_id, store_id, first_name, last_name, email, address_id, active, create_date, last_update) values (360, 2, 'RALPH', 'MADRIGAL', 'RALPH.MADRIGAL@sakilacustomer.org', 365, 1, '2006-02-14 22:04:37', '2006-02-15 04:57:20');
insert into sakila.customer (customer_id, store_id, first_name, last_name, email, address_id, active, create_date, last_update) values (362, 1, 'NICHOLAS', 'BARFIELD', 'NICHOLAS.BARFIELD@sakilacustomer.org', 367, 1, '2006-02-14 22:04:37', '2006-02-15 04:57:20');
insert into sakila.customer (customer_id, store_id, first_name, last_name, email, address_id, active, create_date, last_update) values (364, 1, 'BENJAMIN', 'VARNEY', 'BENJAMIN.VARNEY@sakilacustomer.org', 369, 1, '2006-02-14 22:04:37', '2006-02-15 04:57:20');
insert into sakila.customer (customer_id, store_id, first_name, last_name, email, address_id, active, create_date, last_update) values (365, 2, 'BRUCE', 'SCHWARZ', 'BRUCE.SCHWARZ@sakilacustomer.org', 370, 1, '2006-02-14 22:04:37', '2006-02-15 04:57:20');
insert into sakila.customer (customer_id, store_id, first_name, last_name, email, address_id, active, create_date, last_update) values (366, 1, 'BRANDON', 'HUEY', 'BRANDON.HUEY@sakilacustomer.org', 371, 1, '2006-02-14 22:04:37', '2006-02-15 04:57:20');
insert into sakila.customer (customer_id, store_id, first_name, last_name, email, address_id, active, create_date, last_update) values (369, 2, 'FRED', 'WHEAT', 'FRED.WHEAT@sakilacustomer.org', 374, 1, '2006-02-14 22:04:37', '2006-02-15 04:57:20');
insert into sakila.customer (customer_id, store_id, first_name, last_name, email, address_id, active, create_date, last_update) values (371, 1, 'BILLY', 'POULIN', 'BILLY.POULIN@sakilacustomer.org', 376, 1, '2006-02-14 22:04:37', '2006-02-15 04:57:20');
insert into sakila.customer (customer_id, store_id, first_name, last_name, email, address_id, active, create_date, last_update) values (373, 1, 'LOUIS', 'LEONE', 'LOUIS.LEONE@sakilacustomer.org', 378, 1, '2006-02-14 22:04:37', '2006-02-15 04:57:20');
insert into sakila.customer (customer_id, store_id, first_name, last_name, email, address_id, active, create_date, last_update) values (374, 2, 'JEREMY', 'HURTADO', 'JEREMY.HURTADO@sakilacustomer.org', 379, 1, '2006-02-14 22:04:37', '2006-02-15 04:57:20');
insert into sakila.customer (customer_id, store_id, first_name, last_name, email, address_id, active, create_date, last_update) values (375, 2, 'AARON', 'SELBY', 'AARON.SELBY@sakilacustomer.org', 380, 1, '2006-02-14 22:04:37', '2006-02-15 04:57:20');
insert into sakila.customer (customer_id, store_id, first_name, last_name, email, address_id, active, create_date, last_update) values (376, 1, 'RANDY', 'GAITHER', 'RANDY.GAITHER@sakilacustomer.org', 381, 1, '2006-02-14 22:04:37', '2006-02-15 04:57:20');
insert into sakila.customer (customer_id, store_id, first_name, last_name, email, address_id, active, create_date, last_update) values (377, 1, 'HOWARD', 'FORTNER', 'HOWARD.FORTNER@sakilacustomer.org', 382, 1, '2006-02-14 22:04:37', '2006-02-15 04:57:20');
insert into sakila.customer (customer_id, store_id, first_name, last_name, email, address_id, active, create_date, last_update) values (378, 1, 'EUGENE', 'CULPEPPER', 'EUGENE.CULPEPPER@sakilacustomer.org', 383, 1, '2006-02-14 22:04:37', '2006-02-15 04:57:20');
insert into sakila.customer (customer_id, store_id, first_name, last_name, email, address_id, active, create_date, last_update) values (379, 1, 'CARLOS', 'COUGHLIN', 'CARLOS.COUGHLIN@sakilacustomer.org', 384, 1, '2006-02-14 22:04:37', '2006-02-15 04:57:20');
insert into sakila.customer (customer_id, store_id, first_name, last_name, email, address_id, active, create_date, last_update) values (380, 1, 'RUSSELL', 'BRINSON', 'RUSSELL.BRINSON@sakilacustomer.org', 385, 1, '2006-02-14 22:04:37', '2006-02-15 04:57:20');
insert into sakila.customer (customer_id, store_id, first_name, last_name, email, address_id, active, create_date, last_update) values (381, 2, 'BOBBY', 'BOUDREAU', 'BOBBY.BOUDREAU@sakilacustomer.org', 386, 1, '2006-02-14 22:04:37', '2006-02-15 04:57:20');
insert into sakila.customer (customer_id, store_id, first_name, last_name, email, address_id, active, create_date, last_update) values (382, 2, 'VICTOR', 'BARKLEY', 'VICTOR.BARKLEY@sakilacustomer.org', 387, 1, '2006-02-14 22:04:37', '2006-02-15 04:57:20');
insert into sakila.customer (customer_id, store_id, first_name, last_name, email, address_id, active, create_date, last_update) values (385, 1, 'PHILLIP', 'HOLM', 'PHILLIP.HOLM@sakilacustomer.org', 390, 1, '2006-02-14 22:04:37', '2006-02-15 04:57:20');
insert into sakila.customer (customer_id, store_id, first_name, last_name, email, address_id, active, create_date, last_update) values (386, 1, 'TODD', 'TAN', 'TODD.TAN@sakilacustomer.org', 391, 1, '2006-02-14 22:04:37', '2006-02-15 04:57:20');
insert into sakila.customer (customer_id, store_id, first_name, last_name, email, address_id, active, create_date, last_update) values (387, 2, 'JESSE', 'SCHILLING', 'JESSE.SCHILLING@sakilacustomer.org', 392, 1, '2006-02-14 22:04:37', '2006-02-15 04:57:20');
insert into sakila.customer (customer_id, store_id, first_name, last_name, email, address_id, active, create_date, last_update) values (388, 2, 'CRAIG', 'MORRELL', 'CRAIG.MORRELL@sakilacustomer.org', 393, 1, '2006-02-14 22:04:37', '2006-02-15 04:57:20');
insert into sakila.customer (customer_id, store_id, first_name, last_name, email, address_id, active, create_date, last_update) values (390, 1, 'SHAWN', 'HEATON', 'SHAWN.HEATON@sakilacustomer.org', 395, 1, '2006-02-14 22:04:37', '2006-02-15 04:57:20');
insert into sakila.customer (customer_id, store_id, first_name, last_name, email, address_id, active, create_date, last_update) values (392, 2, 'SEAN', 'DOUGLASS', 'SEAN.DOUGLASS@sakilacustomer.org', 397, 1, '2006-02-14 22:04:37', '2006-02-15 04:57:20');
insert into sakila.customer (customer_id, store_id, first_name, last_name, email, address_id, active, create_date, last_update) values (393, 1, 'PHILIP', 'CAUSEY', 'PHILIP.CAUSEY@sakilacustomer.org', 398, 1, '2006-02-14 22:04:37', '2006-02-15 04:57:20');
insert into sakila.customer (customer_id, store_id, first_name, last_name, email, address_id, active, create_date, last_update) values (394, 2, 'CHRIS', 'BROTHERS', 'CHRIS.BROTHERS@sakilacustomer.org', 399, 1, '2006-02-14 22:04:37', '2006-02-15 04:57:20');
insert into sakila.customer (customer_id, store_id, first_name, last_name, email, address_id, active, create_date, last_update) values (395, 2, 'JOHNNY', 'TURPIN', 'JOHNNY.TURPIN@sakilacustomer.org', 400, 1, '2006-02-14 22:04:37', '2006-02-15 04:57:20');
insert into sakila.customer (customer_id, store_id, first_name, last_name, email, address_id, active, create_date, last_update) values (396, 1, 'EARL', 'SHANKS', 'EARL.SHANKS@sakilacustomer.org', 401, 1, '2006-02-14 22:04:37', '2006-02-15 04:57:20');
insert into sakila.customer (customer_id, store_id, first_name, last_name, email, address_id, active, create_date, last_update) values (397, 1, 'JIMMY', 'SCHRADER', 'JIMMY.SCHRADER@sakilacustomer.org', 402, 1, '2006-02-14 22:04:37', '2006-02-15 04:57:20');
insert into sakila.customer (customer_id, store_id, first_name, last_name, email, address_id, active, create_date, last_update) values (398, 1, 'ANTONIO', 'MEEK', 'ANTONIO.MEEK@sakilacustomer.org', 403, 1, '2006-02-14 22:04:37', '2006-02-15 04:57:20');
insert into sakila.customer (customer_id, store_id, first_name, last_name, email, address_id, active, create_date, last_update) values (400, 2, 'BRYAN', 'HARDISON', 'BRYAN.HARDISON@sakilacustomer.org', 405, 1, '2006-02-14 22:04:37', '2006-02-15 04:57:20');
insert into sakila.customer (customer_id, store_id, first_name, last_name, email, address_id, active, create_date, last_update) values (403, 1, 'MIKE', 'WAY', 'MIKE.WAY@sakilacustomer.org', 408, 1, '2006-02-14 22:04:37', '2006-02-15 04:57:20');
insert into sakila.customer (customer_id, store_id, first_name, last_name, email, address_id, active, create_date, last_update) values (404, 2, 'STANLEY', 'SCROGGINS', 'STANLEY.SCROGGINS@sakilacustomer.org', 409, 1, '2006-02-14 22:04:37', '2006-02-15 04:57:20');
insert into sakila.customer (customer_id, store_id, first_name, last_name, email, address_id, active, create_date, last_update) values (405, 1, 'LEONARD', 'SCHOFIELD', 'LEONARD.SCHOFIELD@sakilacustomer.org', 410, 1, '2006-02-14 22:04:37', '2006-02-15 04:57:20');
insert into sakila.customer (customer_id, store_id, first_name, last_name, email, address_id, active, create_date, last_update) values (406, 1, 'NATHAN', 'RUNYON', 'NATHAN.RUNYON@sakilacustomer.org', 411, 0, '2006-02-14 22:04:37', '2006-02-15 04:57:20');
insert into sakila.customer (customer_id, store_id, first_name, last_name, email, address_id, active, create_date, last_update) values (407, 1, 'DALE', 'RATCLIFF', 'DALE.RATCLIFF@sakilacustomer.org', 412, 1, '2006-02-14 22:04:37', '2006-02-15 04:57:20');
insert into sakila.customer (customer_id, store_id, first_name, last_name, email, address_id, active, create_date, last_update) values (408, 1, 'MANUEL', 'MURRELL', 'MANUEL.MURRELL@sakilacustomer.org', 413, 1, '2006-02-14 22:04:37', '2006-02-15 04:57:20');
insert into sakila.customer (customer_id, store_id, first_name, last_name, email, address_id, active, create_date, last_update) values (409, 2, 'RODNEY', 'MOELLER', 'RODNEY.MOELLER@sakilacustomer.org', 414, 1, '2006-02-14 22:04:37', '2006-02-15 04:57:20');
insert into sakila.customer (customer_id, store_id, first_name, last_name, email, address_id, active, create_date, last_update) values (411, 1, 'NORMAN', 'CURRIER', 'NORMAN.CURRIER@sakilacustomer.org', 416, 1, '2006-02-14 22:04:37', '2006-02-15 04:57:20');
insert into sakila.customer (customer_id, store_id, first_name, last_name, email, address_id, active, create_date, last_update) values (412, 2, 'ALLEN', 'BUTTERFIELD', 'ALLEN.BUTTERFIELD@sakilacustomer.org', 417, 1, '2006-02-14 22:04:37', '2006-02-15 04:57:20');
insert into sakila.customer (customer_id, store_id, first_name, last_name, email, address_id, active, create_date, last_update) values (414, 1, 'VINCENT', 'RALSTON', 'VINCENT.RALSTON@sakilacustomer.org', 419, 1, '2006-02-14 22:04:37', '2006-02-15 04:57:20');
insert into sakila.customer (customer_id, store_id, first_name, last_name, email, address_id, active, create_date, last_update) values (416, 2, 'JEFFERY', 'PINSON', 'JEFFERY.PINSON@sakilacustomer.org', 421, 1, '2006-02-14 22:04:37', '2006-02-15 04:57:20');
insert into sakila.customer (customer_id, store_id, first_name, last_name, email, address_id, active, create_date, last_update) values (417, 1, 'TRAVIS', 'ESTEP', 'TRAVIS.ESTEP@sakilacustomer.org', 422, 1, '2006-02-14 22:04:37', '2006-02-15 04:57:20');
insert into sakila.customer (customer_id, store_id, first_name, last_name, email, address_id, active, create_date, last_update) values (418, 2, 'JEFF', 'EAST', 'JEFF.EAST@sakilacustomer.org', 423, 1, '2006-02-14 22:04:37', '2006-02-15 04:57:20');
insert into sakila.customer (customer_id, store_id, first_name, last_name, email, address_id, active, create_date, last_update) values (423, 2, 'ALFRED', 'CASILLAS', 'ALFRED.CASILLAS@sakilacustomer.org', 428, 1, '2006-02-14 22:04:37', '2006-02-15 04:57:20');
insert into sakila.customer (customer_id, store_id, first_name, last_name, email, address_id, active, create_date, last_update) values (424, 2, 'KYLE', 'SPURLOCK', 'KYLE.SPURLOCK@sakilacustomer.org', 429, 1, '2006-02-14 22:04:37', '2006-02-15 04:57:20');
insert into sakila.customer (customer_id, store_id, first_name, last_name, email, address_id, active, create_date, last_update) values (425, 2, 'FRANCIS', 'SIKES', 'FRANCIS.SIKES@sakilacustomer.org', 430, 1, '2006-02-14 22:04:37', '2006-02-15 04:57:20');
insert into sakila.customer (customer_id, store_id, first_name, last_name, email, address_id, active, create_date, last_update) values (427, 2, 'JESUS', 'MCCARTNEY', 'JESUS.MCCARTNEY@sakilacustomer.org', 432, 1, '2006-02-14 22:04:37', '2006-02-15 04:57:20');
insert into sakila.customer (customer_id, store_id, first_name, last_name, email, address_id, active, create_date, last_update) values (428, 2, 'HERBERT', 'KRUGER', 'HERBERT.KRUGER@sakilacustomer.org', 433, 1, '2006-02-14 22:04:37', '2006-02-15 04:57:20');
insert into sakila.customer (customer_id, store_id, first_name, last_name, email, address_id, active, create_date, last_update) values (429, 2, 'FREDERICK', 'ISBELL', 'FREDERICK.ISBELL@sakilacustomer.org', 434, 1, '2006-02-14 22:04:37', '2006-02-15 04:57:20');
insert into sakila.customer (customer_id, store_id, first_name, last_name, email, address_id, active, create_date, last_update) values (431, 2, 'JOEL', 'FRANCISCO', 'JOEL.FRANCISCO@sakilacustomer.org', 436, 1, '2006-02-14 22:04:37', '2006-02-15 04:57:20');
insert into sakila.customer (customer_id, store_id, first_name, last_name, email, address_id, active, create_date, last_update) values (433, 1, 'DON', 'BONE', 'DON.BONE@sakilacustomer.org', 438, 1, '2006-02-14 22:04:37', '2006-02-15 04:57:20');
insert into sakila.customer (customer_id, store_id, first_name, last_name, email, address_id, active, create_date, last_update) values (435, 2, 'RICKY', 'SHELBY', 'RICKY.SHELBY@sakilacustomer.org', 440, 1, '2006-02-14 22:04:37', '2006-02-15 04:57:20');
insert into sakila.customer (customer_id, store_id, first_name, last_name, email, address_id, active, create_date, last_update) values (441, 1, 'MARIO', 'CHEATHAM', 'MARIO.CHEATHAM@sakilacustomer.org', 446, 1, '2006-02-14 22:04:37', '2006-02-15 04:57:20');
insert into sakila.customer (customer_id, store_id, first_name, last_name, email, address_id, active, create_date, last_update) values (442, 1, 'LEROY', 'BUSTAMANTE', 'LEROY.BUSTAMANTE@sakilacustomer.org', 447, 1, '2006-02-14 22:04:37', '2006-02-15 04:57:20');
insert into sakila.customer (customer_id, store_id, first_name, last_name, email, address_id, active, create_date, last_update) values (443, 2, 'FRANCISCO', 'SKIDMORE', 'FRANCISCO.SKIDMORE@sakilacustomer.org', 448, 1, '2006-02-14 22:04:37', '2006-02-15 04:57:20');
insert into sakila.customer (customer_id, store_id, first_name, last_name, email, address_id, active, create_date, last_update) values (446, 2, 'THEODORE', 'CULP', 'THEODORE.CULP@sakilacustomer.org', 451, 0, '2006-02-14 22:04:37', '2006-02-15 04:57:20');
insert into sakila.customer (customer_id, store_id, first_name, last_name, email, address_id, active, create_date, last_update) values (447, 1, 'CLIFFORD', 'BOWENS', 'CLIFFORD.BOWENS@sakilacustomer.org', 452, 1, '2006-02-14 22:04:37', '2006-02-15 04:57:20');
insert into sakila.customer (customer_id, store_id, first_name, last_name, email, address_id, active, create_date, last_update) values (448, 1, 'MIGUEL', 'BETANCOURT', 'MIGUEL.BETANCOURT@sakilacustomer.org', 453, 1, '2006-02-14 22:04:37', '2006-02-15 04:57:20');
insert into sakila.customer (customer_id, store_id, first_name, last_name, email, address_id, active, create_date, last_update) values (450, 1, 'JAY', 'ROBB', 'JAY.ROBB@sakilacustomer.org', 455, 1, '2006-02-14 22:04:37', '2006-02-15 04:57:20');
insert into sakila.customer (customer_id, store_id, first_name, last_name, email, address_id, active, create_date, last_update) values (451, 1, 'JIM', 'REA', 'JIM.REA@sakilacustomer.org', 456, 1, '2006-02-14 22:04:37', '2006-02-15 04:57:20');
insert into sakila.customer (customer_id, store_id, first_name, last_name, email, address_id, active, create_date, last_update) values (452, 1, 'TOM', 'MILNER', 'TOM.MILNER@sakilacustomer.org', 457, 1, '2006-02-14 22:04:37', '2006-02-15 04:57:20');
insert into sakila.customer (customer_id, store_id, first_name, last_name, email, address_id, active, create_date, last_update) values (453, 1, 'CALVIN', 'MARTEL', 'CALVIN.MARTEL@sakilacustomer.org', 458, 1, '2006-02-14 22:04:37', '2006-02-15 04:57:20');
insert into sakila.customer (customer_id, store_id, first_name, last_name, email, address_id, active, create_date, last_update) values (454, 2, 'ALEX', 'GRESHAM', 'ALEX.GRESHAM@sakilacustomer.org', 459, 1, '2006-02-14 22:04:37', '2006-02-15 04:57:20');
insert into sakila.customer (customer_id, store_id, first_name, last_name, email, address_id, active, create_date, last_update) values (456, 2, 'RONNIE', 'RICKETTS', 'RONNIE.RICKETTS@sakilacustomer.org', 461, 1, '2006-02-14 22:04:37', '2006-02-15 04:57:20');
insert into sakila.customer (customer_id, store_id, first_name, last_name, email, address_id, active, create_date, last_update) values (457, 2, 'BILL', 'GAVIN', 'BILL.GAVIN@sakilacustomer.org', 462, 1, '2006-02-14 22:04:37', '2006-02-15 04:57:20');
insert into sakila.customer (customer_id, store_id, first_name, last_name, email, address_id, active, create_date, last_update) values (459, 1, 'TOMMY', 'COLLAZO', 'TOMMY.COLLAZO@sakilacustomer.org', 464, 1, '2006-02-14 22:04:37', '2006-02-15 04:57:20');
insert into sakila.customer (customer_id, store_id, first_name, last_name, email, address_id, active, create_date, last_update) values (460, 1, 'LEON', 'BOSTIC', 'LEON.BOSTIC@sakilacustomer.org', 465, 1, '2006-02-14 22:04:37', '2006-02-15 04:57:20');
insert into sakila.customer (customer_id, store_id, first_name, last_name, email, address_id, active, create_date, last_update) values (463, 2, 'DARRELL', 'POWER', 'DARRELL.POWER@sakilacustomer.org', 468, 1, '2006-02-14 22:04:37', '2006-02-15 04:57:20');
insert into sakila.customer (customer_id, store_id, first_name, last_name, email, address_id, active, create_date, last_update) values (468, 1, 'TIM', 'CARY', 'TIM.CARY@sakilacustomer.org', 473, 1, '2006-02-14 22:04:37', '2006-02-15 04:57:20');
insert into sakila.customer (customer_id, store_id, first_name, last_name, email, address_id, active, create_date, last_update) values (469, 2, 'WESLEY', 'BULL', 'WESLEY.BULL@sakilacustomer.org', 474, 1, '2006-02-14 22:04:37', '2006-02-15 04:57:20');
insert into sakila.customer (customer_id, store_id, first_name, last_name, email, address_id, active, create_date, last_update) values (470, 1, 'GORDON', 'ALLARD', 'GORDON.ALLARD@sakilacustomer.org', 475, 1, '2006-02-14 22:04:37', '2006-02-15 04:57:20');
insert into sakila.customer (customer_id, store_id, first_name, last_name, email, address_id, active, create_date, last_update) values (473, 2, 'JORGE', 'OLIVARES', 'JORGE.OLIVARES@sakilacustomer.org', 478, 1, '2006-02-14 22:04:37', '2006-02-15 04:57:20');
insert into sakila.customer (customer_id, store_id, first_name, last_name, email, address_id, active, create_date, last_update) values (474, 2, 'DUSTIN', 'GILLETTE', 'DUSTIN.GILLETTE@sakilacustomer.org', 479, 1, '2006-02-14 22:04:37', '2006-02-15 04:57:20');
insert into sakila.customer (customer_id, store_id, first_name, last_name, email, address_id, active, create_date, last_update) values (479, 1, 'ZACHARY', 'HITE', 'ZACHARY.HITE@sakilacustomer.org', 484, 1, '2006-02-14 22:04:37', '2006-02-15 04:57:20');
insert into sakila.customer (customer_id, store_id, first_name, last_name, email, address_id, active, create_date, last_update) values (480, 1, 'COREY', 'HAUSER', 'COREY.HAUSER@sakilacustomer.org', 485, 1, '2006-02-14 22:04:37', '2006-02-15 04:57:20');
insert into sakila.customer (customer_id, store_id, first_name, last_name, email, address_id, active, create_date, last_update) values (481, 1, 'HERMAN', 'DEVORE', 'HERMAN.DEVORE@sakilacustomer.org', 486, 1, '2006-02-14 22:04:37', '2006-02-15 04:57:20');
insert into sakila.customer (customer_id, store_id, first_name, last_name, email, address_id, active, create_date, last_update) values (482, 1, 'MAURICE', 'CRAWLEY', 'MAURICE.CRAWLEY@sakilacustomer.org', 487, 0, '2006-02-14 22:04:37', '2006-02-15 04:57:20');
insert into sakila.customer (customer_id, store_id, first_name, last_name, email, address_id, active, create_date, last_update) values (487, 2, 'HECTOR', 'POINDEXTER', 'HECTOR.POINDEXTER@sakilacustomer.org', 492, 1, '2006-02-14 22:04:37', '2006-02-15 04:57:20');
insert into sakila.customer (customer_id, store_id, first_name, last_name, email, address_id, active, create_date, last_update) values (490, 1, 'SAM', 'MCDUFFIE', 'SAM.MCDUFFIE@sakilacustomer.org', 495, 1, '2006-02-14 22:04:37', '2006-02-15 04:57:20');
insert into sakila.customer (customer_id, store_id, first_name, last_name, email, address_id, active, create_date, last_update) values (491, 2, 'RICK', 'MATTOX', 'RICK.MATTOX@sakilacustomer.org', 496, 1, '2006-02-14 22:04:37', '2006-02-15 04:57:20');
insert into sakila.customer (customer_id, store_id, first_name, last_name, email, address_id, active, create_date, last_update) values (492, 2, 'LESTER', 'KRAUS', 'LESTER.KRAUS@sakilacustomer.org', 497, 1, '2006-02-14 22:04:37', '2006-02-15 04:57:20');
insert into sakila.customer (customer_id, store_id, first_name, last_name, email, address_id, active, create_date, last_update) values (493, 1, 'BRENT', 'HARKINS', 'BRENT.HARKINS@sakilacustomer.org', 498, 1, '2006-02-14 22:04:37', '2006-02-15 04:57:20');
insert into sakila.customer (customer_id, store_id, first_name, last_name, email, address_id, active, create_date, last_update) values (494, 2, 'RAMON', 'CHOATE', 'RAMON.CHOATE@sakilacustomer.org', 499, 1, '2006-02-14 22:04:37', '2006-02-15 04:57:20');
insert into sakila.customer (customer_id, store_id, first_name, last_name, email, address_id, active, create_date, last_update) values (497, 2, 'GILBERT', 'SLEDGE', 'GILBERT.SLEDGE@sakilacustomer.org', 502, 1, '2006-02-14 22:04:37', '2006-02-15 04:57:20');
insert into sakila.customer (customer_id, store_id, first_name, last_name, email, address_id, active, create_date, last_update) values (498, 1, 'GENE', 'SANBORN', 'GENE.SANBORN@sakilacustomer.org', 503, 1, '2006-02-14 22:04:37', '2006-02-15 04:57:20');
insert into sakila.customer (customer_id, store_id, first_name, last_name, email, address_id, active, create_date, last_update) values (499, 2, 'MARC', 'OUTLAW', 'MARC.OUTLAW@sakilacustomer.org', 504, 1, '2006-02-14 22:04:37', '2006-02-15 04:57:20');
insert into sakila.customer (customer_id, store_id, first_name, last_name, email, address_id, active, create_date, last_update) values (500, 1, 'REGINALD', 'KINDER', 'REGINALD.KINDER@sakilacustomer.org', 505, 1, '2006-02-14 22:04:37', '2006-02-15 04:57:20');
insert into sakila.customer (customer_id, store_id, first_name, last_name, email, address_id, active, create_date, last_update) values (501, 1, 'RUBEN', 'GEARY', 'RUBEN.GEARY@sakilacustomer.org', 506, 1, '2006-02-14 22:04:37', '2006-02-15 04:57:20');
insert into sakila.customer (customer_id, store_id, first_name, last_name, email, address_id, active, create_date, last_update) values (504, 1, 'NATHANIEL', 'ADAM', 'NATHANIEL.ADAM@sakilacustomer.org', 509, 1, '2006-02-14 22:04:37', '2006-02-15 04:57:20');
insert into sakila.customer (customer_id, store_id, first_name, last_name, email, address_id, active, create_date, last_update) values (505, 1, 'RAFAEL', 'ABNEY', 'RAFAEL.ABNEY@sakilacustomer.org', 510, 1, '2006-02-14 22:04:37', '2006-02-15 04:57:20');
insert into sakila.customer (customer_id, store_id, first_name, last_name, email, address_id, active, create_date, last_update) values (508, 2, 'MILTON', 'HOWLAND', 'MILTON.HOWLAND@sakilacustomer.org', 513, 1, '2006-02-14 22:04:37', '2006-02-15 04:57:20');
insert into sakila.customer (customer_id, store_id, first_name, last_name, email, address_id, active, create_date, last_update) values (509, 1, 'RAUL', 'FORTIER', 'RAUL.FORTIER@sakilacustomer.org', 514, 1, '2006-02-14 22:04:37', '2006-02-15 04:57:20');
insert into sakila.customer (customer_id, store_id, first_name, last_name, email, address_id, active, create_date, last_update) values (510, 2, 'BEN', 'EASTER', 'BEN.EASTER@sakilacustomer.org', 515, 0, '2006-02-14 22:04:37', '2006-02-15 04:57:20');
insert into sakila.customer (customer_id, store_id, first_name, last_name, email, address_id, active, create_date, last_update) values (513, 2, 'DUANE', 'TUBBS', 'DUANE.TUBBS@sakilacustomer.org', 519, 1, '2006-02-14 22:04:37', '2006-02-15 04:57:20');
insert into sakila.customer (customer_id, store_id, first_name, last_name, email, address_id, active, create_date, last_update) values (514, 2, 'FRANKLIN', 'TROUTMAN', 'FRANKLIN.TROUTMAN@sakilacustomer.org', 520, 1, '2006-02-14 22:04:37', '2006-02-15 04:57:20');
insert into sakila.customer (customer_id, store_id, first_name, last_name, email, address_id, active, create_date, last_update) values (515, 1, 'ANDRE', 'RAPP', 'ANDRE.RAPP@sakilacustomer.org', 521, 1, '2006-02-14 22:04:37', '2006-02-15 04:57:20');
insert into sakila.customer (customer_id, store_id, first_name, last_name, email, address_id, active, create_date, last_update) values (516, 2, 'ELMER', 'NOE', 'ELMER.NOE@sakilacustomer.org', 522, 1, '2006-02-14 22:04:37', '2006-02-15 04:57:20');
insert into sakila.customer (customer_id, store_id, first_name, last_name, email, address_id, active, create_date, last_update) values (517, 2, 'BRAD', 'MCCURDY', 'BRAD.MCCURDY@sakilacustomer.org', 523, 1, '2006-02-14 22:04:37', '2006-02-15 04:57:20');
insert into sakila.customer (customer_id, store_id, first_name, last_name, email, address_id, active, create_date, last_update) values (518, 1, 'GABRIEL', 'HARDER', 'GABRIEL.HARDER@sakilacustomer.org', 524, 1, '2006-02-14 22:04:37', '2006-02-15 04:57:20');
insert into sakila.customer (customer_id, store_id, first_name, last_name, email, address_id, active, create_date, last_update) values (520, 2, 'MITCHELL', 'WESTMORELAND', 'MITCHELL.WESTMORELAND@sakilacustomer.org', 526, 1, '2006-02-14 22:04:37', '2006-02-15 04:57:20');
insert into sakila.customer (customer_id, store_id, first_name, last_name, email, address_id, active, create_date, last_update) values (522, 2, 'ARNOLD', 'HAVENS', 'ARNOLD.HAVENS@sakilacustomer.org', 528, 1, '2006-02-14 22:04:37', '2006-02-15 04:57:20');
insert into sakila.customer (customer_id, store_id, first_name, last_name, email, address_id, active, create_date, last_update) values (523, 1, 'HARVEY', 'GUAJARDO', 'HARVEY.GUAJARDO@sakilacustomer.org', 529, 1, '2006-02-14 22:04:37', '2006-02-15 04:57:20');
insert into sakila.customer (customer_id, store_id, first_name, last_name, email, address_id, active, create_date, last_update) values (525, 2, 'ADRIAN', 'CLARY', 'ADRIAN.CLARY@sakilacustomer.org', 531, 1, '2006-02-14 22:04:37', '2006-02-15 04:57:20');
insert into sakila.customer (customer_id, store_id, first_name, last_name, email, address_id, active, create_date, last_update) values (526, 2, 'KARL', 'SEAL', 'KARL.SEAL@sakilacustomer.org', 532, 1, '2006-02-14 22:04:37', '2006-02-15 04:57:20');
insert into sakila.customer (customer_id, store_id, first_name, last_name, email, address_id, active, create_date, last_update) values (527, 1, 'CORY', 'MEEHAN', 'CORY.MEEHAN@sakilacustomer.org', 533, 1, '2006-02-14 22:04:37', '2006-02-15 04:57:20');
insert into sakila.customer (customer_id, store_id, first_name, last_name, email, address_id, active, create_date, last_update) values (528, 1, 'CLAUDE', 'HERZOG', 'CLAUDE.HERZOG@sakilacustomer.org', 534, 1, '2006-02-14 22:04:37', '2006-02-15 04:57:20');
insert into sakila.customer (customer_id, store_id, first_name, last_name, email, address_id, active, create_date, last_update) values (529, 2, 'ERIK', 'GUILLEN', 'ERIK.GUILLEN@sakilacustomer.org', 535, 1, '2006-02-14 22:04:37', '2006-02-15 04:57:20');
insert into sakila.customer (customer_id, store_id, first_name, last_name, email, address_id, active, create_date, last_update) values (530, 2, 'DARRYL', 'ASHCRAFT', 'DARRYL.ASHCRAFT@sakilacustomer.org', 536, 1, '2006-02-14 22:04:37', '2006-02-15 04:57:20');
insert into sakila.customer (customer_id, store_id, first_name, last_name, email, address_id, active, create_date, last_update) values (531, 2, 'JAMIE', 'WAUGH', 'JAMIE.WAUGH@sakilacustomer.org', 537, 1, '2006-02-14 22:04:37', '2006-02-15 04:57:20');
insert into sakila.customer (customer_id, store_id, first_name, last_name, email, address_id, active, create_date, last_update) values (532, 2, 'NEIL', 'RENNER', 'NEIL.RENNER@sakilacustomer.org', 538, 1, '2006-02-14 22:04:37', '2006-02-15 04:57:20');
insert into sakila.customer (customer_id, store_id, first_name, last_name, email, address_id, active, create_date, last_update) values (533, 1, 'JESSIE', 'MILAM', 'JESSIE.MILAM@sakilacustomer.org', 539, 1, '2006-02-14 22:04:37', '2006-02-15 04:57:20');
insert into sakila.customer (customer_id, store_id, first_name, last_name, email, address_id, active, create_date, last_update) values (534, 1, 'CHRISTIAN', 'JUNG', 'CHRISTIAN.JUNG@sakilacustomer.org', 540, 0, '2006-02-14 22:04:37', '2006-02-15 04:57:20');
insert into sakila.customer (customer_id, store_id, first_name, last_name, email, address_id, active, create_date, last_update) values (535, 1, 'JAVIER', 'ELROD', 'JAVIER.ELROD@sakilacustomer.org', 541, 1, '2006-02-14 22:04:37', '2006-02-15 04:57:20');
insert into sakila.customer (customer_id, store_id, first_name, last_name, email, address_id, active, create_date, last_update) values (536, 2, 'FERNANDO', 'CHURCHILL', 'FERNANDO.CHURCHILL@sakilacustomer.org', 542, 1, '2006-02-14 22:04:37', '2006-02-15 04:57:20');
insert into sakila.customer (customer_id, store_id, first_name, last_name, email, address_id, active, create_date, last_update) values (537, 2, 'CLINTON', 'BUFORD', 'CLINTON.BUFORD@sakilacustomer.org', 543, 1, '2006-02-14 22:04:37', '2006-02-15 04:57:20');
insert into sakila.customer (customer_id, store_id, first_name, last_name, email, address_id, active, create_date, last_update) values (538, 2, 'TED', 'BREAUX', 'TED.BREAUX@sakilacustomer.org', 544, 1, '2006-02-14 22:04:37', '2006-02-15 04:57:20');
insert into sakila.customer (customer_id, store_id, first_name, last_name, email, address_id, active, create_date, last_update) values (540, 1, 'TYRONE', 'ASHER', 'TYRONE.ASHER@sakilacustomer.org', 546, 1, '2006-02-14 22:04:37', '2006-02-15 04:57:20');
insert into sakila.customer (customer_id, store_id, first_name, last_name, email, address_id, active, create_date, last_update) values (541, 2, 'DARREN', 'WINDHAM', 'DARREN.WINDHAM@sakilacustomer.org', 547, 1, '2006-02-14 22:04:37', '2006-02-15 04:57:20');
insert into sakila.customer (customer_id, store_id, first_name, last_name, email, address_id, active, create_date, last_update) values (542, 2, 'LONNIE', 'TIRADO', 'LONNIE.TIRADO@sakilacustomer.org', 548, 1, '2006-02-14 22:04:37', '2006-02-15 04:57:20');
insert into sakila.customer (customer_id, store_id, first_name, last_name, email, address_id, active, create_date, last_update) values (543, 1, 'LANCE', 'PEMBERTON', 'LANCE.PEMBERTON@sakilacustomer.org', 549, 1, '2006-02-14 22:04:37', '2006-02-15 04:57:20');
insert into sakila.customer (customer_id, store_id, first_name, last_name, email, address_id, active, create_date, last_update) values (547, 1, 'KURT', 'EMMONS', 'KURT.EMMONS@sakilacustomer.org', 553, 1, '2006-02-14 22:04:37', '2006-02-15 04:57:20');
insert into sakila.customer (customer_id, store_id, first_name, last_name, email, address_id, active, create_date, last_update) values (548, 1, 'ALLAN', 'CORNISH', 'ALLAN.CORNISH@sakilacustomer.org', 554, 1, '2006-02-14 22:04:37', '2006-02-15 04:57:20');
insert into sakila.customer (customer_id, store_id, first_name, last_name, email, address_id, active, create_date, last_update) values (550, 2, 'GUY', 'BROWNLEE', 'GUY.BROWNLEE@sakilacustomer.org', 556, 1, '2006-02-14 22:04:37', '2006-02-15 04:57:20');
insert into sakila.customer (customer_id, store_id, first_name, last_name, email, address_id, active, create_date, last_update) values (551, 2, 'CLAYTON', 'BARBEE', 'CLAYTON.BARBEE@sakilacustomer.org', 557, 1, '2006-02-14 22:04:37', '2006-02-15 04:57:20');
insert into sakila.customer (customer_id, store_id, first_name, last_name, email, address_id, active, create_date, last_update) values (552, 2, 'HUGH', 'WALDROP', 'HUGH.WALDROP@sakilacustomer.org', 558, 1, '2006-02-14 22:04:37', '2006-02-15 04:57:20');
insert into sakila.customer (customer_id, store_id, first_name, last_name, email, address_id, active, create_date, last_update) values (553, 1, 'MAX', 'PITT', 'MAX.PITT@sakilacustomer.org', 559, 1, '2006-02-14 22:04:37', '2006-02-15 04:57:20');
insert into sakila.customer (customer_id, store_id, first_name, last_name, email, address_id, active, create_date, last_update) values (554, 1, 'DWAYNE', 'OLVERA', 'DWAYNE.OLVERA@sakilacustomer.org', 560, 1, '2006-02-14 22:04:37', '2006-02-15 04:57:20');
insert into sakila.customer (customer_id, store_id, first_name, last_name, email, address_id, active, create_date, last_update) values (556, 2, 'ARMANDO', 'GRUBER', 'ARMANDO.GRUBER@sakilacustomer.org', 562, 1, '2006-02-14 22:04:37', '2006-02-15 04:57:20');
insert into sakila.customer (customer_id, store_id, first_name, last_name, email, address_id, active, create_date, last_update) values (557, 1, 'FELIX', 'GAFFNEY', 'FELIX.GAFFNEY@sakilacustomer.org', 563, 1, '2006-02-14 22:04:37', '2006-02-15 04:57:20');
insert into sakila.customer (customer_id, store_id, first_name, last_name, email, address_id, active, create_date, last_update) values (558, 1, 'JIMMIE', 'EGGLESTON', 'JIMMIE.EGGLESTON@sakilacustomer.org', 564, 0, '2006-02-14 22:04:37', '2006-02-15 04:57:20');
insert into sakila.customer (customer_id, store_id, first_name, last_name, email, address_id, active, create_date, last_update) values (559, 2, 'EVERETT', 'BANDA', 'EVERETT.BANDA@sakilacustomer.org', 565, 1, '2006-02-14 22:04:37', '2006-02-15 04:57:20');
insert into sakila.customer (customer_id, store_id, first_name, last_name, email, address_id, active, create_date, last_update) values (560, 1, 'JORDAN', 'ARCHULETA', 'JORDAN.ARCHULETA@sakilacustomer.org', 566, 1, '2006-02-14 22:04:37', '2006-02-15 04:57:20');
insert into sakila.customer (customer_id, store_id, first_name, last_name, email, address_id, active, create_date, last_update) values (561, 2, 'IAN', 'STILL', 'IAN.STILL@sakilacustomer.org', 567, 1, '2006-02-14 22:04:37', '2006-02-15 04:57:20');
insert into sakila.customer (customer_id, store_id, first_name, last_name, email, address_id, active, create_date, last_update) values (562, 1, 'WALLACE', 'SLONE', 'WALLACE.SLONE@sakilacustomer.org', 568, 1, '2006-02-14 22:04:37', '2006-02-15 04:57:20');
insert into sakila.customer (customer_id, store_id, first_name, last_name, email, address_id, active, create_date, last_update) values (563, 2, 'KEN', 'PREWITT', 'KEN.PREWITT@sakilacustomer.org', 569, 1, '2006-02-14 22:04:37', '2006-02-15 04:57:20');
insert into sakila.customer (customer_id, store_id, first_name, last_name, email, address_id, active, create_date, last_update) values (565, 2, 'JAIME', 'NETTLES', 'JAIME.NETTLES@sakilacustomer.org', 571, 1, '2006-02-14 22:04:37', '2006-02-15 04:57:20');
insert into sakila.customer (customer_id, store_id, first_name, last_name, email, address_id, active, create_date, last_update) values (567, 2, 'ALFREDO', 'MCADAMS', 'ALFREDO.MCADAMS@sakilacustomer.org', 573, 1, '2006-02-14 22:04:37', '2006-02-15 04:57:20');
insert into sakila.customer (customer_id, store_id, first_name, last_name, email, address_id, active, create_date, last_update) values (569, 2, 'DAVE', 'GARDINER', 'DAVE.GARDINER@sakilacustomer.org', 575, 1, '2006-02-14 22:04:37', '2006-02-15 04:57:20');
insert into sakila.customer (customer_id, store_id, first_name, last_name, email, address_id, active, create_date, last_update) values (571, 2, 'JOHNNIE', 'CHISHOLM', 'JOHNNIE.CHISHOLM@sakilacustomer.org', 577, 1, '2006-02-14 22:04:37', '2006-02-15 04:57:20');
insert into sakila.customer (customer_id, store_id, first_name, last_name, email, address_id, active, create_date, last_update) values (572, 1, 'SIDNEY', 'BURLESON', 'SIDNEY.BURLESON@sakilacustomer.org', 578, 1, '2006-02-14 22:04:37', '2006-02-15 04:57:20');
insert into sakila.customer (customer_id, store_id, first_name, last_name, email, address_id, active, create_date, last_update) values (573, 1, 'BYRON', 'BOX', 'BYRON.BOX@sakilacustomer.org', 579, 1, '2006-02-14 22:04:37', '2006-02-15 04:57:20');
insert into sakila.customer (customer_id, store_id, first_name, last_name, email, address_id, active, create_date, last_update) values (574, 2, 'JULIAN', 'VEST', 'JULIAN.VEST@sakilacustomer.org', 580, 1, '2006-02-14 22:04:37', '2006-02-15 04:57:20');
insert into sakila.customer (customer_id, store_id, first_name, last_name, email, address_id, active, create_date, last_update) values (575, 2, 'ISAAC', 'OGLESBY', 'ISAAC.OGLESBY@sakilacustomer.org', 581, 1, '2006-02-14 22:04:37', '2006-02-15 04:57:20');
insert into sakila.customer (customer_id, store_id, first_name, last_name, email, address_id, active, create_date, last_update) values (576, 2, 'MORRIS', 'MCCARTER', 'MORRIS.MCCARTER@sakilacustomer.org', 582, 1, '2006-02-14 22:04:37', '2006-02-15 04:57:20');
insert into sakila.customer (customer_id, store_id, first_name, last_name, email, address_id, active, create_date, last_update) values (577, 2, 'CLIFTON', 'MALCOLM', 'CLIFTON.MALCOLM@sakilacustomer.org', 583, 1, '2006-02-14 22:04:37', '2006-02-15 04:57:20');
insert into sakila.customer (customer_id, store_id, first_name, last_name, email, address_id, active, create_date, last_update) values (578, 2, 'WILLARD', 'LUMPKIN', 'WILLARD.LUMPKIN@sakilacustomer.org', 584, 1, '2006-02-14 22:04:37', '2006-02-15 04:57:20');
insert into sakila.customer (customer_id, store_id, first_name, last_name, email, address_id, active, create_date, last_update) values (579, 2, 'DARYL', 'LARUE', 'DARYL.LARUE@sakilacustomer.org', 585, 1, '2006-02-14 22:04:37', '2006-02-15 04:57:20');
insert into sakila.customer (customer_id, store_id, first_name, last_name, email, address_id, active, create_date, last_update) values (580, 1, 'ROSS', 'GREY', 'ROSS.GREY@sakilacustomer.org', 586, 1, '2006-02-14 22:04:37', '2006-02-15 04:57:20');
insert into sakila.customer (customer_id, store_id, first_name, last_name, email, address_id, active, create_date, last_update) values (581, 1, 'VIRGIL', 'WOFFORD', 'VIRGIL.WOFFORD@sakilacustomer.org', 587, 1, '2006-02-14 22:04:37', '2006-02-15 04:57:20');
insert into sakila.customer (customer_id, store_id, first_name, last_name, email, address_id, active, create_date, last_update) values (584, 2, 'SALVADOR', 'TEEL', 'SALVADOR.TEEL@sakilacustomer.org', 590, 1, '2006-02-14 22:04:37', '2006-02-15 04:57:20');
insert into sakila.customer (customer_id, store_id, first_name, last_name, email, address_id, active, create_date, last_update) values (586, 1, 'KIRK', 'STCLAIR', 'KIRK.STCLAIR@sakilacustomer.org', 592, 1, '2006-02-14 22:04:37', '2006-02-15 04:57:20');
insert into sakila.customer (customer_id, store_id, first_name, last_name, email, address_id, active, create_date, last_update) values (587, 1, 'SERGIO', 'STANFIELD', 'SERGIO.STANFIELD@sakilacustomer.org', 593, 1, '2006-02-14 22:04:37', '2006-02-15 04:57:20');
insert into sakila.customer (customer_id, store_id, first_name, last_name, email, address_id, active, create_date, last_update) values (588, 1, 'MARION', 'OCAMPO', 'MARION.OCAMPO@sakilacustomer.org', 594, 1, '2006-02-14 22:04:37', '2006-02-15 04:57:20');
insert into sakila.customer (customer_id, store_id, first_name, last_name, email, address_id, active, create_date, last_update) values (589, 1, 'TRACY', 'HERRMANN', 'TRACY.HERRMANN@sakilacustomer.org', 595, 1, '2006-02-14 22:04:37', '2006-02-15 04:57:20');
insert into sakila.customer (customer_id, store_id, first_name, last_name, email, address_id, active, create_date, last_update) values (590, 2, 'SETH', 'HANNON', 'SETH.HANNON@sakilacustomer.org', 596, 1, '2006-02-14 22:04:37', '2006-02-15 04:57:20');
insert into sakila.customer (customer_id, store_id, first_name, last_name, email, address_id, active, create_date, last_update) values (593, 2, 'RENE', 'MCALISTER', 'RENE.MCALISTER@sakilacustomer.org', 599, 1, '2006-02-14 22:04:37', '2006-02-15 04:57:20');
insert into sakila.customer (customer_id, store_id, first_name, last_name, email, address_id, active, create_date, last_update) values (594, 1, 'EDUARDO', 'HIATT', 'EDUARDO.HIATT@sakilacustomer.org', 600, 1, '2006-02-14 22:04:37', '2006-02-15 04:57:20');
insert into sakila.customer (customer_id, store_id, first_name, last_name, email, address_id, active, create_date, last_update) values (595, 1, 'TERRENCE', 'GUNDERSON', 'TERRENCE.GUNDERSON@sakilacustomer.org', 601, 1, '2006-02-14 22:04:37', '2006-02-15 04:57:20');
insert into sakila.customer (customer_id, store_id, first_name, last_name, email, address_id, active, create_date, last_update) values (597, 1, 'FREDDIE', 'DUGGAN', 'FREDDIE.DUGGAN@sakilacustomer.org', 603, 1, '2006-02-14 22:04:37', '2006-02-15 04:57:20');
insert into sakila.customer (customer_id, store_id, first_name, last_name, email, address_id, active, create_date, last_update) values (598, 1, 'WADE', 'DELVALLE', 'WADE.DELVALLE@sakilacustomer.org', 604, 1, '2006-02-14 22:04:37', '2006-02-15 04:57:20');

SET REFERENTIAL_INTEGRITY TRUE;